2026-09-26 17:52:02,993 [INFO] utils: Random seeds set to 42
2026-09-26 17:52:02,993 [INFO] __main__: Using device: cpu
2026-09-26 17:52:02,993 [INFO] __main__: Experiment arguments: {'data_dir': 'data_nftoniot', 'input_file': None, 'dataset': 'cic_ton_iot', 'num_clients': 5, 'num_rounds': 15, 'detector_types': ['temporal', 'content', 'behavioral'], 'device': 'auto', 'output_dir': 'results_nftoniot', 'seed': 42, 'log_level': 'INFO', 'demo_mode': False, 'preprocess': False, 'community': 'leiden', 'pure_fedavg': False}
2026-09-26 17:52:02,994 [INFO] __main__: === DEMONSTRATING COMMUNITY ABSTRACTION ===
2026-09-26 17:52:02,994 [INFO] __main__: Demonstrating community detection on temporal detector data
2026-09-26 17:52:03,458 [INFO] community_leiden: Detecting communities using Leiden algorithm...
2026-09-26 17:52:03,463 [INFO] community_leiden: Detected 5 communities using Leiden
2026-09-26 17:52:03,526 [INFO] community_detection: Enhanced 1000 flows with community features
2026-09-26 17:52:03,526 [INFO] __main__: Found 5 communities in sample data
2026-09-26 17:52:03,568 [INFO] __main__: Community sizes: {0: np.int64(25), 1: np.int64(23), 2: np.int64(17), 3: np.int64(3), 4: np.int64(2)}
2026-09-26 17:52:03,568 [INFO] __main__: === COMMUNITY ABSTRACTION DEMONSTRATION COMPLETE ===
2026-09-26 17:52:03,568 [INFO] __main__: Starting FedGATSage federated learning experiment
2026-09-26 17:52:03,568 [INFO] utils: Experiment tracker initialized: fedgatsage_cic_ton_iot_5clients_15rounds
2026-09-26 17:52:03,568 [INFO] utils: Experiment 'fedgatsage_cic_ton_iot_5clients_15rounds' started
2026-09-26 17:52:03,581 [INFO] utils: Dataset info loaded: 3 detector types found
2026-09-26 17:52:03,582 [INFO] __main__: Dataset info: {'detector_types': ['temporal', 'content', 'behavioral'], 'client_counts': {'temporal': 5, 'content': 5, 'behavioral': 5}, 'attack_distributions': {'temporal': {'scanning': 163, 'password': 160, 'injection': 156, 'xss': 154, 'Benign': 147, 'backdoor': 145, 'ddos': 138, 'dos': 135, 'mitm': 131, 'ransomware': 15}, 'content': {'scanning': 163, 'password': 160, 'injection': 156, 'xss': 154, 'Benign': 147, 'backdoor': 145, 'ddos': 138, 'dos': 135, 'mitm': 131, 'ransomware': 15}, 'behavioral': {'scanning': 163, 'password': 160, 'injection': 156, 'xss': 154, 'Benign': 147, 'backdoor': 145, 'ddos': 138, 'dos': 135, 'mitm': 131, 'ransomware': 15}}}
2026-09-26 17:52:07,847 [INFO] __main__: Logged 11 preprocessing parameters to Comet ML from data_nftoniot/preprocess_config.json
2026-09-26 17:52:07,847 [INFO] federated_learning: Initialized FedGATSage with 3 detector types
2026-09-26 17:52:07,852 [INFO] federated_learning: Loaded 2150 records for client 1
2026-09-26 17:52:07,853 [INFO] federated_learning: Loaded pre-computed global label mapper with 10 classes from data_nftoniot/label_mapper.json
2026-09-26 17:52:07,868 [INFO] feature_engineering: Engineered 11 new features for temporal detection
2026-09-26 17:52:07,868 [INFO] feature_engineering: Calculating centrality features dynamically (Ignoring any dataset pre-computations)...
2026-09-26 17:52:07,872 [INFO] feature_engineering: Calculating Degree Centrality for 95 nodes...
2026-09-26 17:52:07,872 [INFO] feature_engineering: Calculating PageRank...
2026-09-26 17:52:07,886 [INFO] feature_engineering: Calculating K-Core...
2026-09-26 17:52:07,887 [INFO] feature_engineering: Calculating Eigenvector Centrality...
2026-09-26 17:52:07,892 [INFO] feature_engineering: Calculating Approximated Betweenness Centrality (k=50)...
2026-09-26 17:52:07,912 [INFO] feature_engineering: Dynamically calculated 10 centrality features for 2150 rows in 0.04 seconds.
2026-09-26 17:52:08,022 [INFO] community_leiden: Detecting communities using Leiden algorithm...
2026-09-26 17:52:08,029 [INFO] community_leiden: Detected 4 communities using Leiden
2026-09-26 17:52:08,131 [INFO] community_detection: Enhanced 2150 flows with community features
2026-09-26 17:52:08,515 [INFO] __main__: Model configuration: input_dim=12, num_classes=10
2026-09-26 17:52:08,843 [INFO] federated_learning: Loaded 2150 records for client 1
2026-09-26 17:52:08,843 [INFO] federated_learning: Loaded pre-computed global label mapper with 10 classes from data_nftoniot/label_mapper.json
2026-09-26 17:52:08,857 [INFO] feature_engineering: Engineered 11 new features for temporal detection
2026-09-26 17:52:08,857 [INFO] feature_engineering: Calculating centrality features dynamically (Ignoring any dataset pre-computations)...
2026-09-26 17:52:08,861 [INFO] feature_engineering: Calculating Degree Centrality for 95 nodes...
2026-09-26 17:52:08,861 [INFO] feature_engineering: Calculating PageRank...
2026-09-26 17:52:08,866 [INFO] feature_engineering: Calculating K-Core...
2026-09-26 17:52:08,867 [INFO] feature_engineering: Calculating Eigenvector Centrality...
2026-09-26 17:52:08,872 [INFO] feature_engineering: Calculating Approximated Betweenness Centrality (k=50)...
2026-09-26 17:52:08,891 [INFO] feature_engineering: Dynamically calculated 10 centrality features for 2150 rows in 0.03 seconds.
2026-09-26 17:52:08,999 [INFO] community_leiden: Detecting communities using Leiden algorithm...
2026-09-26 17:52:09,006 [INFO] community_leiden: Detected 4 communities using Leiden
2026-09-26 17:52:09,103 [INFO] community_detection: Enhanced 2150 flows with community features
2026-09-26 17:52:09,406 [INFO] federated_learning: Generating embeddings for 95 nodes, 2150 edges
2026-09-26 17:52:09,644 [INFO] federated_learning: Generated 1942 flow embeddings
2026-09-26 17:52:09,718 [INFO] federated_learning: Initialized global models with flow embedding dim: 1024
2026-09-26 17:52:09,719 [INFO] federated_learning: Starting federated training for 15 rounds
2026-09-26 17:52:09,719 [INFO] federated_learning: Starting round 1/15 (Total System Steps: 225)
2026-09-26 17:52:09,719 [INFO] federated_learning:   -> Processing Temporal Detector...
2026-09-26 17:52:09,720 [INFO] federated_learning:     -> [0.4%] Step 1/225 | Running Client 1/5 for temporal detector...
2026-09-26 17:52:09,725 [INFO] federated_learning: Loaded 2150 records for client 1
2026-09-26 17:52:09,739 [INFO] feature_engineering: Engineered 22 new features for temporal detection
2026-09-26 17:52:09,739 [INFO] feature_engineering: Calculating centrality features dynamically (Ignoring any dataset pre-computations)...
2026-09-26 17:52:09,742 [INFO] feature_engineering: Calculating Degree Centrality for 95 nodes...
2026-09-26 17:52:09,743 [INFO] feature_engineering: Calculating PageRank...
2026-09-26 17:52:09,748 [INFO] feature_engineering: Calculating K-Core...
2026-09-26 17:52:09,748 [INFO] feature_engineering: Calculating Eigenvector Centrality...
2026-09-26 17:52:09,753 [INFO] feature_engineering: Calculating Approximated Betweenness Centrality (k=50)...
2026-09-26 17:52:09,772 [INFO] feature_engineering: Dynamically calculated 10 centrality features for 2150 rows in 0.03 seconds.
2026-09-26 17:52:09,880 [INFO] community_leiden: Detecting communities using Leiden algorithm...
2026-09-26 17:52:09,887 [INFO] community_leiden: Detected 4 communities using Leiden
2026-09-26 17:52:09,985 [INFO] community_detection: Enhanced 2150 flows with community features
2026-09-26 17:52:10,914 [INFO] federated_learning: Generating embeddings for 95 nodes, 2150 edges
2026-09-26 17:52:11,043 [INFO] federated_learning: Generated 1942 flow embeddings
2026-09-26 17:52:11,044 [INFO] federated_learning:     -> [0.9%] Step 2/225 | Running Client 2/5 for temporal detector...
2026-09-26 17:52:11,049 [INFO] federated_learning: Loaded 2150 records for client 2
2026-09-26 17:52:11,066 [INFO] feature_engineering: Engineered 33 new features for temporal detection
2026-09-26 17:52:11,067 [INFO] feature_engineering: Calculating centrality features dynamically (Ignoring any dataset pre-computations)...
2026-09-26 17:52:11,071 [INFO] feature_engineering: Calculating Degree Centrality for 111 nodes...
2026-09-26 17:52:11,071 [INFO] feature_engineering: Calculating PageRank...
2026-09-26 17:52:11,076 [INFO] feature_engineering: Calculating K-Core...
2026-09-26 17:52:11,077 [INFO] feature_engineering: Calculating Eigenvector Centrality...
2026-09-26 17:52:11,083 [INFO] feature_engineering: Calculating Approximated Betweenness Centrality (k=50)...
2026-09-26 17:52:11,105 [INFO] feature_engineering: Dynamically calculated 10 centrality features for 2150 rows in 0.04 seconds.
2026-09-26 17:52:11,220 [INFO] community_leiden: Detecting communities using Leiden algorithm...
2026-09-26 17:52:11,227 [INFO] community_leiden: Detected 5 communities using Leiden
2026-09-26 17:52:11,355 [INFO] community_detection: Enhanced 2150 flows with community features
2026-09-26 17:52:12,260 [INFO] federated_learning: Generating embeddings for 111 nodes, 2150 edges
2026-09-26 17:52:12,388 [INFO] federated_learning: Generated 1964 flow embeddings
2026-09-26 17:52:12,389 [INFO] federated_learning:     -> [1.3%] Step 3/225 | Running Client 3/5 for temporal detector...
2026-09-26 17:52:12,394 [INFO] federated_learning: Loaded 2150 records for client 3
2026-09-26 17:52:12,408 [INFO] feature_engineering: Engineered 44 new features for temporal detection
2026-09-26 17:52:12,408 [INFO] feature_engineering: Calculating centrality features dynamically (Ignoring any dataset pre-computations)...
2026-09-26 17:52:12,412 [INFO] feature_engineering: Calculating Degree Centrality for 106 nodes...
2026-09-26 17:52:12,412 [INFO] feature_engineering: Calculating PageRank...
2026-09-26 17:52:12,417 [INFO] feature_engineering: Calculating K-Core...
2026-09-26 17:52:12,418 [INFO] feature_engineering: Calculating Eigenvector Centrality...
2026-09-26 17:52:12,423 [INFO] feature_engineering: Calculating Approximated Betweenness Centrality (k=50)...
2026-09-26 17:52:12,443 [INFO] feature_engineering: Dynamically calculated 10 centrality features for 2150 rows in 0.03 seconds.
2026-09-26 17:52:12,554 [INFO] community_leiden: Detecting communities using Leiden algorithm...
2026-09-26 17:52:12,561 [INFO] community_leiden: Detected 6 communities using Leiden
2026-09-26 17:52:12,680 [INFO] community_detection: Enhanced 2150 flows with community features
2026-09-26 17:52:13,573 [INFO] federated_learning: Generating embeddings for 106 nodes, 2150 edges
2026-09-26 17:52:13,707 [INFO] federated_learning: Generated 1927 flow embeddings
2026-09-26 17:52:13,708 [INFO] federated_learning:     -> [1.8%] Step 4/225 | Running Client 4/5 for temporal detector...
2026-09-26 17:52:13,713 [INFO] federated_learning: Loaded 2150 records for client 4
2026-09-26 17:52:13,731 [INFO] feature_engineering: Engineered 55 new features for temporal detection
2026-09-26 17:52:13,731 [INFO] feature_engineering: Calculating centrality features dynamically (Ignoring any dataset pre-computations)...
2026-09-26 17:52:13,736 [INFO] feature_engineering: Calculating Degree Centrality for 105 nodes...
2026-09-26 17:52:13,736 [INFO] feature_engineering: Calculating PageRank...
2026-09-26 17:52:13,745 [INFO] feature_engineering: Calculating K-Core...
2026-09-26 17:52:13,746 [INFO] feature_engineering: Calculating Eigenvector Centrality...
2026-09-26 17:52:13,752 [INFO] feature_engineering: Calculating Approximated Betweenness Centrality (k=50)...
2026-09-26 17:52:13,772 [INFO] feature_engineering: Dynamically calculated 10 centrality features for 2150 rows in 0.04 seconds.
2026-09-26 17:52:13,888 [INFO] community_leiden: Detecting communities using Leiden algorithm...
2026-09-26 17:52:13,896 [INFO] community_leiden: Detected 5 communities using Leiden
2026-09-26 17:52:14,013 [INFO] community_detection: Enhanced 2150 flows with community features
2026-09-26 17:52:14,950 [INFO] federated_learning: Generating embeddings for 105 nodes, 2150 edges
2026-09-26 17:52:15,104 [INFO] federated_learning: Generated 1957 flow embeddings
2026-09-26 17:52:15,104 [INFO] federated_learning:     -> [2.2%] Step 5/225 | Running Client 5/5 for temporal detector...
2026-09-26 17:52:15,110 [INFO] federated_learning: Loaded 2150 records for client 5
2026-09-26 17:52:15,124 [INFO] feature_engineering: Engineered 66 new features for temporal detection
2026-09-26 17:52:15,125 [INFO] feature_engineering: Calculating centrality features dynamically (Ignoring any dataset pre-computations)...
2026-09-26 17:52:15,128 [INFO] feature_engineering: Calculating Degree Centrality for 102 nodes...
2026-09-26 17:52:15,129 [INFO] feature_engineering: Calculating PageRank...
2026-09-26 17:52:15,133 [INFO] feature_engineering: Calculating K-Core...
2026-09-26 17:52:15,134 [INFO] feature_engineering: Calculating Eigenvector Centrality...
2026-09-26 17:52:15,139 [INFO] feature_engineering: Calculating Approximated Betweenness Centrality (k=50)...
2026-09-26 17:52:15,160 [INFO] feature_engineering: Dynamically calculated 10 centrality features for 2150 rows in 0.03 seconds.
2026-09-26 17:52:15,265 [INFO] community_leiden: Detecting communities using Leiden algorithm...
2026-09-26 17:52:15,272 [INFO] community_leiden: Detected 5 communities using Leiden
2026-09-26 17:52:15,385 [INFO] community_detection: Enhanced 2150 flows with community features
2026-09-26 17:52:16,270 [INFO] federated_learning: Generating embeddings for 102 nodes, 2150 edges
2026-09-26 17:52:16,674 [INFO] federated_learning: Generated 1950 flow embeddings
2026-09-26 17:52:45,801 [INFO] federated_learning:   -> Processing Content Detector...
2026-09-26 17:52:45,802 [INFO] federated_learning:     -> [2.7%] Step 6/225 | Running Client 1/5 for content detector...
2026-09-26 17:52:45,811 [INFO] federated_learning: Loaded 2150 records for client 1
2026-09-26 17:52:45,811 [INFO] federated_learning: Loaded pre-computed global label mapper with 10 classes from data_nftoniot/label_mapper.json
2026-09-26 17:52:45,830 [INFO] feature_engineering: Engineered 9 new features for content detection
2026-09-26 17:52:45,830 [INFO] feature_engineering: Calculating centrality features dynamically (Ignoring any dataset pre-computations)...
2026-09-26 17:52:45,834 [INFO] feature_engineering: Calculating Degree Centrality for 95 nodes...
2026-09-26 17:52:45,834 [INFO] feature_engineering: Calculating PageRank...
2026-09-26 17:52:45,839 [INFO] feature_engineering: Calculating K-Core...
2026-09-26 17:52:45,839 [INFO] feature_engineering: Calculating Eigenvector Centrality...
2026-09-26 17:52:45,844 [INFO] feature_engineering: Calculating Approximated Betweenness Centrality (k=50)...
2026-09-26 17:52:45,864 [INFO] feature_engineering: Dynamically calculated 10 centrality features for 2150 rows in 0.03 seconds.
2026-09-26 17:52:45,971 [INFO] community_leiden: Detecting communities using Leiden algorithm...
2026-09-26 17:52:45,977 [INFO] community_leiden: Detected 4 communities using Leiden
2026-09-26 17:52:46,081 [INFO] community_detection: Enhanced 2150 flows with community features
2026-09-26 17:52:47,225 [INFO] federated_learning: Generating embeddings for 95 nodes, 2150 edges
2026-09-26 17:52:47,367 [INFO] federated_learning: Generated 1942 flow embeddings
2026-09-26 17:52:47,368 [INFO] federated_learning:     -> [3.1%] Step 7/225 | Running Client 2/5 for content detector...
2026-09-26 17:52:47,373 [INFO] federated_learning: Loaded 2150 records for client 2
2026-09-26 17:52:47,387 [INFO] feature_engineering: Engineered 18 new features for content detection
2026-09-26 17:52:47,388 [INFO] feature_engineering: Calculating centrality features dynamically (Ignoring any dataset pre-computations)...
2026-09-26 17:52:47,391 [INFO] feature_engineering: Calculating Degree Centrality for 111 nodes...
2026-09-26 17:52:47,391 [INFO] feature_engineering: Calculating PageRank...
2026-09-26 17:52:47,396 [INFO] feature_engineering: Calculating K-Core...
2026-09-26 17:52:47,397 [INFO] feature_engineering: Calculating Eigenvector Centrality...
2026-09-26 17:52:47,403 [INFO] feature_engineering: Calculating Approximated Betweenness Centrality (k=50)...
2026-09-26 17:52:47,423 [INFO] feature_engineering: Dynamically calculated 10 centrality features for 2150 rows in 0.03 seconds.
2026-09-26 17:52:47,533 [INFO] community_leiden: Detecting communities using Leiden algorithm...
2026-09-26 17:52:47,541 [INFO] community_leiden: Detected 5 communities using Leiden
2026-09-26 17:52:47,670 [INFO] community_detection: Enhanced 2150 flows with community features
2026-09-26 17:52:48,824 [INFO] federated_learning: Generating embeddings for 111 nodes, 2150 edges
2026-09-26 17:52:48,965 [INFO] federated_learning: Generated 1964 flow embeddings
2026-09-26 17:52:48,965 [INFO] federated_learning:     -> [3.6%] Step 8/225 | Running Client 3/5 for content detector...
2026-09-26 17:52:48,971 [INFO] federated_learning: Loaded 2150 records for client 3
2026-09-26 17:52:48,983 [INFO] feature_engineering: Engineered 27 new features for content detection
2026-09-26 17:52:48,983 [INFO] feature_engineering: Calculating centrality features dynamically (Ignoring any dataset pre-computations)...
2026-09-26 17:52:48,987 [INFO] feature_engineering: Calculating Degree Centrality for 106 nodes...
2026-09-26 17:52:48,987 [INFO] feature_engineering: Calculating PageRank...
2026-09-26 17:52:48,992 [INFO] feature_engineering: Calculating K-Core...
2026-09-26 17:52:48,993 [INFO] feature_engineering: Calculating Eigenvector Centrality...
2026-09-26 17:52:48,998 [INFO] feature_engineering: Calculating Approximated Betweenness Centrality (k=50)...
2026-09-26 17:52:49,019 [INFO] feature_engineering: Dynamically calculated 10 centrality features for 2150 rows in 0.04 seconds.
2026-09-26 17:52:49,127 [INFO] community_leiden: Detecting communities using Leiden algorithm...
2026-09-26 17:52:49,134 [INFO] community_leiden: Detected 6 communities using Leiden
2026-09-26 17:52:49,254 [INFO] community_detection: Enhanced 2150 flows with community features
2026-09-26 17:52:50,399 [INFO] federated_learning: Generating embeddings for 106 nodes, 2150 edges
2026-09-26 17:52:50,541 [INFO] federated_learning: Generated 1927 flow embeddings
2026-09-26 17:52:50,542 [INFO] federated_learning:     -> [4.0%] Step 9/225 | Running Client 4/5 for content detector...
2026-09-26 17:52:50,548 [INFO] federated_learning: Loaded 2150 records for client 4
2026-09-26 17:52:50,559 [INFO] feature_engineering: Engineered 36 new features for content detection
2026-09-26 17:52:50,559 [INFO] feature_engineering: Calculating centrality features dynamically (Ignoring any dataset pre-computations)...
2026-09-26 17:52:50,562 [INFO] feature_engineering: Calculating Degree Centrality for 105 nodes...
2026-09-26 17:52:50,563 [INFO] feature_engineering: Calculating PageRank...
2026-09-26 17:52:50,568 [INFO] feature_engineering: Calculating K-Core...
2026-09-26 17:52:50,568 [INFO] feature_engineering: Calculating Eigenvector Centrality...
2026-09-26 17:52:50,574 [INFO] feature_engineering: Calculating Approximated Betweenness Centrality (k=50)...
2026-09-26 17:52:50,594 [INFO] feature_engineering: Dynamically calculated 10 centrality features for 2150 rows in 0.03 seconds.
2026-09-26 17:52:50,700 [INFO] community_leiden: Detecting communities using Leiden algorithm...
2026-09-26 17:52:50,707 [INFO] community_leiden: Detected 5 communities using Leiden
2026-09-26 17:52:50,822 [INFO] community_detection: Enhanced 2150 flows with community features
2026-09-26 17:52:51,988 [INFO] federated_learning: Generating embeddings for 105 nodes, 2150 edges
2026-09-26 17:52:52,133 [INFO] federated_learning: Generated 1957 flow embeddings
2026-09-26 17:52:52,133 [INFO] federated_learning:     -> [4.4%] Step 10/225 | Running Client 5/5 for content detector...
2026-09-26 17:52:52,138 [INFO] federated_learning: Loaded 2150 records for client 5
2026-09-26 17:52:52,150 [INFO] feature_engineering: Engineered 45 new features for content detection
2026-09-26 17:52:52,150 [INFO] feature_engineering: Calculating centrality features dynamically (Ignoring any dataset pre-computations)...
2026-09-26 17:52:52,154 [INFO] feature_engineering: Calculating Degree Centrality for 102 nodes...
2026-09-26 17:52:52,154 [INFO] feature_engineering: Calculating PageRank...
2026-09-26 17:52:52,159 [INFO] feature_engineering: Calculating K-Core...
2026-09-26 17:52:52,160 [INFO] feature_engineering: Calculating Eigenvector Centrality...
2026-09-26 17:52:52,165 [INFO] feature_engineering: Calculating Approximated Betweenness Centrality (k=50)...
2026-09-26 17:52:52,184 [INFO] feature_engineering: Dynamically calculated 10 centrality features for 2150 rows in 0.03 seconds.
2026-09-26 17:52:52,293 [INFO] community_leiden: Detecting communities using Leiden algorithm...
2026-09-26 17:52:52,300 [INFO] community_leiden: Detected 5 communities using Leiden
2026-09-26 17:52:52,409 [INFO] community_detection: Enhanced 2150 flows with community features
2026-09-26 17:52:53,560 [INFO] federated_learning: Generating embeddings for 102 nodes, 2150 edges
2026-09-26 17:52:53,699 [INFO] federated_learning: Generated 1950 flow embeddings
2026-09-26 17:53:22,745 [INFO] federated_learning:   -> Processing Behavioral Detector...
2026-09-26 17:53:22,745 [INFO] federated_learning:     -> [4.9%] Step 11/225 | Running Client 1/5 for behavioral detector...
2026-09-26 17:53:22,758 [INFO] federated_learning: Loaded 2150 records for client 1
2026-09-26 17:53:22,758 [INFO] federated_learning: Loaded pre-computed global label mapper with 10 classes from data_nftoniot/label_mapper.json
2026-09-26 17:53:22,790 [INFO] feature_engineering: Engineered 10 new features for behavioral detection
2026-09-26 17:53:22,791 [INFO] feature_engineering: Calculating centrality features dynamically (Ignoring any dataset pre-computations)...
2026-09-26 17:53:22,794 [INFO] feature_engineering: Calculating Degree Centrality for 95 nodes...
2026-09-26 17:53:22,795 [INFO] feature_engineering: Calculating PageRank...
2026-09-26 17:53:22,799 [INFO] feature_engineering: Calculating K-Core...
2026-09-26 17:53:22,800 [INFO] feature_engineering: Calculating Eigenvector Centrality...
2026-09-26 17:53:22,805 [INFO] feature_engineering: Calculating Approximated Betweenness Centrality (k=50)...
2026-09-26 17:53:22,824 [INFO] feature_engineering: Dynamically calculated 10 centrality features for 2150 rows in 0.03 seconds.
2026-09-26 17:53:22,931 [INFO] community_leiden: Detecting communities using Leiden algorithm...
2026-09-26 17:53:22,938 [INFO] community_leiden: Detected 4 communities using Leiden
2026-09-26 17:53:23,036 [INFO] community_detection: Enhanced 2150 flows with community features
2026-09-26 17:53:23,926 [INFO] federated_learning: Generating embeddings for 95 nodes, 2150 edges
2026-09-26 17:53:24,047 [INFO] federated_learning: Generated 1942 flow embeddings
2026-09-26 17:53:24,048 [INFO] federated_learning:     -> [5.3%] Step 12/225 | Running Client 2/5 for behavioral detector...
2026-09-26 17:53:24,054 [INFO] federated_learning: Loaded 2150 records for client 2
2026-09-26 17:53:24,095 [INFO] feature_engineering: Engineered 20 new features for behavioral detection
2026-09-26 17:53:24,095 [INFO] feature_engineering: Calculating centrality features dynamically (Ignoring any dataset pre-computations)...
2026-09-26 17:53:24,099 [INFO] feature_engineering: Calculating Degree Centrality for 111 nodes...
2026-09-26 17:53:24,100 [INFO] feature_engineering: Calculating PageRank...
2026-09-26 17:53:24,105 [INFO] feature_engineering: Calculating K-Core...
2026-09-26 17:53:24,106 [INFO] feature_engineering: Calculating Eigenvector Centrality...
2026-09-26 17:53:24,112 [INFO] feature_engineering: Calculating Approximated Betweenness Centrality (k=50)...
2026-09-26 17:53:24,135 [INFO] feature_engineering: Dynamically calculated 10 centrality features for 2150 rows in 0.04 seconds.
2026-09-26 17:53:24,244 [INFO] community_leiden: Detecting communities using Leiden algorithm...
2026-09-26 17:53:24,252 [INFO] community_leiden: Detected 5 communities using Leiden
2026-09-26 17:53:24,382 [INFO] community_detection: Enhanced 2150 flows with community features
2026-09-26 17:53:25,362 [INFO] federated_learning: Generating embeddings for 111 nodes, 2150 edges
2026-09-26 17:53:25,485 [INFO] federated_learning: Generated 1964 flow embeddings
2026-09-26 17:53:25,486 [INFO] federated_learning:     -> [5.8%] Step 13/225 | Running Client 3/5 for behavioral detector...
2026-09-26 17:53:25,491 [INFO] federated_learning: Loaded 2150 records for client 3
2026-09-26 17:53:25,520 [INFO] feature_engineering: Engineered 30 new features for behavioral detection
2026-09-26 17:53:25,521 [INFO] feature_engineering: Calculating centrality features dynamically (Ignoring any dataset pre-computations)...
2026-09-26 17:53:25,524 [INFO] feature_engineering: Calculating Degree Centrality for 106 nodes...
2026-09-26 17:53:25,525 [INFO] feature_engineering: Calculating PageRank...
2026-09-26 17:53:25,529 [INFO] feature_engineering: Calculating K-Core...
2026-09-26 17:53:25,530 [INFO] feature_engineering: Calculating Eigenvector Centrality...
2026-09-26 17:53:25,536 [INFO] feature_engineering: Calculating Approximated Betweenness Centrality (k=50)...
2026-09-26 17:53:25,556 [INFO] feature_engineering: Dynamically calculated 10 centrality features for 2150 rows in 0.03 seconds.
2026-09-26 17:53:25,664 [INFO] community_leiden: Detecting communities using Leiden algorithm...
2026-09-26 17:53:25,671 [INFO] community_leiden: Detected 6 communities using Leiden
2026-09-26 17:53:25,788 [INFO] community_detection: Enhanced 2150 flows with community features
2026-09-26 17:53:26,690 [INFO] federated_learning: Generating embeddings for 106 nodes, 2150 edges
2026-09-26 17:53:26,808 [INFO] federated_learning: Generated 1927 flow embeddings
2026-09-26 17:53:26,808 [INFO] federated_learning:     -> [6.2%] Step 14/225 | Running Client 4/5 for behavioral detector...
2026-09-26 17:53:26,816 [INFO] federated_learning: Loaded 2150 records for client 4
2026-09-26 17:53:26,848 [INFO] feature_engineering: Engineered 40 new features for behavioral detection
2026-09-26 17:53:26,849 [INFO] feature_engineering: Calculating centrality features dynamically (Ignoring any dataset pre-computations)...
2026-09-26 17:53:26,853 [INFO] feature_engineering: Calculating Degree Centrality for 105 nodes...
2026-09-26 17:53:26,853 [INFO] feature_engineering: Calculating PageRank...
2026-09-26 17:53:26,858 [INFO] feature_engineering: Calculating K-Core...
2026-09-26 17:53:26,859 [INFO] feature_engineering: Calculating Eigenvector Centrality...
2026-09-26 17:53:26,866 [INFO] feature_engineering: Calculating Approximated Betweenness Centrality (k=50)...
2026-09-26 17:53:26,886 [INFO] feature_engineering: Dynamically calculated 10 centrality features for 2150 rows in 0.04 seconds.
2026-09-26 17:53:26,994 [INFO] community_leiden: Detecting communities using Leiden algorithm...
2026-09-26 17:53:27,002 [INFO] community_leiden: Detected 5 communities using Leiden
2026-09-26 17:53:27,121 [INFO] community_detection: Enhanced 2150 flows with community features
2026-09-26 17:53:28,025 [INFO] federated_learning: Generating embeddings for 105 nodes, 2150 edges
2026-09-26 17:53:28,149 [INFO] federated_learning: Generated 1957 flow embeddings
2026-09-26 17:53:28,149 [INFO] federated_learning:     -> [6.7%] Step 15/225 | Running Client 5/5 for behavioral detector...
2026-09-26 17:53:28,154 [INFO] federated_learning: Loaded 2150 records for client 5
2026-09-26 17:53:28,185 [INFO] feature_engineering: Engineered 50 new features for behavioral detection
2026-09-26 17:53:28,185 [INFO] feature_engineering: Calculating centrality features dynamically (Ignoring any dataset pre-computations)...
2026-09-26 17:53:28,188 [INFO] feature_engineering: Calculating Degree Centrality for 102 nodes...
2026-09-26 17:53:28,189 [INFO] feature_engineering: Calculating PageRank...
2026-09-26 17:53:28,194 [INFO] feature_engineering: Calculating K-Core...
2026-09-26 17:53:28,195 [INFO] feature_engineering: Calculating Eigenvector Centrality...
2026-09-26 17:53:28,201 [INFO] feature_engineering: Calculating Approximated Betweenness Centrality (k=50)...
2026-09-26 17:53:28,221 [INFO] feature_engineering: Dynamically calculated 10 centrality features for 2150 rows in 0.04 seconds.
2026-09-26 17:53:28,331 [INFO] community_leiden: Detecting communities using Leiden algorithm...
2026-09-26 17:53:28,338 [INFO] community_leiden: Detected 5 communities using Leiden
2026-09-26 17:53:28,445 [INFO] community_detection: Enhanced 2150 flows with community features
2026-09-26 17:53:29,350 [INFO] federated_learning: Generating embeddings for 102 nodes, 2150 edges
2026-09-26 17:53:29,472 [INFO] federated_learning: Generated 1950 flow embeddings
2026-09-26 17:53:58,497 [INFO] utils: Round 1 metrics logged
2026-09-26 17:53:58,497 [INFO] federated_learning: Round 1 completed in 108.78s, loss: 0.8800
2026-09-26 17:53:58,498 [INFO] federated_learning: Starting round 2/15 (Total System Steps: 225)
2026-09-26 17:53:58,498 [INFO] federated_learning:   -> Processing Temporal Detector...
2026-09-26 17:53:58,498 [INFO] federated_learning:     -> [7.1%] Step 16/225 | Running Client 1/5 for temporal detector...
2026-09-26 17:53:58,504 [INFO] federated_learning: Loaded 2150 records for client 1
2026-09-26 17:53:58,518 [INFO] feature_engineering: Engineered 77 new features for temporal detection
2026-09-26 17:53:58,518 [INFO] feature_engineering: Calculating centrality features dynamically (Ignoring any dataset pre-computations)...
2026-09-26 17:53:58,522 [INFO] feature_engineering: Calculating Degree Centrality for 95 nodes...
2026-09-26 17:53:58,522 [INFO] feature_engineering: Calculating PageRank...
2026-09-26 17:53:58,527 [INFO] feature_engineering: Calculating K-Core...
2026-09-26 17:53:58,528 [INFO] feature_engineering: Calculating Eigenvector Centrality...
2026-09-26 17:53:58,533 [INFO] feature_engineering: Calculating Approximated Betweenness Centrality (k=50)...
2026-09-26 17:53:58,552 [INFO] feature_engineering: Dynamically calculated 10 centrality features for 2150 rows in 0.03 seconds.
2026-09-26 17:53:58,659 [INFO] community_leiden: Detecting communities using Leiden algorithm...
2026-09-26 17:53:58,665 [INFO] community_leiden: Detected 4 communities using Leiden
2026-09-26 17:53:58,764 [INFO] community_detection: Enhanced 2150 flows with community features
2026-09-26 17:53:59,657 [INFO] federated_learning: Generating embeddings for 95 nodes, 2150 edges
2026-09-26 17:53:59,777 [INFO] federated_learning: Generated 1942 flow embeddings
2026-09-26 17:53:59,777 [INFO] federated_learning:     -> [7.6%] Step 17/225 | Running Client 2/5 for temporal detector...
2026-09-26 17:53:59,782 [INFO] federated_learning: Loaded 2150 records for client 2
2026-09-26 17:53:59,796 [INFO] feature_engineering: Engineered 88 new features for temporal detection
2026-09-26 17:53:59,797 [INFO] feature_engineering: Calculating centrality features dynamically (Ignoring any dataset pre-computations)...
2026-09-26 17:53:59,800 [INFO] feature_engineering: Calculating Degree Centrality for 111 nodes...
2026-09-26 17:53:59,801 [INFO] feature_engineering: Calculating PageRank...
2026-09-26 17:53:59,805 [INFO] feature_engineering: Calculating K-Core...
2026-09-26 17:53:59,806 [INFO] feature_engineering: Calculating Eigenvector Centrality...
2026-09-26 17:53:59,812 [INFO] feature_engineering: Calculating Approximated Betweenness Centrality (k=50)...
2026-09-26 17:53:59,832 [INFO] feature_engineering: Dynamically calculated 10 centrality features for 2150 rows in 0.04 seconds.
2026-09-26 17:53:59,939 [INFO] community_leiden: Detecting communities using Leiden algorithm...
2026-09-26 17:53:59,946 [INFO] community_leiden: Detected 5 communities using Leiden
2026-09-26 17:54:00,072 [INFO] community_detection: Enhanced 2150 flows with community features
2026-09-26 17:54:00,963 [INFO] federated_learning: Generating embeddings for 111 nodes, 2150 edges
2026-09-26 17:54:01,082 [INFO] federated_learning: Generated 1964 flow embeddings
2026-09-26 17:54:01,083 [INFO] federated_learning:     -> [8.0%] Step 18/225 | Running Client 3/5 for temporal detector...
2026-09-26 17:54:01,094 [INFO] federated_learning: Loaded 2150 records for client 3
2026-09-26 17:54:01,108 [INFO] feature_engineering: Engineered 99 new features for temporal detection
2026-09-26 17:54:01,109 [INFO] feature_engineering: Calculating centrality features dynamically (Ignoring any dataset pre-computations)...
2026-09-26 17:54:01,114 [INFO] feature_engineering: Calculating Degree Centrality for 106 nodes...
2026-09-26 17:54:01,114 [INFO] feature_engineering: Calculating PageRank...
2026-09-26 17:54:01,120 [INFO] feature_engineering: Calculating K-Core...
2026-09-26 17:54:01,121 [INFO] feature_engineering: Calculating Eigenvector Centrality...
2026-09-26 17:54:01,127 [INFO] feature_engineering: Calculating Approximated Betweenness Centrality (k=50)...
2026-09-26 17:54:01,147 [INFO] feature_engineering: Dynamically calculated 10 centrality features for 2150 rows in 0.04 seconds.
2026-09-26 17:54:01,258 [INFO] community_leiden: Detecting communities using Leiden algorithm...
2026-09-26 17:54:01,265 [INFO] community_leiden: Detected 6 communities using Leiden
2026-09-26 17:54:01,387 [INFO] community_detection: Enhanced 2150 flows with community features
2026-09-26 17:54:02,283 [INFO] federated_learning: Generating embeddings for 106 nodes, 2150 edges
2026-09-26 17:54:02,407 [INFO] federated_learning: Generated 1927 flow embeddings
2026-09-26 17:54:02,407 [INFO] federated_learning:     -> [8.4%] Step 19/225 | Running Client 4/5 for temporal detector...
2026-09-26 17:54:02,413 [INFO] federated_learning: Loaded 2150 records for client 4
2026-09-26 17:54:02,426 [INFO] feature_engineering: Engineered 110 new features for temporal detection
2026-09-26 17:54:02,427 [INFO] feature_engineering: Calculating centrality features dynamically (Ignoring any dataset pre-computations)...
2026-09-26 17:54:02,431 [INFO] feature_engineering: Calculating Degree Centrality for 105 nodes...
2026-09-26 17:54:02,431 [INFO] feature_engineering: Calculating PageRank...
2026-09-26 17:54:02,436 [INFO] feature_engineering: Calculating K-Core...
2026-09-26 17:54:02,437 [INFO] feature_engineering: Calculating Eigenvector Centrality...
2026-09-26 17:54:02,442 [INFO] feature_engineering: Calculating Approximated Betweenness Centrality (k=50)...
2026-09-26 17:54:02,463 [INFO] feature_engineering: Dynamically calculated 10 centrality features for 2150 rows in 0.04 seconds.
2026-09-26 17:54:02,570 [INFO] community_leiden: Detecting communities using Leiden algorithm...
2026-09-26 17:54:02,578 [INFO] community_leiden: Detected 5 communities using Leiden
2026-09-26 17:54:02,692 [INFO] community_detection: Enhanced 2150 flows with community features
2026-09-26 17:54:03,595 [INFO] federated_learning: Generating embeddings for 105 nodes, 2150 edges
2026-09-26 17:54:03,723 [INFO] federated_learning: Generated 1957 flow embeddings
2026-09-26 17:54:03,724 [INFO] federated_learning:     -> [8.9%] Step 20/225 | Running Client 5/5 for temporal detector...
2026-09-26 17:54:03,729 [INFO] federated_learning: Loaded 2150 records for client 5
2026-09-26 17:54:03,744 [INFO] feature_engineering: Engineered 121 new features for temporal detection
2026-09-26 17:54:03,744 [INFO] feature_engineering: Calculating centrality features dynamically (Ignoring any dataset pre-computations)...
2026-09-26 17:54:03,749 [INFO] feature_engineering: Calculating Degree Centrality for 102 nodes...
2026-09-26 17:54:03,750 [INFO] feature_engineering: Calculating PageRank...
2026-09-26 17:54:03,756 [INFO] feature_engineering: Calculating K-Core...
2026-09-26 17:54:03,756 [INFO] feature_engineering: Calculating Eigenvector Centrality...
2026-09-26 17:54:03,763 [INFO] feature_engineering: Calculating Approximated Betweenness Centrality (k=50)...
2026-09-26 17:54:03,784 [INFO] feature_engineering: Dynamically calculated 10 centrality features for 2150 rows in 0.04 seconds.
2026-09-26 17:54:03,893 [INFO] community_leiden: Detecting communities using Leiden algorithm...
2026-09-26 17:54:03,900 [INFO] community_leiden: Detected 5 communities using Leiden
2026-09-26 17:54:04,008 [INFO] community_detection: Enhanced 2150 flows with community features
2026-09-26 17:54:04,953 [INFO] federated_learning: Generating embeddings for 102 nodes, 2150 edges
2026-09-26 17:54:05,097 [INFO] federated_learning: Generated 1950 flow embeddings
2026-09-26 17:54:34,077 [INFO] federated_learning:   -> Processing Content Detector...
2026-09-26 17:54:34,077 [INFO] federated_learning:     -> [9.3%] Step 21/225 | Running Client 1/5 for content detector...
2026-09-26 17:54:34,086 [INFO] federated_learning: Loaded 2150 records for client 1
2026-09-26 17:54:34,098 [INFO] feature_engineering: Engineered 54 new features for content detection
2026-09-26 17:54:34,098 [INFO] feature_engineering: Calculating centrality features dynamically (Ignoring any dataset pre-computations)...
2026-09-26 17:54:34,102 [INFO] feature_engineering: Calculating Degree Centrality for 95 nodes...
2026-09-26 17:54:34,102 [INFO] feature_engineering: Calculating PageRank...
2026-09-26 17:54:34,107 [INFO] feature_engineering: Calculating K-Core...
2026-09-26 17:54:34,108 [INFO] feature_engineering: Calculating Eigenvector Centrality...
2026-09-26 17:54:34,113 [INFO] feature_engineering: Calculating Approximated Betweenness Centrality (k=50)...
2026-09-26 17:54:34,132 [INFO] feature_engineering: Dynamically calculated 10 centrality features for 2150 rows in 0.03 seconds.
2026-09-26 17:54:34,239 [INFO] community_leiden: Detecting communities using Leiden algorithm...
2026-09-26 17:54:34,245 [INFO] community_leiden: Detected 4 communities using Leiden
2026-09-26 17:54:34,352 [INFO] community_detection: Enhanced 2150 flows with community features
2026-09-26 17:54:35,544 [INFO] federated_learning: Generating embeddings for 95 nodes, 2150 edges
2026-09-26 17:54:35,689 [INFO] federated_learning: Generated 1942 flow embeddings
2026-09-26 17:54:35,689 [INFO] federated_learning:     -> [9.8%] Step 22/225 | Running Client 2/5 for content detector...
2026-09-26 17:54:35,695 [INFO] federated_learning: Loaded 2150 records for client 2
2026-09-26 17:54:35,708 [INFO] feature_engineering: Engineered 63 new features for content detection
2026-09-26 17:54:35,709 [INFO] feature_engineering: Calculating centrality features dynamically (Ignoring any dataset pre-computations)...
2026-09-26 17:54:35,712 [INFO] feature_engineering: Calculating Degree Centrality for 111 nodes...
2026-09-26 17:54:35,713 [INFO] feature_engineering: Calculating PageRank...
2026-09-26 17:54:35,717 [INFO] feature_engineering: Calculating K-Core...
2026-09-26 17:54:35,718 [INFO] feature_engineering: Calculating Eigenvector Centrality...
2026-09-26 17:54:35,724 [INFO] feature_engineering: Calculating Approximated Betweenness Centrality (k=50)...
2026-09-26 17:54:35,744 [INFO] feature_engineering: Dynamically calculated 10 centrality features for 2150 rows in 0.03 seconds.
2026-09-26 17:54:35,853 [INFO] community_leiden: Detecting communities using Leiden algorithm...
2026-09-26 17:54:35,859 [INFO] community_leiden: Detected 5 communities using Leiden
2026-09-26 17:54:35,994 [INFO] community_detection: Enhanced 2150 flows with community features
2026-09-26 17:54:37,174 [INFO] federated_learning: Generating embeddings for 111 nodes, 2150 edges
2026-09-26 17:54:37,320 [INFO] federated_learning: Generated 1964 flow embeddings
2026-09-26 17:54:37,321 [INFO] federated_learning:     -> [10.2%] Step 23/225 | Running Client 3/5 for content detector...
2026-09-26 17:54:37,326 [INFO] federated_learning: Loaded 2150 records for client 3
2026-09-26 17:54:37,338 [INFO] feature_engineering: Engineered 72 new features for content detection
2026-09-26 17:54:37,338 [INFO] feature_engineering: Calculating centrality features dynamically (Ignoring any dataset pre-computations)...
2026-09-26 17:54:37,341 [INFO] feature_engineering: Calculating Degree Centrality for 106 nodes...
2026-09-26 17:54:37,342 [INFO] feature_engineering: Calculating PageRank...
2026-09-26 17:54:37,347 [INFO] feature_engineering: Calculating K-Core...
2026-09-26 17:54:37,348 [INFO] feature_engineering: Calculating Eigenvector Centrality...
2026-09-26 17:54:37,353 [INFO] feature_engineering: Calculating Approximated Betweenness Centrality (k=50)...
2026-09-26 17:54:37,373 [INFO] feature_engineering: Dynamically calculated 10 centrality features for 2150 rows in 0.03 seconds.
2026-09-26 17:54:37,483 [INFO] community_leiden: Detecting communities using Leiden algorithm...
2026-09-26 17:54:37,491 [INFO] community_leiden: Detected 6 communities using Leiden
2026-09-26 17:54:37,607 [INFO] community_detection: Enhanced 2150 flows with community features
2026-09-26 17:54:38,764 [INFO] federated_learning: Generating embeddings for 106 nodes, 2150 edges
2026-09-26 17:54:38,903 [INFO] federated_learning: Generated 1927 flow embeddings
2026-09-26 17:54:38,904 [INFO] federated_learning:     -> [10.7%] Step 24/225 | Running Client 4/5 for content detector...
2026-09-26 17:54:38,909 [INFO] federated_learning: Loaded 2150 records for client 4
2026-09-26 17:54:38,921 [INFO] feature_engineering: Engineered 81 new features for content detection
2026-09-26 17:54:38,921 [INFO] feature_engineering: Calculating centrality features dynamically (Ignoring any dataset pre-computations)...
2026-09-26 17:54:38,924 [INFO] feature_engineering: Calculating Degree Centrality for 105 nodes...
2026-09-26 17:54:38,925 [INFO] feature_engineering: Calculating PageRank...
2026-09-26 17:54:38,929 [INFO] feature_engineering: Calculating K-Core...
2026-09-26 17:54:38,930 [INFO] feature_engineering: Calculating Eigenvector Centrality...
2026-09-26 17:54:38,936 [INFO] feature_engineering: Calculating Approximated Betweenness Centrality (k=50)...
2026-09-26 17:54:38,956 [INFO] feature_engineering: Dynamically calculated 10 centrality features for 2150 rows in 0.03 seconds.
2026-09-26 17:54:39,064 [INFO] community_leiden: Detecting communities using Leiden algorithm...
2026-09-26 17:54:39,071 [INFO] community_leiden: Detected 5 communities using Leiden
2026-09-26 17:54:39,185 [INFO] community_detection: Enhanced 2150 flows with community features
2026-09-26 17:54:40,374 [INFO] federated_learning: Generating embeddings for 105 nodes, 2150 edges
2026-09-26 17:54:40,522 [INFO] federated_learning: Generated 1957 flow embeddings
2026-09-26 17:54:40,523 [INFO] federated_learning:     -> [11.1%] Step 25/225 | Running Client 5/5 for content detector...
2026-09-26 17:54:40,528 [INFO] federated_learning: Loaded 2150 records for client 5
2026-09-26 17:54:40,540 [INFO] feature_engineering: Engineered 90 new features for content detection
2026-09-26 17:54:40,541 [INFO] feature_engineering: Calculating centrality features dynamically (Ignoring any dataset pre-computations)...
2026-09-26 17:54:40,544 [INFO] feature_engineering: Calculating Degree Centrality for 102 nodes...
2026-09-26 17:54:40,545 [INFO] feature_engineering: Calculating PageRank...
2026-09-26 17:54:40,550 [INFO] feature_engineering: Calculating K-Core...
2026-09-26 17:54:40,551 [INFO] feature_engineering: Calculating Eigenvector Centrality...
2026-09-26 17:54:40,556 [INFO] feature_engineering: Calculating Approximated Betweenness Centrality (k=50)...
2026-09-26 17:54:40,576 [INFO] feature_engineering: Dynamically calculated 10 centrality features for 2150 rows in 0.04 seconds.
2026-09-26 17:54:40,684 [INFO] community_leiden: Detecting communities using Leiden algorithm...
2026-09-26 17:54:40,691 [INFO] community_leiden: Detected 5 communities using Leiden
2026-09-26 17:54:40,803 [INFO] community_detection: Enhanced 2150 flows with community features
2026-09-26 17:54:41,969 [INFO] federated_learning: Generating embeddings for 102 nodes, 2150 edges
2026-09-26 17:54:42,117 [INFO] federated_learning: Generated 1950 flow embeddings
2026-09-26 17:55:11,274 [INFO] federated_learning:   -> Processing Behavioral Detector...
2026-09-26 17:55:11,274 [INFO] federated_learning:     -> [11.6%] Step 26/225 | Running Client 1/5 for behavioral detector...
2026-09-26 17:55:11,280 [INFO] federated_learning: Loaded 2150 records for client 1
2026-09-26 17:55:11,312 [INFO] feature_engineering: Engineered 60 new features for behavioral detection
2026-09-26 17:55:11,312 [INFO] feature_engineering: Calculating centrality features dynamically (Ignoring any dataset pre-computations)...
2026-09-26 17:55:11,316 [INFO] feature_engineering: Calculating Degree Centrality for 95 nodes...
2026-09-26 17:55:11,316 [INFO] feature_engineering: Calculating PageRank...
2026-09-26 17:55:11,321 [INFO] feature_engineering: Calculating K-Core...
2026-09-26 17:55:11,322 [INFO] feature_engineering: Calculating Eigenvector Centrality...
2026-09-26 17:55:11,327 [INFO] feature_engineering: Calculating Approximated Betweenness Centrality (k=50)...
2026-09-26 17:55:11,347 [INFO] feature_engineering: Dynamically calculated 10 centrality features for 2150 rows in 0.03 seconds.
2026-09-26 17:55:11,456 [INFO] community_leiden: Detecting communities using Leiden algorithm...
2026-09-26 17:55:11,463 [INFO] community_leiden: Detected 4 communities using Leiden
2026-09-26 17:55:11,571 [INFO] community_detection: Enhanced 2150 flows with community features
2026-09-26 17:55:12,492 [INFO] federated_learning: Generating embeddings for 95 nodes, 2150 edges
2026-09-26 17:55:12,625 [INFO] federated_learning: Generated 1942 flow embeddings
2026-09-26 17:55:12,626 [INFO] federated_learning:     -> [12.0%] Step 27/225 | Running Client 2/5 for behavioral detector...
2026-09-26 17:55:12,631 [INFO] federated_learning: Loaded 2150 records for client 2
2026-09-26 17:55:12,670 [INFO] feature_engineering: Engineered 70 new features for behavioral detection
2026-09-26 17:55:12,671 [INFO] feature_engineering: Calculating centrality features dynamically (Ignoring any dataset pre-computations)...
2026-09-26 17:55:12,674 [INFO] feature_engineering: Calculating Degree Centrality for 111 nodes...
2026-09-26 17:55:12,675 [INFO] feature_engineering: Calculating PageRank...
2026-09-26 17:55:12,680 [INFO] feature_engineering: Calculating K-Core...
2026-09-26 17:55:12,680 [INFO] feature_engineering: Calculating Eigenvector Centrality...
2026-09-26 17:55:12,686 [INFO] feature_engineering: Calculating Approximated Betweenness Centrality (k=50)...
2026-09-26 17:55:12,709 [INFO] feature_engineering: Dynamically calculated 10 centrality features for 2150 rows in 0.04 seconds.
2026-09-26 17:55:12,817 [INFO] community_leiden: Detecting communities using Leiden algorithm...
2026-09-26 17:55:12,824 [INFO] community_leiden: Detected 5 communities using Leiden
2026-09-26 17:55:12,958 [INFO] community_detection: Enhanced 2150 flows with community features
2026-09-26 17:55:13,882 [INFO] federated_learning: Generating embeddings for 111 nodes, 2150 edges
2026-09-26 17:55:14,002 [INFO] federated_learning: Generated 1964 flow embeddings
2026-09-26 17:55:14,002 [INFO] federated_learning:     -> [12.4%] Step 28/225 | Running Client 3/5 for behavioral detector...
2026-09-26 17:55:14,008 [INFO] federated_learning: Loaded 2150 records for client 3
2026-09-26 17:55:14,039 [INFO] feature_engineering: Engineered 80 new features for behavioral detection
2026-09-26 17:55:14,040 [INFO] feature_engineering: Calculating centrality features dynamically (Ignoring any dataset pre-computations)...
2026-09-26 17:55:14,043 [INFO] feature_engineering: Calculating Degree Centrality for 106 nodes...
2026-09-26 17:55:14,044 [INFO] feature_engineering: Calculating PageRank...
2026-09-26 17:55:14,049 [INFO] feature_engineering: Calculating K-Core...
2026-09-26 17:55:14,049 [INFO] feature_engineering: Calculating Eigenvector Centrality...
2026-09-26 17:55:14,055 [INFO] feature_engineering: Calculating Approximated Betweenness Centrality (k=50)...
2026-09-26 17:55:14,075 [INFO] feature_engineering: Dynamically calculated 10 centrality features for 2150 rows in 0.03 seconds.
2026-09-26 17:55:14,187 [INFO] community_leiden: Detecting communities using Leiden algorithm...
2026-09-26 17:55:14,194 [INFO] community_leiden: Detected 6 communities using Leiden
2026-09-26 17:55:14,316 [INFO] community_detection: Enhanced 2150 flows with community features
2026-09-26 17:55:15,282 [INFO] federated_learning: Generating embeddings for 106 nodes, 2150 edges
2026-09-26 17:55:15,405 [INFO] federated_learning: Generated 1927 flow embeddings
2026-09-26 17:55:15,407 [INFO] federated_learning:     -> [12.9%] Step 29/225 | Running Client 4/5 for behavioral detector...
2026-09-26 17:55:15,413 [INFO] federated_learning: Loaded 2150 records for client 4
2026-09-26 17:55:15,450 [INFO] feature_engineering: Engineered 90 new features for behavioral detection
2026-09-26 17:55:15,450 [INFO] feature_engineering: Calculating centrality features dynamically (Ignoring any dataset pre-computations)...
2026-09-26 17:55:15,454 [INFO] feature_engineering: Calculating Degree Centrality for 105 nodes...
2026-09-26 17:55:15,455 [INFO] feature_engineering: Calculating PageRank...
2026-09-26 17:55:15,460 [INFO] feature_engineering: Calculating K-Core...
2026-09-26 17:55:15,461 [INFO] feature_engineering: Calculating Eigenvector Centrality...
2026-09-26 17:55:15,467 [INFO] feature_engineering: Calculating Approximated Betweenness Centrality (k=50)...
2026-09-26 17:55:15,490 [INFO] feature_engineering: Dynamically calculated 10 centrality features for 2150 rows in 0.04 seconds.
2026-09-26 17:55:15,599 [INFO] community_leiden: Detecting communities using Leiden algorithm...
2026-09-26 17:55:15,605 [INFO] community_leiden: Detected 5 communities using Leiden
2026-09-26 17:55:15,723 [INFO] community_detection: Enhanced 2150 flows with community features
2026-09-26 17:55:16,644 [INFO] federated_learning: Generating embeddings for 105 nodes, 2150 edges
2026-09-26 17:55:16,768 [INFO] federated_learning: Generated 1957 flow embeddings
2026-09-26 17:55:16,769 [INFO] federated_learning:     -> [13.3%] Step 30/225 | Running Client 5/5 for behavioral detector...
2026-09-26 17:55:16,774 [INFO] federated_learning: Loaded 2150 records for client 5
2026-09-26 17:55:16,805 [INFO] feature_engineering: Engineered 100 new features for behavioral detection
2026-09-26 17:55:16,805 [INFO] feature_engineering: Calculating centrality features dynamically (Ignoring any dataset pre-computations)...
2026-09-26 17:55:16,810 [INFO] feature_engineering: Calculating Degree Centrality for 102 nodes...
2026-09-26 17:55:16,810 [INFO] feature_engineering: Calculating PageRank...
2026-09-26 17:55:16,816 [INFO] feature_engineering: Calculating K-Core...
2026-09-26 17:55:16,817 [INFO] feature_engineering: Calculating Eigenvector Centrality...
2026-09-26 17:55:16,823 [INFO] feature_engineering: Calculating Approximated Betweenness Centrality (k=50)...
2026-09-26 17:55:16,844 [INFO] feature_engineering: Dynamically calculated 10 centrality features for 2150 rows in 0.04 seconds.
2026-09-26 17:55:16,953 [INFO] community_leiden: Detecting communities using Leiden algorithm...
2026-09-26 17:55:16,960 [INFO] community_leiden: Detected 5 communities using Leiden
2026-09-26 17:55:17,065 [INFO] community_detection: Enhanced 2150 flows with community features
2026-09-26 17:55:17,963 [INFO] federated_learning: Generating embeddings for 102 nodes, 2150 edges
2026-09-26 17:55:18,084 [INFO] federated_learning: Generated 1950 flow embeddings
2026-09-26 17:55:47,151 [INFO] utils: Round 2 metrics logged
2026-09-26 17:55:47,152 [INFO] federated_learning: Round 2 completed in 108.65s, loss: 0.7561
2026-09-26 17:55:47,152 [INFO] federated_learning: Starting round 3/15 (Total System Steps: 225)
2026-09-26 17:55:47,152 [INFO] federated_learning:   -> Processing Temporal Detector...
2026-09-26 17:55:47,153 [INFO] federated_learning:     -> [13.8%] Step 31/225 | Running Client 1/5 for temporal detector...
2026-09-26 17:55:47,158 [INFO] federated_learning: Loaded 2150 records for client 1
2026-09-26 17:55:47,172 [INFO] feature_engineering: Engineered 132 new features for temporal detection
2026-09-26 17:55:47,172 [INFO] feature_engineering: Calculating centrality features dynamically (Ignoring any dataset pre-computations)...
2026-09-26 17:55:47,176 [INFO] feature_engineering: Calculating Degree Centrality for 95 nodes...
2026-09-26 17:55:47,176 [INFO] feature_engineering: Calculating PageRank...
2026-09-26 17:55:47,181 [INFO] feature_engineering: Calculating K-Core...
2026-09-26 17:55:47,182 [INFO] feature_engineering: Calculating Eigenvector Centrality...
2026-09-26 17:55:47,186 [INFO] feature_engineering: Calculating Approximated Betweenness Centrality (k=50)...
2026-09-26 17:55:47,208 [INFO] feature_engineering: Dynamically calculated 10 centrality features for 2150 rows in 0.04 seconds.
2026-09-26 17:55:47,317 [INFO] community_leiden: Detecting communities using Leiden algorithm...
2026-09-26 17:55:47,324 [INFO] community_leiden: Detected 4 communities using Leiden
2026-09-26 17:55:47,421 [INFO] community_detection: Enhanced 2150 flows with community features
2026-09-26 17:55:48,315 [INFO] federated_learning: Generating embeddings for 95 nodes, 2150 edges
2026-09-26 17:55:48,436 [INFO] federated_learning: Generated 1942 flow embeddings
2026-09-26 17:55:48,437 [INFO] federated_learning:     -> [14.2%] Step 32/225 | Running Client 2/5 for temporal detector...
2026-09-26 17:55:48,443 [INFO] federated_learning: Loaded 2150 records for client 2
2026-09-26 17:55:48,457 [INFO] feature_engineering: Engineered 143 new features for temporal detection
2026-09-26 17:55:48,457 [INFO] feature_engineering: Calculating centrality features dynamically (Ignoring any dataset pre-computations)...
2026-09-26 17:55:48,461 [INFO] feature_engineering: Calculating Degree Centrality for 111 nodes...
2026-09-26 17:55:48,461 [INFO] feature_engineering: Calculating PageRank...
2026-09-26 17:55:48,466 [INFO] feature_engineering: Calculating K-Core...
2026-09-26 17:55:48,467 [INFO] feature_engineering: Calculating Eigenvector Centrality...
2026-09-26 17:55:48,472 [INFO] feature_engineering: Calculating Approximated Betweenness Centrality (k=50)...
2026-09-26 17:55:48,493 [INFO] feature_engineering: Dynamically calculated 10 centrality features for 2150 rows in 0.04 seconds.
2026-09-26 17:55:48,602 [INFO] community_leiden: Detecting communities using Leiden algorithm...
2026-09-26 17:55:48,610 [INFO] community_leiden: Detected 5 communities using Leiden
2026-09-26 17:55:48,741 [INFO] community_detection: Enhanced 2150 flows with community features
2026-09-26 17:55:49,658 [INFO] federated_learning: Generating embeddings for 111 nodes, 2150 edges
2026-09-26 17:55:49,784 [INFO] federated_learning: Generated 1964 flow embeddings
2026-09-26 17:55:49,785 [INFO] federated_learning:     -> [14.7%] Step 33/225 | Running Client 3/5 for temporal detector...
2026-09-26 17:55:49,790 [INFO] federated_learning: Loaded 2150 records for client 3
2026-09-26 17:55:49,806 [INFO] feature_engineering: Engineered 154 new features for temporal detection
2026-09-26 17:55:49,806 [INFO] feature_engineering: Calculating centrality features dynamically (Ignoring any dataset pre-computations)...
2026-09-26 17:55:49,810 [INFO] feature_engineering: Calculating Degree Centrality for 106 nodes...
2026-09-26 17:55:49,811 [INFO] feature_engineering: Calculating PageRank...
2026-09-26 17:55:49,816 [INFO] feature_engineering: Calculating K-Core...
2026-09-26 17:55:49,817 [INFO] feature_engineering: Calculating Eigenvector Centrality...
2026-09-26 17:55:49,823 [INFO] feature_engineering: Calculating Approximated Betweenness Centrality (k=50)...
2026-09-26 17:55:49,844 [INFO] feature_engineering: Dynamically calculated 10 centrality features for 2150 rows in 0.04 seconds.
2026-09-26 17:55:49,952 [INFO] community_leiden: Detecting communities using Leiden algorithm...
2026-09-26 17:55:49,958 [INFO] community_leiden: Detected 6 communities using Leiden
2026-09-26 17:55:50,077 [INFO] community_detection: Enhanced 2150 flows with community features
2026-09-26 17:55:50,966 [INFO] federated_learning: Generating embeddings for 106 nodes, 2150 edges
2026-09-26 17:55:51,086 [INFO] federated_learning: Generated 1927 flow embeddings
2026-09-26 17:55:51,087 [INFO] federated_learning:     -> [15.1%] Step 34/225 | Running Client 4/5 for temporal detector...
2026-09-26 17:55:51,092 [INFO] federated_learning: Loaded 2150 records for client 4
2026-09-26 17:55:51,105 [INFO] feature_engineering: Engineered 165 new features for temporal detection
2026-09-26 17:55:51,106 [INFO] feature_engineering: Calculating centrality features dynamically (Ignoring any dataset pre-computations)...
2026-09-26 17:55:51,109 [INFO] feature_engineering: Calculating Degree Centrality for 105 nodes...
2026-09-26 17:55:51,110 [INFO] feature_engineering: Calculating PageRank...
2026-09-26 17:55:51,115 [INFO] feature_engineering: Calculating K-Core...
2026-09-26 17:55:51,115 [INFO] feature_engineering: Calculating Eigenvector Centrality...
2026-09-26 17:55:51,121 [INFO] feature_engineering: Calculating Approximated Betweenness Centrality (k=50)...
2026-09-26 17:55:51,141 [INFO] feature_engineering: Dynamically calculated 10 centrality features for 2150 rows in 0.04 seconds.
2026-09-26 17:55:51,252 [INFO] community_leiden: Detecting communities using Leiden algorithm...
2026-09-26 17:55:51,260 [INFO] community_leiden: Detected 5 communities using Leiden
2026-09-26 17:55:51,374 [INFO] community_detection: Enhanced 2150 flows with community features
2026-09-26 17:55:52,279 [INFO] federated_learning: Generating embeddings for 105 nodes, 2150 edges
2026-09-26 17:55:52,406 [INFO] federated_learning: Generated 1957 flow embeddings
2026-09-26 17:55:52,406 [INFO] federated_learning:     -> [15.6%] Step 35/225 | Running Client 5/5 for temporal detector...
2026-09-26 17:55:52,412 [INFO] federated_learning: Loaded 2150 records for client 5
2026-09-26 17:55:52,425 [INFO] feature_engineering: Engineered 176 new features for temporal detection
2026-09-26 17:55:52,426 [INFO] feature_engineering: Calculating centrality features dynamically (Ignoring any dataset pre-computations)...
2026-09-26 17:55:52,429 [INFO] feature_engineering: Calculating Degree Centrality for 102 nodes...
2026-09-26 17:55:52,430 [INFO] feature_engineering: Calculating PageRank...
2026-09-26 17:55:52,435 [INFO] feature_engineering: Calculating K-Core...
2026-09-26 17:55:52,435 [INFO] feature_engineering: Calculating Eigenvector Centrality...
2026-09-26 17:55:52,441 [INFO] feature_engineering: Calculating Approximated Betweenness Centrality (k=50)...
2026-09-26 17:55:52,461 [INFO] feature_engineering: Dynamically calculated 10 centrality features for 2150 rows in 0.03 seconds.
2026-09-26 17:55:52,570 [INFO] community_leiden: Detecting communities using Leiden algorithm...
2026-09-26 17:55:52,577 [INFO] community_leiden: Detected 5 communities using Leiden
2026-09-26 17:55:52,687 [INFO] community_detection: Enhanced 2150 flows with community features
2026-09-26 17:55:53,586 [INFO] federated_learning: Generating embeddings for 102 nodes, 2150 edges
2026-09-26 17:55:53,712 [INFO] federated_learning: Generated 1950 flow embeddings
2026-09-26 17:56:22,591 [INFO] federated_learning:   -> Processing Content Detector...
2026-09-26 17:56:22,591 [INFO] federated_learning:     -> [16.0%] Step 36/225 | Running Client 1/5 for content detector...
2026-09-26 17:56:22,596 [INFO] federated_learning: Loaded 2150 records for client 1
2026-09-26 17:56:22,608 [INFO] feature_engineering: Engineered 99 new features for content detection
2026-09-26 17:56:22,609 [INFO] feature_engineering: Calculating centrality features dynamically (Ignoring any dataset pre-computations)...
2026-09-26 17:56:22,612 [INFO] feature_engineering: Calculating Degree Centrality for 95 nodes...
2026-09-26 17:56:22,612 [INFO] feature_engineering: Calculating PageRank...
2026-09-26 17:56:22,617 [INFO] feature_engineering: Calculating K-Core...
2026-09-26 17:56:22,618 [INFO] feature_engineering: Calculating Eigenvector Centrality...
2026-09-26 17:56:22,623 [INFO] feature_engineering: Calculating Approximated Betweenness Centrality (k=50)...
2026-09-26 17:56:22,643 [INFO] feature_engineering: Dynamically calculated 10 centrality features for 2150 rows in 0.03 seconds.
2026-09-26 17:56:22,748 [INFO] community_leiden: Detecting communities using Leiden algorithm...
2026-09-26 17:56:22,754 [INFO] community_leiden: Detected 4 communities using Leiden
2026-09-26 17:56:22,859 [INFO] community_detection: Enhanced 2150 flows with community features
2026-09-26 17:56:23,998 [INFO] federated_learning: Generating embeddings for 95 nodes, 2150 edges
2026-09-26 17:56:24,142 [INFO] federated_learning: Generated 1942 flow embeddings
2026-09-26 17:56:24,142 [INFO] federated_learning:     -> [16.4%] Step 37/225 | Running Client 2/5 for content detector...
2026-09-26 17:56:24,148 [INFO] federated_learning: Loaded 2150 records for client 2
2026-09-26 17:56:24,162 [INFO] feature_engineering: Engineered 108 new features for content detection
2026-09-26 17:56:24,162 [INFO] feature_engineering: Calculating centrality features dynamically (Ignoring any dataset pre-computations)...
2026-09-26 17:56:24,166 [INFO] feature_engineering: Calculating Degree Centrality for 111 nodes...
2026-09-26 17:56:24,166 [INFO] feature_engineering: Calculating PageRank...
2026-09-26 17:56:24,171 [INFO] feature_engineering: Calculating K-Core...
2026-09-26 17:56:24,172 [INFO] feature_engineering: Calculating Eigenvector Centrality...
2026-09-26 17:56:24,177 [INFO] feature_engineering: Calculating Approximated Betweenness Centrality (k=50)...
2026-09-26 17:56:24,198 [INFO] feature_engineering: Dynamically calculated 10 centrality features for 2150 rows in 0.04 seconds.
2026-09-26 17:56:24,307 [INFO] community_leiden: Detecting communities using Leiden algorithm...
2026-09-26 17:56:24,315 [INFO] community_leiden: Detected 5 communities using Leiden
2026-09-26 17:56:24,446 [INFO] community_detection: Enhanced 2150 flows with community features
2026-09-26 17:56:25,662 [INFO] federated_learning: Generating embeddings for 111 nodes, 2150 edges
2026-09-26 17:56:25,808 [INFO] federated_learning: Generated 1964 flow embeddings
2026-09-26 17:56:25,809 [INFO] federated_learning:     -> [16.9%] Step 38/225 | Running Client 3/5 for content detector...
2026-09-26 17:56:25,815 [INFO] federated_learning: Loaded 2150 records for client 3
2026-09-26 17:56:25,826 [INFO] feature_engineering: Engineered 117 new features for content detection
2026-09-26 17:56:25,827 [INFO] feature_engineering: Calculating centrality features dynamically (Ignoring any dataset pre-computations)...
2026-09-26 17:56:25,830 [INFO] feature_engineering: Calculating Degree Centrality for 106 nodes...
2026-09-26 17:56:25,831 [INFO] feature_engineering: Calculating PageRank...
2026-09-26 17:56:25,835 [INFO] feature_engineering: Calculating K-Core...
2026-09-26 17:56:25,836 [INFO] feature_engineering: Calculating Eigenvector Centrality...
2026-09-26 17:56:25,842 [INFO] feature_engineering: Calculating Approximated Betweenness Centrality (k=50)...
2026-09-26 17:56:25,862 [INFO] feature_engineering: Dynamically calculated 10 centrality features for 2150 rows in 0.04 seconds.
2026-09-26 17:56:25,971 [INFO] community_leiden: Detecting communities using Leiden algorithm...
2026-09-26 17:56:25,978 [INFO] community_leiden: Detected 5 communities using Leiden
2026-09-26 17:56:26,098 [INFO] community_detection: Enhanced 2150 flows with community features
2026-09-26 17:56:27,248 [INFO] federated_learning: Generating embeddings for 106 nodes, 2150 edges
2026-09-26 17:56:27,392 [INFO] federated_learning: Generated 1927 flow embeddings
2026-09-26 17:56:27,393 [INFO] federated_learning:     -> [17.3%] Step 39/225 | Running Client 4/5 for content detector...
2026-09-26 17:56:27,399 [INFO] federated_learning: Loaded 2150 records for client 4
2026-09-26 17:56:27,410 [INFO] feature_engineering: Engineered 126 new features for content detection
2026-09-26 17:56:27,410 [INFO] feature_engineering: Calculating centrality features dynamically (Ignoring any dataset pre-computations)...
2026-09-26 17:56:27,414 [INFO] feature_engineering: Calculating Degree Centrality for 105 nodes...
2026-09-26 17:56:27,414 [INFO] feature_engineering: Calculating PageRank...
2026-09-26 17:56:27,419 [INFO] feature_engineering: Calculating K-Core...
2026-09-26 17:56:27,420 [INFO] feature_engineering: Calculating Eigenvector Centrality...
2026-09-26 17:56:27,425 [INFO] feature_engineering: Calculating Approximated Betweenness Centrality (k=50)...
2026-09-26 17:56:27,445 [INFO] feature_engineering: Dynamically calculated 10 centrality features for 2150 rows in 0.03 seconds.
2026-09-26 17:56:27,553 [INFO] community_leiden: Detecting communities using Leiden algorithm...
2026-09-26 17:56:27,560 [INFO] community_leiden: Detected 5 communities using Leiden
2026-09-26 17:56:27,676 [INFO] community_detection: Enhanced 2150 flows with community features
2026-09-26 17:56:28,850 [INFO] federated_learning: Generating embeddings for 105 nodes, 2150 edges
2026-09-26 17:56:28,998 [INFO] federated_learning: Generated 1957 flow embeddings
2026-09-26 17:56:28,999 [INFO] federated_learning:     -> [17.8%] Step 40/225 | Running Client 5/5 for content detector...
2026-09-26 17:56:29,004 [INFO] federated_learning: Loaded 2150 records for client 5
2026-09-26 17:56:29,021 [INFO] feature_engineering: Engineered 135 new features for content detection
2026-09-26 17:56:29,021 [INFO] feature_engineering: Calculating centrality features dynamically (Ignoring any dataset pre-computations)...
2026-09-26 17:56:29,025 [INFO] feature_engineering: Calculating Degree Centrality for 102 nodes...
2026-09-26 17:56:29,025 [INFO] feature_engineering: Calculating PageRank...
2026-09-26 17:56:29,033 [INFO] feature_engineering: Calculating K-Core...
2026-09-26 17:56:29,033 [INFO] feature_engineering: Calculating Eigenvector Centrality...
2026-09-26 17:56:29,040 [INFO] feature_engineering: Calculating Approximated Betweenness Centrality (k=50)...
2026-09-26 17:56:29,062 [INFO] feature_engineering: Dynamically calculated 10 centrality features for 2150 rows in 0.04 seconds.
2026-09-26 17:56:29,169 [INFO] community_leiden: Detecting communities using Leiden algorithm...
2026-09-26 17:56:29,175 [INFO] community_leiden: Detected 5 communities using Leiden
2026-09-26 17:56:29,284 [INFO] community_detection: Enhanced 2150 flows with community features
2026-09-26 17:56:30,442 [INFO] federated_learning: Generating embeddings for 102 nodes, 2150 edges
2026-09-26 17:56:30,586 [INFO] federated_learning: Generated 1950 flow embeddings
2026-09-26 17:56:59,626 [INFO] federated_learning:   -> Processing Behavioral Detector...
2026-09-26 17:56:59,627 [INFO] federated_learning:     -> [18.2%] Step 41/225 | Running Client 1/5 for behavioral detector...
2026-09-26 17:56:59,632 [INFO] federated_learning: Loaded 2150 records for client 1
2026-09-26 17:56:59,665 [INFO] feature_engineering: Engineered 110 new features for behavioral detection
2026-09-26 17:56:59,665 [INFO] feature_engineering: Calculating centrality features dynamically (Ignoring any dataset pre-computations)...
2026-09-26 17:56:59,669 [INFO] feature_engineering: Calculating Degree Centrality for 95 nodes...
2026-09-26 17:56:59,669 [INFO] feature_engineering: Calculating PageRank...
2026-09-26 17:56:59,673 [INFO] feature_engineering: Calculating K-Core...
2026-09-26 17:56:59,674 [INFO] feature_engineering: Calculating Eigenvector Centrality...
2026-09-26 17:56:59,679 [INFO] feature_engineering: Calculating Approximated Betweenness Centrality (k=50)...
2026-09-26 17:56:59,698 [INFO] feature_engineering: Dynamically calculated 10 centrality features for 2150 rows in 0.03 seconds.
2026-09-26 17:56:59,804 [INFO] community_leiden: Detecting communities using Leiden algorithm...
2026-09-26 17:56:59,812 [INFO] community_leiden: Detected 4 communities using Leiden
2026-09-26 17:56:59,926 [INFO] community_detection: Enhanced 2150 flows with community features
2026-09-26 17:57:00,828 [INFO] federated_learning: Generating embeddings for 95 nodes, 2150 edges
2026-09-26 17:57:00,951 [INFO] federated_learning: Generated 1942 flow embeddings
2026-09-26 17:57:00,955 [INFO] federated_learning:     -> [18.7%] Step 42/225 | Running Client 2/5 for behavioral detector...
2026-09-26 17:57:00,961 [INFO] federated_learning: Loaded 2150 records for client 2
2026-09-26 17:57:01,002 [INFO] feature_engineering: Engineered 120 new features for behavioral detection
2026-09-26 17:57:01,003 [INFO] feature_engineering: Calculating centrality features dynamically (Ignoring any dataset pre-computations)...
2026-09-26 17:57:01,006 [INFO] feature_engineering: Calculating Degree Centrality for 111 nodes...
2026-09-26 17:57:01,007 [INFO] feature_engineering: Calculating PageRank...
2026-09-26 17:57:01,012 [INFO] feature_engineering: Calculating K-Core...
2026-09-26 17:57:01,013 [INFO] feature_engineering: Calculating Eigenvector Centrality...
2026-09-26 17:57:01,019 [INFO] feature_engineering: Calculating Approximated Betweenness Centrality (k=50)...
2026-09-26 17:57:01,042 [INFO] feature_engineering: Dynamically calculated 10 centrality features for 2150 rows in 0.04 seconds.
2026-09-26 17:57:01,147 [INFO] community_leiden: Detecting communities using Leiden algorithm...
2026-09-26 17:57:01,154 [INFO] community_leiden: Detected 5 communities using Leiden
2026-09-26 17:57:01,279 [INFO] community_detection: Enhanced 2150 flows with community features
2026-09-26 17:57:02,199 [INFO] federated_learning: Generating embeddings for 111 nodes, 2150 edges
2026-09-26 17:57:02,324 [INFO] federated_learning: Generated 1964 flow embeddings
2026-09-26 17:57:02,324 [INFO] federated_learning:     -> [19.1%] Step 43/225 | Running Client 3/5 for behavioral detector...
2026-09-26 17:57:02,330 [INFO] federated_learning: Loaded 2150 records for client 3
2026-09-26 17:57:02,359 [INFO] feature_engineering: Engineered 130 new features for behavioral detection
2026-09-26 17:57:02,359 [INFO] feature_engineering: Calculating centrality features dynamically (Ignoring any dataset pre-computations)...
2026-09-26 17:57:02,363 [INFO] feature_engineering: Calculating Degree Centrality for 106 nodes...
2026-09-26 17:57:02,363 [INFO] feature_engineering: Calculating PageRank...
2026-09-26 17:57:02,368 [INFO] feature_engineering: Calculating K-Core...
2026-09-26 17:57:02,369 [INFO] feature_engineering: Calculating Eigenvector Centrality...
2026-09-26 17:57:02,374 [INFO] feature_engineering: Calculating Approximated Betweenness Centrality (k=50)...
2026-09-26 17:57:02,394 [INFO] feature_engineering: Dynamically calculated 10 centrality features for 2150 rows in 0.03 seconds.
2026-09-26 17:57:02,505 [INFO] community_leiden: Detecting communities using Leiden algorithm...
2026-09-26 17:57:02,513 [INFO] community_leiden: Detected 5 communities using Leiden
2026-09-26 17:57:02,632 [INFO] community_detection: Enhanced 2150 flows with community features
2026-09-26 17:57:03,558 [INFO] federated_learning: Generating embeddings for 106 nodes, 2150 edges
2026-09-26 17:57:03,687 [INFO] federated_learning: Generated 1927 flow embeddings
2026-09-26 17:57:03,687 [INFO] federated_learning:     -> [19.6%] Step 44/225 | Running Client 4/5 for behavioral detector...
2026-09-26 17:57:03,692 [INFO] federated_learning: Loaded 2150 records for client 4
2026-09-26 17:57:03,732 [INFO] feature_engineering: Engineered 140 new features for behavioral detection
2026-09-26 17:57:03,732 [INFO] feature_engineering: Calculating centrality features dynamically (Ignoring any dataset pre-computations)...
2026-09-26 17:57:03,736 [INFO] feature_engineering: Calculating Degree Centrality for 105 nodes...
2026-09-26 17:57:03,737 [INFO] feature_engineering: Calculating PageRank...
2026-09-26 17:57:03,742 [INFO] feature_engineering: Calculating K-Core...
2026-09-26 17:57:03,743 [INFO] feature_engineering: Calculating Eigenvector Centrality...
2026-09-26 17:57:03,750 [INFO] feature_engineering: Calculating Approximated Betweenness Centrality (k=50)...
2026-09-26 17:57:03,772 [INFO] feature_engineering: Dynamically calculated 10 centrality features for 2150 rows in 0.04 seconds.
2026-09-26 17:57:03,878 [INFO] community_leiden: Detecting communities using Leiden algorithm...
2026-09-26 17:57:03,885 [INFO] community_leiden: Detected 5 communities using Leiden
2026-09-26 17:57:04,003 [INFO] community_detection: Enhanced 2150 flows with community features
2026-09-26 17:57:04,911 [INFO] federated_learning: Generating embeddings for 105 nodes, 2150 edges
2026-09-26 17:57:05,065 [INFO] federated_learning: Generated 1957 flow embeddings
2026-09-26 17:57:05,066 [INFO] federated_learning:     -> [20.0%] Step 45/225 | Running Client 5/5 for behavioral detector...
2026-09-26 17:57:05,072 [INFO] federated_learning: Loaded 2150 records for client 5
2026-09-26 17:57:05,113 [INFO] feature_engineering: Engineered 150 new features for behavioral detection
2026-09-26 17:57:05,114 [INFO] feature_engineering: Calculating centrality features dynamically (Ignoring any dataset pre-computations)...
2026-09-26 17:57:05,119 [INFO] feature_engineering: Calculating Degree Centrality for 102 nodes...
2026-09-26 17:57:05,119 [INFO] feature_engineering: Calculating PageRank...
2026-09-26 17:57:05,125 [INFO] feature_engineering: Calculating K-Core...
2026-09-26 17:57:05,126 [INFO] feature_engineering: Calculating Eigenvector Centrality...
2026-09-26 17:57:05,132 [INFO] feature_engineering: Calculating Approximated Betweenness Centrality (k=50)...
2026-09-26 17:57:05,152 [INFO] feature_engineering: Dynamically calculated 10 centrality features for 2150 rows in 0.04 seconds.
2026-09-26 17:57:05,259 [INFO] community_leiden: Detecting communities using Leiden algorithm...
2026-09-26 17:57:05,265 [INFO] community_leiden: Detected 4 communities using Leiden
2026-09-26 17:57:05,373 [INFO] community_detection: Enhanced 2150 flows with community features
2026-09-26 17:57:06,265 [INFO] federated_learning: Generating embeddings for 102 nodes, 2150 edges
2026-09-26 17:57:06,392 [INFO] federated_learning: Generated 1950 flow embeddings
2026-09-26 17:57:35,457 [INFO] utils: Round 3 metrics logged
2026-09-26 17:57:35,458 [INFO] federated_learning: Round 3 completed in 108.30s, loss: 0.6391
2026-09-26 17:57:35,458 [INFO] federated_learning: Starting round 4/15 (Total System Steps: 225)
2026-09-26 17:57:35,458 [INFO] federated_learning:   -> Processing Temporal Detector...
2026-09-26 17:57:35,458 [INFO] federated_learning:     -> [20.4%] Step 46/225 | Running Client 1/5 for temporal detector...
2026-09-26 17:57:35,464 [INFO] federated_learning: Loaded 2150 records for client 1
2026-09-26 17:57:35,478 [INFO] feature_engineering: Engineered 187 new features for temporal detection
2026-09-26 17:57:35,478 [INFO] feature_engineering: Calculating centrality features dynamically (Ignoring any dataset pre-computations)...
2026-09-26 17:57:35,482 [INFO] feature_engineering: Calculating Degree Centrality for 95 nodes...
2026-09-26 17:57:35,482 [INFO] feature_engineering: Calculating PageRank...
2026-09-26 17:57:35,487 [INFO] feature_engineering: Calculating K-Core...
2026-09-26 17:57:35,488 [INFO] feature_engineering: Calculating Eigenvector Centrality...
2026-09-26 17:57:35,493 [INFO] feature_engineering: Calculating Approximated Betweenness Centrality (k=50)...
2026-09-26 17:57:35,513 [INFO] feature_engineering: Dynamically calculated 10 centrality features for 2150 rows in 0.03 seconds.
2026-09-26 17:57:35,621 [INFO] community_leiden: Detecting communities using Leiden algorithm...
2026-09-26 17:57:35,628 [INFO] community_leiden: Detected 4 communities using Leiden
2026-09-26 17:57:35,734 [INFO] community_detection: Enhanced 2150 flows with community features
2026-09-26 17:57:36,638 [INFO] federated_learning: Generating embeddings for 95 nodes, 2150 edges
2026-09-26 17:57:36,761 [INFO] federated_learning: Generated 1942 flow embeddings
2026-09-26 17:57:36,762 [INFO] federated_learning:     -> [20.9%] Step 47/225 | Running Client 2/5 for temporal detector...
2026-09-26 17:57:36,767 [INFO] federated_learning: Loaded 2150 records for client 2
2026-09-26 17:57:36,782 [INFO] feature_engineering: Engineered 198 new features for temporal detection
2026-09-26 17:57:36,782 [INFO] feature_engineering: Calculating centrality features dynamically (Ignoring any dataset pre-computations)...
2026-09-26 17:57:36,786 [INFO] feature_engineering: Calculating Degree Centrality for 111 nodes...
2026-09-26 17:57:36,786 [INFO] feature_engineering: Calculating PageRank...
2026-09-26 17:57:36,791 [INFO] feature_engineering: Calculating K-Core...
2026-09-26 17:57:36,792 [INFO] feature_engineering: Calculating Eigenvector Centrality...
2026-09-26 17:57:36,797 [INFO] feature_engineering: Calculating Approximated Betweenness Centrality (k=50)...
2026-09-26 17:57:36,818 [INFO] feature_engineering: Dynamically calculated 10 centrality features for 2150 rows in 0.04 seconds.
2026-09-26 17:57:36,926 [INFO] community_leiden: Detecting communities using Leiden algorithm...
2026-09-26 17:57:36,933 [INFO] community_leiden: Detected 5 communities using Leiden
2026-09-26 17:57:37,066 [INFO] community_detection: Enhanced 2150 flows with community features
2026-09-26 17:57:37,972 [INFO] federated_learning: Generating embeddings for 111 nodes, 2150 edges
2026-09-26 17:57:38,098 [INFO] federated_learning: Generated 1964 flow embeddings
2026-09-26 17:57:38,099 [INFO] federated_learning:     -> [21.3%] Step 48/225 | Running Client 3/5 for temporal detector...
2026-09-26 17:57:38,104 [INFO] federated_learning: Loaded 2150 records for client 3
2026-09-26 17:57:38,121 [INFO] feature_engineering: Engineered 209 new features for temporal detection
2026-09-26 17:57:38,121 [INFO] feature_engineering: Calculating centrality features dynamically (Ignoring any dataset pre-computations)...
2026-09-26 17:57:38,126 [INFO] feature_engineering: Calculating Degree Centrality for 106 nodes...
2026-09-26 17:57:38,126 [INFO] feature_engineering: Calculating PageRank...
2026-09-26 17:57:38,132 [INFO] feature_engineering: Calculating K-Core...
2026-09-26 17:57:38,132 [INFO] feature_engineering: Calculating Eigenvector Centrality...
2026-09-26 17:57:38,139 [INFO] feature_engineering: Calculating Approximated Betweenness Centrality (k=50)...
2026-09-26 17:57:38,160 [INFO] feature_engineering: Dynamically calculated 10 centrality features for 2150 rows in 0.04 seconds.
2026-09-26 17:57:38,267 [INFO] community_leiden: Detecting communities using Leiden algorithm...
2026-09-26 17:57:38,274 [INFO] community_leiden: Detected 6 communities using Leiden
2026-09-26 17:57:38,391 [INFO] community_detection: Enhanced 2150 flows with community features
2026-09-26 17:57:39,307 [INFO] federated_learning: Generating embeddings for 106 nodes, 2150 edges
2026-09-26 17:57:39,431 [INFO] federated_learning: Generated 1927 flow embeddings
2026-09-26 17:57:39,431 [INFO] federated_learning:     -> [21.8%] Step 49/225 | Running Client 4/5 for temporal detector...
2026-09-26 17:57:39,437 [INFO] federated_learning: Loaded 2150 records for client 4
2026-09-26 17:57:39,451 [INFO] feature_engineering: Engineered 220 new features for temporal detection
2026-09-26 17:57:39,452 [INFO] feature_engineering: Calculating centrality features dynamically (Ignoring any dataset pre-computations)...
2026-09-26 17:57:39,456 [INFO] feature_engineering: Calculating Degree Centrality for 105 nodes...
2026-09-26 17:57:39,456 [INFO] feature_engineering: Calculating PageRank...
2026-09-26 17:57:39,461 [INFO] feature_engineering: Calculating K-Core...
2026-09-26 17:57:39,462 [INFO] feature_engineering: Calculating Eigenvector Centrality...
2026-09-26 17:57:39,468 [INFO] feature_engineering: Calculating Approximated Betweenness Centrality (k=50)...
2026-09-26 17:57:39,489 [INFO] feature_engineering: Dynamically calculated 10 centrality features for 2150 rows in 0.04 seconds.
2026-09-26 17:57:39,599 [INFO] community_leiden: Detecting communities using Leiden algorithm...
2026-09-26 17:57:39,606 [INFO] community_leiden: Detected 5 communities using Leiden
2026-09-26 17:57:39,722 [INFO] community_detection: Enhanced 2150 flows with community features
2026-09-26 17:57:40,620 [INFO] federated_learning: Generating embeddings for 105 nodes, 2150 edges
2026-09-26 17:57:40,743 [INFO] federated_learning: Generated 1957 flow embeddings
2026-09-26 17:57:40,744 [INFO] federated_learning:     -> [22.2%] Step 50/225 | Running Client 5/5 for temporal detector...
2026-09-26 17:57:40,749 [INFO] federated_learning: Loaded 2150 records for client 5
2026-09-26 17:57:40,765 [INFO] feature_engineering: Engineered 231 new features for temporal detection
2026-09-26 17:57:40,765 [INFO] feature_engineering: Calculating centrality features dynamically (Ignoring any dataset pre-computations)...
2026-09-26 17:57:40,775 [INFO] feature_engineering: Calculating Degree Centrality for 102 nodes...
2026-09-26 17:57:40,775 [INFO] feature_engineering: Calculating PageRank...
2026-09-26 17:57:40,781 [INFO] feature_engineering: Calculating K-Core...
2026-09-26 17:57:40,782 [INFO] feature_engineering: Calculating Eigenvector Centrality...
2026-09-26 17:57:40,788 [INFO] feature_engineering: Calculating Approximated Betweenness Centrality (k=50)...
2026-09-26 17:57:40,808 [INFO] feature_engineering: Dynamically calculated 10 centrality features for 2150 rows in 0.04 seconds.
2026-09-26 17:57:40,914 [INFO] community_leiden: Detecting communities using Leiden algorithm...
2026-09-26 17:57:40,921 [INFO] community_leiden: Detected 5 communities using Leiden
2026-09-26 17:57:41,027 [INFO] community_detection: Enhanced 2150 flows with community features
2026-09-26 17:57:41,929 [INFO] federated_learning: Generating embeddings for 102 nodes, 2150 edges
2026-09-26 17:57:42,056 [INFO] federated_learning: Generated 1950 flow embeddings
2026-09-26 17:58:11,052 [INFO] federated_learning:   -> Processing Content Detector...
2026-09-26 17:58:11,052 [INFO] federated_learning:     -> [22.7%] Step 51/225 | Running Client 1/5 for content detector...
2026-09-26 17:58:11,061 [INFO] federated_learning: Loaded 2150 records for client 1
2026-09-26 17:58:11,073 [INFO] feature_engineering: Engineered 144 new features for content detection
2026-09-26 17:58:11,073 [INFO] feature_engineering: Calculating centrality features dynamically (Ignoring any dataset pre-computations)...
2026-09-26 17:58:11,077 [INFO] feature_engineering: Calculating Degree Centrality for 95 nodes...
2026-09-26 17:58:11,077 [INFO] feature_engineering: Calculating PageRank...
2026-09-26 17:58:11,082 [INFO] feature_engineering: Calculating K-Core...
2026-09-26 17:58:11,083 [INFO] feature_engineering: Calculating Eigenvector Centrality...
2026-09-26 17:58:11,087 [INFO] feature_engineering: Calculating Approximated Betweenness Centrality (k=50)...
2026-09-26 17:58:11,107 [INFO] feature_engineering: Dynamically calculated 10 centrality features for 2150 rows in 0.03 seconds.
2026-09-26 17:58:11,216 [INFO] community_leiden: Detecting communities using Leiden algorithm...
2026-09-26 17:58:11,222 [INFO] community_leiden: Detected 4 communities using Leiden
2026-09-26 17:58:11,321 [INFO] community_detection: Enhanced 2150 flows with community features
2026-09-26 17:58:12,496 [INFO] federated_learning: Generating embeddings for 95 nodes, 2150 edges
2026-09-26 17:58:12,638 [INFO] federated_learning: Generated 1942 flow embeddings
2026-09-26 17:58:12,638 [INFO] federated_learning:     -> [23.1%] Step 52/225 | Running Client 2/5 for content detector...
2026-09-26 17:58:12,644 [INFO] federated_learning: Loaded 2150 records for client 2
2026-09-26 17:58:12,658 [INFO] feature_engineering: Engineered 153 new features for content detection
2026-09-26 17:58:12,658 [INFO] feature_engineering: Calculating centrality features dynamically (Ignoring any dataset pre-computations)...
2026-09-26 17:58:12,661 [INFO] feature_engineering: Calculating Degree Centrality for 111 nodes...
2026-09-26 17:58:12,662 [INFO] feature_engineering: Calculating PageRank...
2026-09-26 17:58:12,667 [INFO] feature_engineering: Calculating K-Core...
2026-09-26 17:58:12,668 [INFO] feature_engineering: Calculating Eigenvector Centrality...
2026-09-26 17:58:12,673 [INFO] feature_engineering: Calculating Approximated Betweenness Centrality (k=50)...
2026-09-26 17:58:12,694 [INFO] feature_engineering: Dynamically calculated 10 centrality features for 2150 rows in 0.04 seconds.
2026-09-26 17:58:12,803 [INFO] community_leiden: Detecting communities using Leiden algorithm...
2026-09-26 17:58:12,810 [INFO] community_leiden: Detected 4 communities using Leiden
2026-09-26 17:58:12,940 [INFO] community_detection: Enhanced 2150 flows with community features
2026-09-26 17:58:14,139 [INFO] federated_learning: Generating embeddings for 111 nodes, 2150 edges
2026-09-26 17:58:14,282 [INFO] federated_learning: Generated 1964 flow embeddings
2026-09-26 17:58:14,282 [INFO] federated_learning:     -> [23.6%] Step 53/225 | Running Client 3/5 for content detector...
2026-09-26 17:58:14,288 [INFO] federated_learning: Loaded 2150 records for client 3
2026-09-26 17:58:14,299 [INFO] feature_engineering: Engineered 162 new features for content detection
2026-09-26 17:58:14,300 [INFO] feature_engineering: Calculating centrality features dynamically (Ignoring any dataset pre-computations)...
2026-09-26 17:58:14,303 [INFO] feature_engineering: Calculating Degree Centrality for 106 nodes...
2026-09-26 17:58:14,304 [INFO] feature_engineering: Calculating PageRank...
2026-09-26 17:58:14,309 [INFO] feature_engineering: Calculating K-Core...
2026-09-26 17:58:14,309 [INFO] feature_engineering: Calculating Eigenvector Centrality...
2026-09-26 17:58:14,315 [INFO] feature_engineering: Calculating Approximated Betweenness Centrality (k=50)...
2026-09-26 17:58:14,335 [INFO] feature_engineering: Dynamically calculated 10 centrality features for 2150 rows in 0.03 seconds.
2026-09-26 17:58:14,441 [INFO] community_leiden: Detecting communities using Leiden algorithm...
2026-09-26 17:58:14,448 [INFO] community_leiden: Detected 6 communities using Leiden
2026-09-26 17:58:14,567 [INFO] community_detection: Enhanced 2150 flows with community features
2026-09-26 17:58:15,790 [INFO] federated_learning: Generating embeddings for 106 nodes, 2150 edges
2026-09-26 17:58:15,934 [INFO] federated_learning: Generated 1927 flow embeddings
2026-09-26 17:58:15,934 [INFO] federated_learning:     -> [24.0%] Step 54/225 | Running Client 4/5 for content detector...
2026-09-26 17:58:15,940 [INFO] federated_learning: Loaded 2150 records for client 4
2026-09-26 17:58:15,952 [INFO] feature_engineering: Engineered 171 new features for content detection
2026-09-26 17:58:15,952 [INFO] feature_engineering: Calculating centrality features dynamically (Ignoring any dataset pre-computations)...
2026-09-26 17:58:15,955 [INFO] feature_engineering: Calculating Degree Centrality for 105 nodes...
2026-09-26 17:58:15,956 [INFO] feature_engineering: Calculating PageRank...
2026-09-26 17:58:15,961 [INFO] feature_engineering: Calculating K-Core...
2026-09-26 17:58:15,961 [INFO] feature_engineering: Calculating Eigenvector Centrality...
2026-09-26 17:58:15,967 [INFO] feature_engineering: Calculating Approximated Betweenness Centrality (k=50)...
2026-09-26 17:58:15,987 [INFO] feature_engineering: Dynamically calculated 10 centrality features for 2150 rows in 0.03 seconds.
2026-09-26 17:58:16,094 [INFO] community_leiden: Detecting communities using Leiden algorithm...
2026-09-26 17:58:16,102 [INFO] community_leiden: Detected 5 communities using Leiden
2026-09-26 17:58:16,224 [INFO] community_detection: Enhanced 2150 flows with community features
2026-09-26 17:58:17,431 [INFO] federated_learning: Generating embeddings for 105 nodes, 2150 edges
2026-09-26 17:58:17,574 [INFO] federated_learning: Generated 1957 flow embeddings
2026-09-26 17:58:17,575 [INFO] federated_learning:     -> [24.4%] Step 55/225 | Running Client 5/5 for content detector...
2026-09-26 17:58:17,582 [INFO] federated_learning: Loaded 2150 records for client 5
2026-09-26 17:58:17,596 [INFO] feature_engineering: Engineered 180 new features for content detection
2026-09-26 17:58:17,597 [INFO] feature_engineering: Calculating centrality features dynamically (Ignoring any dataset pre-computations)...
2026-09-26 17:58:17,601 [INFO] feature_engineering: Calculating Degree Centrality for 102 nodes...
2026-09-26 17:58:17,601 [INFO] feature_engineering: Calculating PageRank...
2026-09-26 17:58:17,609 [INFO] feature_engineering: Calculating K-Core...
2026-09-26 17:58:17,609 [INFO] feature_engineering: Calculating Eigenvector Centrality...
2026-09-26 17:58:17,615 [INFO] feature_engineering: Calculating Approximated Betweenness Centrality (k=50)...
2026-09-26 17:58:17,639 [INFO] feature_engineering: Dynamically calculated 10 centrality features for 2150 rows in 0.04 seconds.
2026-09-26 17:58:17,749 [INFO] community_leiden: Detecting communities using Leiden algorithm...
2026-09-26 17:58:17,756 [INFO] community_leiden: Detected 5 communities using Leiden
2026-09-26 17:58:17,870 [INFO] community_detection: Enhanced 2150 flows with community features
2026-09-26 17:58:19,027 [INFO] federated_learning: Generating embeddings for 102 nodes, 2150 edges
2026-09-26 17:58:19,171 [INFO] federated_learning: Generated 1950 flow embeddings
2026-09-26 17:58:48,265 [INFO] federated_learning:   -> Processing Behavioral Detector...
2026-09-26 17:58:48,266 [INFO] federated_learning:     -> [24.9%] Step 56/225 | Running Client 1/5 for behavioral detector...
2026-09-26 17:58:48,274 [INFO] federated_learning: Loaded 2150 records for client 1
2026-09-26 17:58:48,311 [INFO] feature_engineering: Engineered 160 new features for behavioral detection
2026-09-26 17:58:48,311 [INFO] feature_engineering: Calculating centrality features dynamically (Ignoring any dataset pre-computations)...
2026-09-26 17:58:48,315 [INFO] feature_engineering: Calculating Degree Centrality for 95 nodes...
2026-09-26 17:58:48,316 [INFO] feature_engineering: Calculating PageRank...
2026-09-26 17:58:48,321 [INFO] feature_engineering: Calculating K-Core...
2026-09-26 17:58:48,322 [INFO] feature_engineering: Calculating Eigenvector Centrality...
2026-09-26 17:58:48,327 [INFO] feature_engineering: Calculating Approximated Betweenness Centrality (k=50)...
2026-09-26 17:58:48,348 [INFO] feature_engineering: Dynamically calculated 10 centrality features for 2150 rows in 0.04 seconds.
2026-09-26 17:58:48,454 [INFO] community_leiden: Detecting communities using Leiden algorithm...
2026-09-26 17:58:48,461 [INFO] community_leiden: Detected 4 communities using Leiden
2026-09-26 17:58:48,561 [INFO] community_detection: Enhanced 2150 flows with community features
2026-09-26 17:58:49,454 [INFO] federated_learning: Generating embeddings for 95 nodes, 2150 edges
2026-09-26 17:58:49,581 [INFO] federated_learning: Generated 1942 flow embeddings
2026-09-26 17:58:49,582 [INFO] federated_learning:     -> [25.3%] Step 57/225 | Running Client 2/5 for behavioral detector...
2026-09-26 17:58:49,588 [INFO] federated_learning: Loaded 2150 records for client 2
2026-09-26 17:58:49,624 [INFO] feature_engineering: Engineered 170 new features for behavioral detection
2026-09-26 17:58:49,624 [INFO] feature_engineering: Calculating centrality features dynamically (Ignoring any dataset pre-computations)...
2026-09-26 17:58:49,628 [INFO] feature_engineering: Calculating Degree Centrality for 111 nodes...
2026-09-26 17:58:49,628 [INFO] feature_engineering: Calculating PageRank...
2026-09-26 17:58:49,633 [INFO] feature_engineering: Calculating K-Core...
2026-09-26 17:58:49,634 [INFO] feature_engineering: Calculating Eigenvector Centrality...
2026-09-26 17:58:49,640 [INFO] feature_engineering: Calculating Approximated Betweenness Centrality (k=50)...
2026-09-26 17:58:49,663 [INFO] feature_engineering: Dynamically calculated 10 centrality features for 2150 rows in 0.04 seconds.
2026-09-26 17:58:49,770 [INFO] community_leiden: Detecting communities using Leiden algorithm...
2026-09-26 17:58:49,777 [INFO] community_leiden: Detected 5 communities using Leiden
2026-09-26 17:58:49,905 [INFO] community_detection: Enhanced 2150 flows with community features
2026-09-26 17:58:50,819 [INFO] federated_learning: Generating embeddings for 111 nodes, 2150 edges
2026-09-26 17:58:50,940 [INFO] federated_learning: Generated 1964 flow embeddings
2026-09-26 17:58:50,940 [INFO] federated_learning:     -> [25.8%] Step 58/225 | Running Client 3/5 for behavioral detector...
2026-09-26 17:58:50,946 [INFO] federated_learning: Loaded 2150 records for client 3
2026-09-26 17:58:50,976 [INFO] feature_engineering: Engineered 180 new features for behavioral detection
2026-09-26 17:58:50,976 [INFO] feature_engineering: Calculating centrality features dynamically (Ignoring any dataset pre-computations)...
2026-09-26 17:58:50,979 [INFO] feature_engineering: Calculating Degree Centrality for 106 nodes...
2026-09-26 17:58:50,980 [INFO] feature_engineering: Calculating PageRank...
2026-09-26 17:58:50,985 [INFO] feature_engineering: Calculating K-Core...
2026-09-26 17:58:50,986 [INFO] feature_engineering: Calculating Eigenvector Centrality...
2026-09-26 17:58:50,991 [INFO] feature_engineering: Calculating Approximated Betweenness Centrality (k=50)...
2026-09-26 17:58:51,011 [INFO] feature_engineering: Dynamically calculated 10 centrality features for 2150 rows in 0.03 seconds.
2026-09-26 17:58:51,120 [INFO] community_leiden: Detecting communities using Leiden algorithm...
2026-09-26 17:58:51,127 [INFO] community_leiden: Detected 6 communities using Leiden
2026-09-26 17:58:51,247 [INFO] community_detection: Enhanced 2150 flows with community features
2026-09-26 17:58:52,168 [INFO] federated_learning: Generating embeddings for 106 nodes, 2150 edges
2026-09-26 17:58:52,288 [INFO] federated_learning: Generated 1927 flow embeddings
2026-09-26 17:58:52,289 [INFO] federated_learning:     -> [26.2%] Step 59/225 | Running Client 4/5 for behavioral detector...
2026-09-26 17:58:52,294 [INFO] federated_learning: Loaded 2150 records for client 4
2026-09-26 17:58:52,325 [INFO] feature_engineering: Engineered 190 new features for behavioral detection
2026-09-26 17:58:52,325 [INFO] feature_engineering: Calculating centrality features dynamically (Ignoring any dataset pre-computations)...
2026-09-26 17:58:52,329 [INFO] feature_engineering: Calculating Degree Centrality for 105 nodes...
2026-09-26 17:58:52,329 [INFO] feature_engineering: Calculating PageRank...
2026-09-26 17:58:52,334 [INFO] feature_engineering: Calculating K-Core...
2026-09-26 17:58:52,335 [INFO] feature_engineering: Calculating Eigenvector Centrality...
2026-09-26 17:58:52,340 [INFO] feature_engineering: Calculating Approximated Betweenness Centrality (k=50)...
2026-09-26 17:58:52,360 [INFO] feature_engineering: Dynamically calculated 10 centrality features for 2150 rows in 0.03 seconds.
2026-09-26 17:58:52,471 [INFO] community_leiden: Detecting communities using Leiden algorithm...
2026-09-26 17:58:52,478 [INFO] community_leiden: Detected 5 communities using Leiden
2026-09-26 17:58:52,598 [INFO] community_detection: Enhanced 2150 flows with community features
2026-09-26 17:58:53,501 [INFO] federated_learning: Generating embeddings for 105 nodes, 2150 edges
2026-09-26 17:58:53,628 [INFO] federated_learning: Generated 1957 flow embeddings
2026-09-26 17:58:53,629 [INFO] federated_learning:     -> [26.7%] Step 60/225 | Running Client 5/5 for behavioral detector...
2026-09-26 17:58:53,634 [INFO] federated_learning: Loaded 2150 records for client 5
2026-09-26 17:58:53,664 [INFO] feature_engineering: Engineered 200 new features for behavioral detection
2026-09-26 17:58:53,665 [INFO] feature_engineering: Calculating centrality features dynamically (Ignoring any dataset pre-computations)...
2026-09-26 17:58:53,668 [INFO] feature_engineering: Calculating Degree Centrality for 102 nodes...
2026-09-26 17:58:53,668 [INFO] feature_engineering: Calculating PageRank...
2026-09-26 17:58:53,673 [INFO] feature_engineering: Calculating K-Core...
2026-09-26 17:58:53,674 [INFO] feature_engineering: Calculating Eigenvector Centrality...
2026-09-26 17:58:53,680 [INFO] feature_engineering: Calculating Approximated Betweenness Centrality (k=50)...
2026-09-26 17:58:53,699 [INFO] feature_engineering: Dynamically calculated 10 centrality features for 2150 rows in 0.03 seconds.
2026-09-26 17:58:53,807 [INFO] community_leiden: Detecting communities using Leiden algorithm...
2026-09-26 17:58:53,814 [INFO] community_leiden: Detected 5 communities using Leiden
2026-09-26 17:58:53,924 [INFO] community_detection: Enhanced 2150 flows with community features
2026-09-26 17:58:54,838 [INFO] federated_learning: Generating embeddings for 102 nodes, 2150 edges
2026-09-26 17:58:54,982 [INFO] federated_learning: Generated 1950 flow embeddings
2026-09-26 17:59:24,146 [INFO] utils: Round 4 metrics logged
2026-09-26 17:59:24,147 [INFO] federated_learning: Round 4 completed in 108.69s, loss: 0.5263
2026-09-26 17:59:24,147 [INFO] federated_learning: Starting round 5/15 (Total System Steps: 225)
2026-09-26 17:59:24,147 [INFO] federated_learning:   -> Processing Temporal Detector...
2026-09-26 17:59:24,147 [INFO] federated_learning:     -> [27.1%] Step 61/225 | Running Client 1/5 for temporal detector...
2026-09-26 17:59:24,153 [INFO] federated_learning: Loaded 2150 records for client 1
2026-09-26 17:59:24,167 [INFO] feature_engineering: Engineered 242 new features for temporal detection
2026-09-26 17:59:24,167 [INFO] feature_engineering: Calculating centrality features dynamically (Ignoring any dataset pre-computations)...
2026-09-26 17:59:24,171 [INFO] feature_engineering: Calculating Degree Centrality for 95 nodes...
2026-09-26 17:59:24,171 [INFO] feature_engineering: Calculating PageRank...
2026-09-26 17:59:24,178 [INFO] feature_engineering: Calculating K-Core...
2026-09-26 17:59:24,179 [INFO] feature_engineering: Calculating Eigenvector Centrality...
2026-09-26 17:59:24,184 [INFO] feature_engineering: Calculating Approximated Betweenness Centrality (k=50)...
2026-09-26 17:59:24,203 [INFO] feature_engineering: Dynamically calculated 10 centrality features for 2150 rows in 0.04 seconds.
2026-09-26 17:59:24,309 [INFO] community_leiden: Detecting communities using Leiden algorithm...
2026-09-26 17:59:24,316 [INFO] community_leiden: Detected 4 communities using Leiden
2026-09-26 17:59:24,419 [INFO] community_detection: Enhanced 2150 flows with community features
2026-09-26 17:59:25,341 [INFO] federated_learning: Generating embeddings for 95 nodes, 2150 edges
2026-09-26 17:59:25,467 [INFO] federated_learning: Generated 1942 flow embeddings
2026-09-26 17:59:25,468 [INFO] federated_learning:     -> [27.6%] Step 62/225 | Running Client 2/5 for temporal detector...
2026-09-26 17:59:25,473 [INFO] federated_learning: Loaded 2150 records for client 2
2026-09-26 17:59:25,489 [INFO] feature_engineering: Engineered 253 new features for temporal detection
2026-09-26 17:59:25,489 [INFO] feature_engineering: Calculating centrality features dynamically (Ignoring any dataset pre-computations)...
2026-09-26 17:59:25,493 [INFO] feature_engineering: Calculating Degree Centrality for 111 nodes...
2026-09-26 17:59:25,494 [INFO] feature_engineering: Calculating PageRank...
2026-09-26 17:59:25,500 [INFO] feature_engineering: Calculating K-Core...
2026-09-26 17:59:25,500 [INFO] feature_engineering: Calculating Eigenvector Centrality...
2026-09-26 17:59:25,506 [INFO] feature_engineering: Calculating Approximated Betweenness Centrality (k=50)...
2026-09-26 17:59:25,527 [INFO] feature_engineering: Dynamically calculated 10 centrality features for 2150 rows in 0.04 seconds.
2026-09-26 17:59:25,636 [INFO] community_leiden: Detecting communities using Leiden algorithm...
2026-09-26 17:59:25,643 [INFO] community_leiden: Detected 5 communities using Leiden
2026-09-26 17:59:25,769 [INFO] community_detection: Enhanced 2150 flows with community features
2026-09-26 17:59:26,676 [INFO] federated_learning: Generating embeddings for 111 nodes, 2150 edges
2026-09-26 17:59:26,804 [INFO] federated_learning: Generated 1964 flow embeddings
2026-09-26 17:59:26,805 [INFO] federated_learning:     -> [28.0%] Step 63/225 | Running Client 3/5 for temporal detector...
2026-09-26 17:59:26,810 [INFO] federated_learning: Loaded 2150 records for client 3
2026-09-26 17:59:26,824 [INFO] feature_engineering: Engineered 264 new features for temporal detection
2026-09-26 17:59:26,824 [INFO] feature_engineering: Calculating centrality features dynamically (Ignoring any dataset pre-computations)...
2026-09-26 17:59:26,828 [INFO] feature_engineering: Calculating Degree Centrality for 106 nodes...
2026-09-26 17:59:26,828 [INFO] feature_engineering: Calculating PageRank...
2026-09-26 17:59:26,833 [INFO] feature_engineering: Calculating K-Core...
2026-09-26 17:59:26,834 [INFO] feature_engineering: Calculating Eigenvector Centrality...
2026-09-26 17:59:26,840 [INFO] feature_engineering: Calculating Approximated Betweenness Centrality (k=50)...
2026-09-26 17:59:26,860 [INFO] feature_engineering: Dynamically calculated 10 centrality features for 2150 rows in 0.04 seconds.
2026-09-26 17:59:26,967 [INFO] community_leiden: Detecting communities using Leiden algorithm...
2026-09-26 17:59:26,974 [INFO] community_leiden: Detected 6 communities using Leiden
2026-09-26 17:59:27,095 [INFO] community_detection: Enhanced 2150 flows with community features
2026-09-26 17:59:27,991 [INFO] federated_learning: Generating embeddings for 106 nodes, 2150 edges
2026-09-26 17:59:28,116 [INFO] federated_learning: Generated 1927 flow embeddings
2026-09-26 17:59:28,117 [INFO] federated_learning:     -> [28.4%] Step 64/225 | Running Client 4/5 for temporal detector...
2026-09-26 17:59:28,122 [INFO] federated_learning: Loaded 2150 records for client 4
2026-09-26 17:59:28,138 [INFO] feature_engineering: Engineered 275 new features for temporal detection
2026-09-26 17:59:28,138 [INFO] feature_engineering: Calculating centrality features dynamically (Ignoring any dataset pre-computations)...
2026-09-26 17:59:28,142 [INFO] feature_engineering: Calculating Degree Centrality for 105 nodes...
2026-09-26 17:59:28,143 [INFO] feature_engineering: Calculating PageRank...
2026-09-26 17:59:28,148 [INFO] feature_engineering: Calculating K-Core...
2026-09-26 17:59:28,149 [INFO] feature_engineering: Calculating Eigenvector Centrality...
2026-09-26 17:59:28,155 [INFO] feature_engineering: Calculating Approximated Betweenness Centrality (k=50)...
2026-09-26 17:59:28,176 [INFO] feature_engineering: Dynamically calculated 10 centrality features for 2150 rows in 0.04 seconds.
2026-09-26 17:59:28,286 [INFO] community_leiden: Detecting communities using Leiden algorithm...
2026-09-26 17:59:28,293 [INFO] community_leiden: Detected 5 communities using Leiden
2026-09-26 17:59:28,411 [INFO] community_detection: Enhanced 2150 flows with community features
2026-09-26 17:59:29,302 [INFO] federated_learning: Generating embeddings for 105 nodes, 2150 edges
2026-09-26 17:59:29,424 [INFO] federated_learning: Generated 1957 flow embeddings
2026-09-26 17:59:29,425 [INFO] federated_learning:     -> [28.9%] Step 65/225 | Running Client 5/5 for temporal detector...
2026-09-26 17:59:29,431 [INFO] federated_learning: Loaded 2150 records for client 5
2026-09-26 17:59:29,451 [INFO] feature_engineering: Engineered 286 new features for temporal detection
2026-09-26 17:59:29,452 [INFO] feature_engineering: Calculating centrality features dynamically (Ignoring any dataset pre-computations)...
2026-09-26 17:59:29,455 [INFO] feature_engineering: Calculating Degree Centrality for 102 nodes...
2026-09-26 17:59:29,456 [INFO] feature_engineering: Calculating PageRank...
2026-09-26 17:59:29,461 [INFO] feature_engineering: Calculating K-Core...
2026-09-26 17:59:29,462 [INFO] feature_engineering: Calculating Eigenvector Centrality...
2026-09-26 17:59:29,467 [INFO] feature_engineering: Calculating Approximated Betweenness Centrality (k=50)...
2026-09-26 17:59:29,487 [INFO] feature_engineering: Dynamically calculated 10 centrality features for 2150 rows in 0.03 seconds.
2026-09-26 17:59:29,596 [INFO] community_leiden: Detecting communities using Leiden algorithm...
2026-09-26 17:59:29,603 [INFO] community_leiden: Detected 5 communities using Leiden
2026-09-26 17:59:29,714 [INFO] community_detection: Enhanced 2150 flows with community features
2026-09-26 17:59:30,623 [INFO] federated_learning: Generating embeddings for 102 nodes, 2150 edges
2026-09-26 17:59:30,743 [INFO] federated_learning: Generated 1950 flow embeddings
2026-09-26 17:59:59,931 [INFO] federated_learning:   -> Processing Content Detector...
2026-09-26 17:59:59,931 [INFO] federated_learning:     -> [29.3%] Step 66/225 | Running Client 1/5 for content detector...
2026-09-26 17:59:59,937 [INFO] federated_learning: Loaded 2150 records for client 1
2026-09-26 17:59:59,948 [INFO] feature_engineering: Engineered 189 new features for content detection
2026-09-26 17:59:59,948 [INFO] feature_engineering: Calculating centrality features dynamically (Ignoring any dataset pre-computations)...
2026-09-26 17:59:59,952 [INFO] feature_engineering: Calculating Degree Centrality for 95 nodes...
2026-09-26 17:59:59,952 [INFO] feature_engineering: Calculating PageRank...
2026-09-26 17:59:59,957 [INFO] feature_engineering: Calculating K-Core...
2026-09-26 17:59:59,958 [INFO] feature_engineering: Calculating Eigenvector Centrality...
2026-09-26 17:59:59,962 [INFO] feature_engineering: Calculating Approximated Betweenness Centrality (k=50)...
2026-09-26 17:59:59,982 [INFO] feature_engineering: Dynamically calculated 10 centrality features for 2150 rows in 0.03 seconds.
2026-09-26 18:00:00,091 [INFO] community_leiden: Detecting communities using Leiden algorithm...
2026-09-26 18:00:00,097 [INFO] community_leiden: Detected 4 communities using Leiden
2026-09-26 18:00:00,205 [INFO] community_detection: Enhanced 2150 flows with community features
2026-09-26 18:00:01,359 [INFO] federated_learning: Generating embeddings for 95 nodes, 2150 edges
2026-09-26 18:00:01,504 [INFO] federated_learning: Generated 1942 flow embeddings
2026-09-26 18:00:01,504 [INFO] federated_learning:     -> [29.8%] Step 67/225 | Running Client 2/5 for content detector...
2026-09-26 18:00:01,510 [INFO] federated_learning: Loaded 2150 records for client 2
2026-09-26 18:00:01,522 [INFO] feature_engineering: Engineered 198 new features for content detection
2026-09-26 18:00:01,523 [INFO] feature_engineering: Calculating centrality features dynamically (Ignoring any dataset pre-computations)...
2026-09-26 18:00:01,526 [INFO] feature_engineering: Calculating Degree Centrality for 111 nodes...
2026-09-26 18:00:01,526 [INFO] feature_engineering: Calculating PageRank...
2026-09-26 18:00:01,531 [INFO] feature_engineering: Calculating K-Core...
2026-09-26 18:00:01,532 [INFO] feature_engineering: Calculating Eigenvector Centrality...
2026-09-26 18:00:01,537 [INFO] feature_engineering: Calculating Approximated Betweenness Centrality (k=50)...
2026-09-26 18:00:01,558 [INFO] feature_engineering: Dynamically calculated 10 centrality features for 2150 rows in 0.04 seconds.
2026-09-26 18:00:01,671 [INFO] community_leiden: Detecting communities using Leiden algorithm...
2026-09-26 18:00:01,678 [INFO] community_leiden: Detected 5 communities using Leiden
2026-09-26 18:00:01,806 [INFO] community_detection: Enhanced 2150 flows with community features
2026-09-26 18:00:03,001 [INFO] federated_learning: Generating embeddings for 111 nodes, 2150 edges
2026-09-26 18:00:03,148 [INFO] federated_learning: Generated 1964 flow embeddings
2026-09-26 18:00:03,149 [INFO] federated_learning:     -> [30.2%] Step 68/225 | Running Client 3/5 for content detector...
2026-09-26 18:00:03,154 [INFO] federated_learning: Loaded 2150 records for client 3
2026-09-26 18:00:03,166 [INFO] feature_engineering: Engineered 207 new features for content detection
2026-09-26 18:00:03,166 [INFO] feature_engineering: Calculating centrality features dynamically (Ignoring any dataset pre-computations)...
2026-09-26 18:00:03,169 [INFO] feature_engineering: Calculating Degree Centrality for 106 nodes...
2026-09-26 18:00:03,170 [INFO] feature_engineering: Calculating PageRank...
2026-09-26 18:00:03,175 [INFO] feature_engineering: Calculating K-Core...
2026-09-26 18:00:03,176 [INFO] feature_engineering: Calculating Eigenvector Centrality...
2026-09-26 18:00:03,181 [INFO] feature_engineering: Calculating Approximated Betweenness Centrality (k=50)...
2026-09-26 18:00:03,201 [INFO] feature_engineering: Dynamically calculated 10 centrality features for 2150 rows in 0.03 seconds.
2026-09-26 18:00:03,311 [INFO] community_leiden: Detecting communities using Leiden algorithm...
2026-09-26 18:00:03,318 [INFO] community_leiden: Detected 6 communities using Leiden
2026-09-26 18:00:03,439 [INFO] community_detection: Enhanced 2150 flows with community features
2026-09-26 18:00:04,628 [INFO] federated_learning: Generating embeddings for 106 nodes, 2150 edges
2026-09-26 18:00:04,780 [INFO] federated_learning: Generated 1927 flow embeddings
2026-09-26 18:00:04,780 [INFO] federated_learning:     -> [30.7%] Step 69/225 | Running Client 4/5 for content detector...
2026-09-26 18:00:04,786 [INFO] federated_learning: Loaded 2150 records for client 4
2026-09-26 18:00:04,798 [INFO] feature_engineering: Engineered 216 new features for content detection
2026-09-26 18:00:04,798 [INFO] feature_engineering: Calculating centrality features dynamically (Ignoring any dataset pre-computations)...
2026-09-26 18:00:04,802 [INFO] feature_engineering: Calculating Degree Centrality for 105 nodes...
2026-09-26 18:00:04,802 [INFO] feature_engineering: Calculating PageRank...
2026-09-26 18:00:04,807 [INFO] feature_engineering: Calculating K-Core...
2026-09-26 18:00:04,808 [INFO] feature_engineering: Calculating Eigenvector Centrality...
2026-09-26 18:00:04,814 [INFO] feature_engineering: Calculating Approximated Betweenness Centrality (k=50)...
2026-09-26 18:00:04,835 [INFO] feature_engineering: Dynamically calculated 10 centrality features for 2150 rows in 0.04 seconds.
2026-09-26 18:00:04,957 [INFO] community_leiden: Detecting communities using Leiden algorithm...
2026-09-26 18:00:04,966 [INFO] community_leiden: Detected 5 communities using Leiden
2026-09-26 18:00:05,092 [INFO] community_detection: Enhanced 2150 flows with community features
2026-09-26 18:00:06,285 [INFO] federated_learning: Generating embeddings for 105 nodes, 2150 edges
2026-09-26 18:00:06,430 [INFO] federated_learning: Generated 1957 flow embeddings
2026-09-26 18:00:06,431 [INFO] federated_learning:     -> [31.1%] Step 70/225 | Running Client 5/5 for content detector...
2026-09-26 18:00:06,437 [INFO] federated_learning: Loaded 2150 records for client 5
2026-09-26 18:00:06,451 [INFO] feature_engineering: Engineered 225 new features for content detection
2026-09-26 18:00:06,451 [INFO] feature_engineering: Calculating centrality features dynamically (Ignoring any dataset pre-computations)...
2026-09-26 18:00:06,454 [INFO] feature_engineering: Calculating Degree Centrality for 102 nodes...
2026-09-26 18:00:06,455 [INFO] feature_engineering: Calculating PageRank...
2026-09-26 18:00:06,460 [INFO] feature_engineering: Calculating K-Core...
2026-09-26 18:00:06,461 [INFO] feature_engineering: Calculating Eigenvector Centrality...
2026-09-26 18:00:06,466 [INFO] feature_engineering: Calculating Approximated Betweenness Centrality (k=50)...
2026-09-26 18:00:06,487 [INFO] feature_engineering: Dynamically calculated 10 centrality features for 2150 rows in 0.04 seconds.
2026-09-26 18:00:06,599 [INFO] community_leiden: Detecting communities using Leiden algorithm...
2026-09-26 18:00:06,606 [INFO] community_leiden: Detected 5 communities using Leiden
2026-09-26 18:00:06,718 [INFO] community_detection: Enhanced 2150 flows with community features
2026-09-26 18:00:07,871 [INFO] federated_learning: Generating embeddings for 102 nodes, 2150 edges
2026-09-26 18:00:08,018 [INFO] federated_learning: Generated 1950 flow embeddings
2026-09-26 18:00:37,208 [INFO] federated_learning:   -> Processing Behavioral Detector...
2026-09-26 18:00:37,209 [INFO] federated_learning:     -> [31.6%] Step 71/225 | Running Client 1/5 for behavioral detector...
2026-09-26 18:00:37,217 [INFO] federated_learning: Loaded 2150 records for client 1
2026-09-26 18:00:37,248 [INFO] feature_engineering: Engineered 210 new features for behavioral detection
2026-09-26 18:00:37,249 [INFO] feature_engineering: Calculating centrality features dynamically (Ignoring any dataset pre-computations)...
2026-09-26 18:00:37,252 [INFO] feature_engineering: Calculating Degree Centrality for 95 nodes...
2026-09-26 18:00:37,253 [INFO] feature_engineering: Calculating PageRank...
2026-09-26 18:00:37,258 [INFO] feature_engineering: Calculating K-Core...
2026-09-26 18:00:37,258 [INFO] feature_engineering: Calculating Eigenvector Centrality...
2026-09-26 18:00:37,263 [INFO] feature_engineering: Calculating Approximated Betweenness Centrality (k=50)...
2026-09-26 18:00:37,283 [INFO] feature_engineering: Dynamically calculated 10 centrality features for 2150 rows in 0.03 seconds.
2026-09-26 18:00:37,391 [INFO] community_leiden: Detecting communities using Leiden algorithm...
2026-09-26 18:00:37,398 [INFO] community_leiden: Detected 4 communities using Leiden
2026-09-26 18:00:37,497 [INFO] community_detection: Enhanced 2150 flows with community features
2026-09-26 18:00:38,414 [INFO] federated_learning: Generating embeddings for 95 nodes, 2150 edges
2026-09-26 18:00:38,537 [INFO] federated_learning: Generated 1942 flow embeddings
2026-09-26 18:00:38,537 [INFO] federated_learning:     -> [32.0%] Step 72/225 | Running Client 2/5 for behavioral detector...
2026-09-26 18:00:38,546 [INFO] federated_learning: Loaded 2150 records for client 2
2026-09-26 18:00:38,584 [INFO] feature_engineering: Engineered 220 new features for behavioral detection
2026-09-26 18:00:38,585 [INFO] feature_engineering: Calculating centrality features dynamically (Ignoring any dataset pre-computations)...
2026-09-26 18:00:38,589 [INFO] feature_engineering: Calculating Degree Centrality for 111 nodes...
2026-09-26 18:00:38,589 [INFO] feature_engineering: Calculating PageRank...
2026-09-26 18:00:38,594 [INFO] feature_engineering: Calculating K-Core...
2026-09-26 18:00:38,595 [INFO] feature_engineering: Calculating Eigenvector Centrality...
2026-09-26 18:00:38,601 [INFO] feature_engineering: Calculating Approximated Betweenness Centrality (k=50)...
2026-09-26 18:00:38,625 [INFO] feature_engineering: Dynamically calculated 10 centrality features for 2150 rows in 0.04 seconds.
2026-09-26 18:00:38,734 [INFO] community_leiden: Detecting communities using Leiden algorithm...
2026-09-26 18:00:38,742 [INFO] community_leiden: Detected 5 communities using Leiden
2026-09-26 18:00:38,873 [INFO] community_detection: Enhanced 2150 flows with community features
2026-09-26 18:00:39,805 [INFO] federated_learning: Generating embeddings for 111 nodes, 2150 edges
2026-09-26 18:00:39,928 [INFO] federated_learning: Generated 1964 flow embeddings
2026-09-26 18:00:39,928 [INFO] federated_learning:     -> [32.4%] Step 73/225 | Running Client 3/5 for behavioral detector...
2026-09-26 18:00:39,934 [INFO] federated_learning: Loaded 2150 records for client 3
2026-09-26 18:00:39,963 [INFO] feature_engineering: Engineered 230 new features for behavioral detection
2026-09-26 18:00:39,963 [INFO] feature_engineering: Calculating centrality features dynamically (Ignoring any dataset pre-computations)...
2026-09-26 18:00:39,967 [INFO] feature_engineering: Calculating Degree Centrality for 106 nodes...
2026-09-26 18:00:39,967 [INFO] feature_engineering: Calculating PageRank...
2026-09-26 18:00:39,972 [INFO] feature_engineering: Calculating K-Core...
2026-09-26 18:00:39,973 [INFO] feature_engineering: Calculating Eigenvector Centrality...
2026-09-26 18:00:39,978 [INFO] feature_engineering: Calculating Approximated Betweenness Centrality (k=50)...
2026-09-26 18:00:39,999 [INFO] feature_engineering: Dynamically calculated 10 centrality features for 2150 rows in 0.04 seconds.
2026-09-26 18:00:40,108 [INFO] community_leiden: Detecting communities using Leiden algorithm...
2026-09-26 18:00:40,115 [INFO] community_leiden: Detected 6 communities using Leiden
2026-09-26 18:00:40,233 [INFO] community_detection: Enhanced 2150 flows with community features
2026-09-26 18:00:41,133 [INFO] federated_learning: Generating embeddings for 106 nodes, 2150 edges
2026-09-26 18:00:41,255 [INFO] federated_learning: Generated 1927 flow embeddings
2026-09-26 18:00:41,261 [INFO] federated_learning:     -> [32.9%] Step 74/225 | Running Client 4/5 for behavioral detector...
2026-09-26 18:00:41,267 [INFO] federated_learning: Loaded 2150 records for client 4
2026-09-26 18:00:41,300 [INFO] feature_engineering: Engineered 240 new features for behavioral detection
2026-09-26 18:00:41,300 [INFO] feature_engineering: Calculating centrality features dynamically (Ignoring any dataset pre-computations)...
2026-09-26 18:00:41,304 [INFO] feature_engineering: Calculating Degree Centrality for 105 nodes...
2026-09-26 18:00:41,305 [INFO] feature_engineering: Calculating PageRank...
2026-09-26 18:00:41,310 [INFO] feature_engineering: Calculating K-Core...
2026-09-26 18:00:41,311 [INFO] feature_engineering: Calculating Eigenvector Centrality...
2026-09-26 18:00:41,317 [INFO] feature_engineering: Calculating Approximated Betweenness Centrality (k=50)...
2026-09-26 18:00:41,340 [INFO] feature_engineering: Dynamically calculated 10 centrality features for 2150 rows in 0.04 seconds.
2026-09-26 18:00:41,449 [INFO] community_leiden: Detecting communities using Leiden algorithm...
2026-09-26 18:00:41,455 [INFO] community_leiden: Detected 4 communities using Leiden
2026-09-26 18:00:41,574 [INFO] community_detection: Enhanced 2150 flows with community features
2026-09-26 18:00:42,478 [INFO] federated_learning: Generating embeddings for 105 nodes, 2150 edges
2026-09-26 18:00:42,601 [INFO] federated_learning: Generated 1957 flow embeddings
2026-09-26 18:00:42,602 [INFO] federated_learning:     -> [33.3%] Step 75/225 | Running Client 5/5 for behavioral detector...
2026-09-26 18:00:42,607 [INFO] federated_learning: Loaded 2150 records for client 5
2026-09-26 18:00:42,637 [INFO] feature_engineering: Engineered 250 new features for behavioral detection
2026-09-26 18:00:42,638 [INFO] feature_engineering: Calculating centrality features dynamically (Ignoring any dataset pre-computations)...
2026-09-26 18:00:42,641 [INFO] feature_engineering: Calculating Degree Centrality for 102 nodes...
2026-09-26 18:00:42,642 [INFO] feature_engineering: Calculating PageRank...
2026-09-26 18:00:42,647 [INFO] feature_engineering: Calculating K-Core...
2026-09-26 18:00:42,648 [INFO] feature_engineering: Calculating Eigenvector Centrality...
2026-09-26 18:00:42,654 [INFO] feature_engineering: Calculating Approximated Betweenness Centrality (k=50)...
2026-09-26 18:00:42,675 [INFO] feature_engineering: Dynamically calculated 10 centrality features for 2150 rows in 0.04 seconds.
2026-09-26 18:00:42,782 [INFO] community_leiden: Detecting communities using Leiden algorithm...
2026-09-26 18:00:42,789 [INFO] community_leiden: Detected 5 communities using Leiden
2026-09-26 18:00:42,897 [INFO] community_detection: Enhanced 2150 flows with community features
2026-09-26 18:00:43,806 [INFO] federated_learning: Generating embeddings for 102 nodes, 2150 edges
2026-09-26 18:00:43,931 [INFO] federated_learning: Generated 1950 flow embeddings
2026-09-26 18:01:13,293 [INFO] utils: Round 5 metrics logged
2026-09-26 18:01:13,294 [INFO] federated_learning: Round 5 completed in 109.15s, loss: 0.4504
2026-09-26 18:01:13,294 [INFO] federated_learning: Starting round 6/15 (Total System Steps: 225)
2026-09-26 18:01:13,294 [INFO] federated_learning:   -> Processing Temporal Detector...
2026-09-26 18:01:13,295 [INFO] federated_learning:     -> [33.8%] Step 76/225 | Running Client 1/5 for temporal detector...
2026-09-26 18:01:13,300 [INFO] federated_learning: Loaded 2150 records for client 1
2026-09-26 18:01:13,315 [INFO] feature_engineering: Engineered 297 new features for temporal detection
2026-09-26 18:01:13,315 [INFO] feature_engineering: Calculating centrality features dynamically (Ignoring any dataset pre-computations)...
2026-09-26 18:01:13,319 [INFO] feature_engineering: Calculating Degree Centrality for 95 nodes...
2026-09-26 18:01:13,319 [INFO] feature_engineering: Calculating PageRank...
2026-09-26 18:01:13,324 [INFO] feature_engineering: Calculating K-Core...
2026-09-26 18:01:13,325 [INFO] feature_engineering: Calculating Eigenvector Centrality...
2026-09-26 18:01:13,330 [INFO] feature_engineering: Calculating Approximated Betweenness Centrality (k=50)...
2026-09-26 18:01:13,350 [INFO] feature_engineering: Dynamically calculated 10 centrality features for 2150 rows in 0.03 seconds.
2026-09-26 18:01:13,459 [INFO] community_leiden: Detecting communities using Leiden algorithm...
2026-09-26 18:01:13,466 [INFO] community_leiden: Detected 4 communities using Leiden
2026-09-26 18:01:13,568 [INFO] community_detection: Enhanced 2150 flows with community features
2026-09-26 18:01:14,469 [INFO] federated_learning: Generating embeddings for 95 nodes, 2150 edges
2026-09-26 18:01:14,596 [INFO] federated_learning: Generated 1942 flow embeddings
2026-09-26 18:01:14,596 [INFO] federated_learning:     -> [34.2%] Step 77/225 | Running Client 2/5 for temporal detector...
2026-09-26 18:01:14,602 [INFO] federated_learning: Loaded 2150 records for client 2
2026-09-26 18:01:14,616 [INFO] feature_engineering: Engineered 308 new features for temporal detection
2026-09-26 18:01:14,616 [INFO] feature_engineering: Calculating centrality features dynamically (Ignoring any dataset pre-computations)...
2026-09-26 18:01:14,620 [INFO] feature_engineering: Calculating Degree Centrality for 111 nodes...
2026-09-26 18:01:14,620 [INFO] feature_engineering: Calculating PageRank...
2026-09-26 18:01:14,625 [INFO] feature_engineering: Calculating K-Core...
2026-09-26 18:01:14,626 [INFO] feature_engineering: Calculating Eigenvector Centrality...
2026-09-26 18:01:14,631 [INFO] feature_engineering: Calculating Approximated Betweenness Centrality (k=50)...
2026-09-26 18:01:14,652 [INFO] feature_engineering: Dynamically calculated 10 centrality features for 2150 rows in 0.04 seconds.
2026-09-26 18:01:14,765 [INFO] community_leiden: Detecting communities using Leiden algorithm...
2026-09-26 18:01:14,773 [INFO] community_leiden: Detected 5 communities using Leiden
2026-09-26 18:01:14,909 [INFO] community_detection: Enhanced 2150 flows with community features
2026-09-26 18:01:15,830 [INFO] federated_learning: Generating embeddings for 111 nodes, 2150 edges
2026-09-26 18:01:15,958 [INFO] federated_learning: Generated 1964 flow embeddings
2026-09-26 18:01:15,959 [INFO] federated_learning:     -> [34.7%] Step 78/225 | Running Client 3/5 for temporal detector...
2026-09-26 18:01:15,965 [INFO] federated_learning: Loaded 2150 records for client 3
2026-09-26 18:01:15,983 [INFO] feature_engineering: Engineered 319 new features for temporal detection
2026-09-26 18:01:15,984 [INFO] feature_engineering: Calculating centrality features dynamically (Ignoring any dataset pre-computations)...
2026-09-26 18:01:15,988 [INFO] feature_engineering: Calculating Degree Centrality for 106 nodes...
2026-09-26 18:01:15,988 [INFO] feature_engineering: Calculating PageRank...
2026-09-26 18:01:15,994 [INFO] feature_engineering: Calculating K-Core...
2026-09-26 18:01:15,995 [INFO] feature_engineering: Calculating Eigenvector Centrality...
2026-09-26 18:01:16,000 [INFO] feature_engineering: Calculating Approximated Betweenness Centrality (k=50)...
2026-09-26 18:01:16,021 [INFO] feature_engineering: Dynamically calculated 10 centrality features for 2150 rows in 0.04 seconds.
2026-09-26 18:01:16,130 [INFO] community_leiden: Detecting communities using Leiden algorithm...
2026-09-26 18:01:16,138 [INFO] community_leiden: Detected 6 communities using Leiden
2026-09-26 18:01:16,259 [INFO] community_detection: Enhanced 2150 flows with community features
2026-09-26 18:01:17,175 [INFO] federated_learning: Generating embeddings for 106 nodes, 2150 edges
2026-09-26 18:01:17,297 [INFO] federated_learning: Generated 1927 flow embeddings
2026-09-26 18:01:17,298 [INFO] federated_learning:     -> [35.1%] Step 79/225 | Running Client 4/5 for temporal detector...
2026-09-26 18:01:17,304 [INFO] federated_learning: Loaded 2150 records for client 4
2026-09-26 18:01:17,318 [INFO] feature_engineering: Engineered 330 new features for temporal detection
2026-09-26 18:01:17,318 [INFO] feature_engineering: Calculating centrality features dynamically (Ignoring any dataset pre-computations)...
2026-09-26 18:01:17,322 [INFO] feature_engineering: Calculating Degree Centrality for 105 nodes...
2026-09-26 18:01:17,322 [INFO] feature_engineering: Calculating PageRank...
2026-09-26 18:01:17,327 [INFO] feature_engineering: Calculating K-Core...
2026-09-26 18:01:17,328 [INFO] feature_engineering: Calculating Eigenvector Centrality...
2026-09-26 18:01:17,333 [INFO] feature_engineering: Calculating Approximated Betweenness Centrality (k=50)...
2026-09-26 18:01:17,353 [INFO] feature_engineering: Dynamically calculated 10 centrality features for 2150 rows in 0.03 seconds.
2026-09-26 18:01:17,461 [INFO] community_leiden: Detecting communities using Leiden algorithm...
2026-09-26 18:01:17,468 [INFO] community_leiden: Detected 5 communities using Leiden
2026-09-26 18:01:17,581 [INFO] community_detection: Enhanced 2150 flows with community features
2026-09-26 18:01:18,473 [INFO] federated_learning: Generating embeddings for 105 nodes, 2150 edges
2026-09-26 18:01:18,599 [INFO] federated_learning: Generated 1957 flow embeddings
2026-09-26 18:01:18,600 [INFO] federated_learning:     -> [35.6%] Step 80/225 | Running Client 5/5 for temporal detector...
2026-09-26 18:01:18,605 [INFO] federated_learning: Loaded 2150 records for client 5
2026-09-26 18:01:18,622 [INFO] feature_engineering: Engineered 341 new features for temporal detection
2026-09-26 18:01:18,622 [INFO] feature_engineering: Calculating centrality features dynamically (Ignoring any dataset pre-computations)...
2026-09-26 18:01:18,626 [INFO] feature_engineering: Calculating Degree Centrality for 102 nodes...
2026-09-26 18:01:18,626 [INFO] feature_engineering: Calculating PageRank...
2026-09-26 18:01:18,632 [INFO] feature_engineering: Calculating K-Core...
2026-09-26 18:01:18,632 [INFO] feature_engineering: Calculating Eigenvector Centrality...
2026-09-26 18:01:18,638 [INFO] feature_engineering: Calculating Approximated Betweenness Centrality (k=50)...
2026-09-26 18:01:18,662 [INFO] feature_engineering: Dynamically calculated 10 centrality features for 2150 rows in 0.04 seconds.
2026-09-26 18:01:18,776 [INFO] community_leiden: Detecting communities using Leiden algorithm...
2026-09-26 18:01:18,785 [INFO] community_leiden: Detected 5 communities using Leiden
2026-09-26 18:01:18,896 [INFO] community_detection: Enhanced 2150 flows with community features
2026-09-26 18:01:19,811 [INFO] federated_learning: Generating embeddings for 102 nodes, 2150 edges
2026-09-26 18:01:19,939 [INFO] federated_learning: Generated 1950 flow embeddings
2026-09-26 18:01:49,263 [INFO] federated_learning:   -> Processing Content Detector...
2026-09-26 18:01:49,263 [INFO] federated_learning:     -> [36.0%] Step 81/225 | Running Client 1/5 for content detector...
2026-09-26 18:01:49,270 [INFO] federated_learning: Loaded 2150 records for client 1
2026-09-26 18:01:49,281 [INFO] feature_engineering: Engineered 234 new features for content detection
2026-09-26 18:01:49,281 [INFO] feature_engineering: Calculating centrality features dynamically (Ignoring any dataset pre-computations)...
2026-09-26 18:01:49,285 [INFO] feature_engineering: Calculating Degree Centrality for 95 nodes...
2026-09-26 18:01:49,285 [INFO] feature_engineering: Calculating PageRank...
2026-09-26 18:01:49,290 [INFO] feature_engineering: Calculating K-Core...
2026-09-26 18:01:49,291 [INFO] feature_engineering: Calculating Eigenvector Centrality...
2026-09-26 18:01:49,296 [INFO] feature_engineering: Calculating Approximated Betweenness Centrality (k=50)...
2026-09-26 18:01:49,316 [INFO] feature_engineering: Dynamically calculated 10 centrality features for 2150 rows in 0.03 seconds.
2026-09-26 18:01:49,423 [INFO] community_leiden: Detecting communities using Leiden algorithm...
2026-09-26 18:01:49,429 [INFO] community_leiden: Detected 4 communities using Leiden
2026-09-26 18:01:49,534 [INFO] community_detection: Enhanced 2150 flows with community features
2026-09-26 18:01:50,684 [INFO] federated_learning: Generating embeddings for 95 nodes, 2150 edges
2026-09-26 18:01:50,828 [INFO] federated_learning: Generated 1942 flow embeddings
2026-09-26 18:01:50,828 [INFO] federated_learning:     -> [36.4%] Step 82/225 | Running Client 2/5 for content detector...
2026-09-26 18:01:50,834 [INFO] federated_learning: Loaded 2150 records for client 2
2026-09-26 18:01:50,845 [INFO] feature_engineering: Engineered 243 new features for content detection
2026-09-26 18:01:50,846 [INFO] feature_engineering: Calculating centrality features dynamically (Ignoring any dataset pre-computations)...
2026-09-26 18:01:50,849 [INFO] feature_engineering: Calculating Degree Centrality for 111 nodes...
2026-09-26 18:01:50,849 [INFO] feature_engineering: Calculating PageRank...
2026-09-26 18:01:50,854 [INFO] feature_engineering: Calculating K-Core...
2026-09-26 18:01:50,855 [INFO] feature_engineering: Calculating Eigenvector Centrality...
2026-09-26 18:01:50,861 [INFO] feature_engineering: Calculating Approximated Betweenness Centrality (k=50)...
2026-09-26 18:01:50,881 [INFO] feature_engineering: Dynamically calculated 10 centrality features for 2150 rows in 0.04 seconds.
2026-09-26 18:01:50,991 [INFO] community_leiden: Detecting communities using Leiden algorithm...
2026-09-26 18:01:50,998 [INFO] community_leiden: Detected 5 communities using Leiden
2026-09-26 18:01:51,127 [INFO] community_detection: Enhanced 2150 flows with community features
2026-09-26 18:01:52,292 [INFO] federated_learning: Generating embeddings for 111 nodes, 2150 edges
2026-09-26 18:01:52,436 [INFO] federated_learning: Generated 1964 flow embeddings
2026-09-26 18:01:52,437 [INFO] federated_learning:     -> [36.9%] Step 83/225 | Running Client 3/5 for content detector...
2026-09-26 18:01:52,442 [INFO] federated_learning: Loaded 2150 records for client 3
2026-09-26 18:01:52,454 [INFO] feature_engineering: Engineered 252 new features for content detection
2026-09-26 18:01:52,454 [INFO] feature_engineering: Calculating centrality features dynamically (Ignoring any dataset pre-computations)...
2026-09-26 18:01:52,458 [INFO] feature_engineering: Calculating Degree Centrality for 106 nodes...
2026-09-26 18:01:52,458 [INFO] feature_engineering: Calculating PageRank...
2026-09-26 18:01:52,463 [INFO] feature_engineering: Calculating K-Core...
2026-09-26 18:01:52,464 [INFO] feature_engineering: Calculating Eigenvector Centrality...
2026-09-26 18:01:52,470 [INFO] feature_engineering: Calculating Approximated Betweenness Centrality (k=50)...
2026-09-26 18:01:52,490 [INFO] feature_engineering: Dynamically calculated 10 centrality features for 2150 rows in 0.04 seconds.
2026-09-26 18:01:52,597 [INFO] community_leiden: Detecting communities using Leiden algorithm...
2026-09-26 18:01:52,605 [INFO] community_leiden: Detected 6 communities using Leiden
2026-09-26 18:01:52,719 [INFO] community_detection: Enhanced 2150 flows with community features
2026-09-26 18:01:53,891 [INFO] federated_learning: Generating embeddings for 106 nodes, 2150 edges
2026-09-26 18:01:54,034 [INFO] federated_learning: Generated 1927 flow embeddings
2026-09-26 18:01:54,034 [INFO] federated_learning:     -> [37.3%] Step 84/225 | Running Client 4/5 for content detector...
2026-09-26 18:01:54,040 [INFO] federated_learning: Loaded 2150 records for client 4
2026-09-26 18:01:54,051 [INFO] feature_engineering: Engineered 261 new features for content detection
2026-09-26 18:01:54,052 [INFO] feature_engineering: Calculating centrality features dynamically (Ignoring any dataset pre-computations)...
2026-09-26 18:01:54,055 [INFO] feature_engineering: Calculating Degree Centrality for 105 nodes...
2026-09-26 18:01:54,056 [INFO] feature_engineering: Calculating PageRank...
2026-09-26 18:01:54,060 [INFO] feature_engineering: Calculating K-Core...
2026-09-26 18:01:54,061 [INFO] feature_engineering: Calculating Eigenvector Centrality...
2026-09-26 18:01:54,067 [INFO] feature_engineering: Calculating Approximated Betweenness Centrality (k=50)...
2026-09-26 18:01:54,087 [INFO] feature_engineering: Dynamically calculated 10 centrality features for 2150 rows in 0.04 seconds.
2026-09-26 18:01:54,201 [INFO] community_leiden: Detecting communities using Leiden algorithm...
2026-09-26 18:01:54,208 [INFO] community_leiden: Detected 5 communities using Leiden
2026-09-26 18:01:54,329 [INFO] community_detection: Enhanced 2150 flows with community features
2026-09-26 18:01:55,555 [INFO] federated_learning: Generating embeddings for 105 nodes, 2150 edges
2026-09-26 18:01:55,700 [INFO] federated_learning: Generated 1957 flow embeddings
2026-09-26 18:01:55,701 [INFO] federated_learning:     -> [37.8%] Step 85/225 | Running Client 5/5 for content detector...
2026-09-26 18:01:55,706 [INFO] federated_learning: Loaded 2150 records for client 5
2026-09-26 18:01:55,718 [INFO] feature_engineering: Engineered 270 new features for content detection
2026-09-26 18:01:55,718 [INFO] feature_engineering: Calculating centrality features dynamically (Ignoring any dataset pre-computations)...
2026-09-26 18:01:55,722 [INFO] feature_engineering: Calculating Degree Centrality for 102 nodes...
2026-09-26 18:01:55,722 [INFO] feature_engineering: Calculating PageRank...
2026-09-26 18:01:55,727 [INFO] feature_engineering: Calculating K-Core...
2026-09-26 18:01:55,728 [INFO] feature_engineering: Calculating Eigenvector Centrality...
2026-09-26 18:01:55,734 [INFO] feature_engineering: Calculating Approximated Betweenness Centrality (k=50)...
2026-09-26 18:01:55,754 [INFO] feature_engineering: Dynamically calculated 10 centrality features for 2150 rows in 0.04 seconds.
2026-09-26 18:01:55,864 [INFO] community_leiden: Detecting communities using Leiden algorithm...
2026-09-26 18:01:55,871 [INFO] community_leiden: Detected 5 communities using Leiden
2026-09-26 18:01:55,978 [INFO] community_detection: Enhanced 2150 flows with community features
2026-09-26 18:01:57,132 [INFO] federated_learning: Generating embeddings for 102 nodes, 2150 edges
2026-09-26 18:01:57,287 [INFO] federated_learning: Generated 1950 flow embeddings
2026-09-26 18:02:26,403 [INFO] federated_learning:   -> Processing Behavioral Detector...
2026-09-26 18:02:26,403 [INFO] federated_learning:     -> [38.2%] Step 86/225 | Running Client 1/5 for behavioral detector...
2026-09-26 18:02:26,412 [INFO] federated_learning: Loaded 2150 records for client 1
2026-09-26 18:02:26,443 [INFO] feature_engineering: Engineered 260 new features for behavioral detection
2026-09-26 18:02:26,443 [INFO] feature_engineering: Calculating centrality features dynamically (Ignoring any dataset pre-computations)...
2026-09-26 18:02:26,447 [INFO] feature_engineering: Calculating Degree Centrality for 95 nodes...
2026-09-26 18:02:26,447 [INFO] feature_engineering: Calculating PageRank...
2026-09-26 18:02:26,452 [INFO] feature_engineering: Calculating K-Core...
2026-09-26 18:02:26,453 [INFO] feature_engineering: Calculating Eigenvector Centrality...
2026-09-26 18:02:26,457 [INFO] feature_engineering: Calculating Approximated Betweenness Centrality (k=50)...
2026-09-26 18:02:26,477 [INFO] feature_engineering: Dynamically calculated 10 centrality features for 2150 rows in 0.03 seconds.
2026-09-26 18:02:26,584 [INFO] community_leiden: Detecting communities using Leiden algorithm...
2026-09-26 18:02:26,591 [INFO] community_leiden: Detected 4 communities using Leiden
2026-09-26 18:02:26,706 [INFO] community_detection: Enhanced 2150 flows with community features
2026-09-26 18:02:27,595 [INFO] federated_learning: Generating embeddings for 95 nodes, 2150 edges
2026-09-26 18:02:27,720 [INFO] federated_learning: Generated 1942 flow embeddings
2026-09-26 18:02:27,721 [INFO] federated_learning:     -> [38.7%] Step 87/225 | Running Client 2/5 for behavioral detector...
2026-09-26 18:02:27,727 [INFO] federated_learning: Loaded 2150 records for client 2
2026-09-26 18:02:27,763 [INFO] feature_engineering: Engineered 270 new features for behavioral detection
2026-09-26 18:02:27,764 [INFO] feature_engineering: Calculating centrality features dynamically (Ignoring any dataset pre-computations)...
2026-09-26 18:02:27,768 [INFO] feature_engineering: Calculating Degree Centrality for 111 nodes...
2026-09-26 18:02:27,768 [INFO] feature_engineering: Calculating PageRank...
2026-09-26 18:02:27,774 [INFO] feature_engineering: Calculating K-Core...
2026-09-26 18:02:27,775 [INFO] feature_engineering: Calculating Eigenvector Centrality...
2026-09-26 18:02:27,782 [INFO] feature_engineering: Calculating Approximated Betweenness Centrality (k=50)...
2026-09-26 18:02:27,804 [INFO] feature_engineering: Dynamically calculated 10 centrality features for 2150 rows in 0.04 seconds.
2026-09-26 18:02:27,912 [INFO] community_leiden: Detecting communities using Leiden algorithm...
2026-09-26 18:02:27,919 [INFO] community_leiden: Detected 5 communities using Leiden
2026-09-26 18:02:28,049 [INFO] community_detection: Enhanced 2150 flows with community features
2026-09-26 18:02:28,968 [INFO] federated_learning: Generating embeddings for 111 nodes, 2150 edges
2026-09-26 18:02:29,094 [INFO] federated_learning: Generated 1964 flow embeddings
2026-09-26 18:02:29,094 [INFO] federated_learning:     -> [39.1%] Step 88/225 | Running Client 3/5 for behavioral detector...
2026-09-26 18:02:29,100 [INFO] federated_learning: Loaded 2150 records for client 3
2026-09-26 18:02:29,129 [INFO] feature_engineering: Engineered 280 new features for behavioral detection
2026-09-26 18:02:29,130 [INFO] feature_engineering: Calculating centrality features dynamically (Ignoring any dataset pre-computations)...
2026-09-26 18:02:29,133 [INFO] feature_engineering: Calculating Degree Centrality for 106 nodes...
2026-09-26 18:02:29,134 [INFO] feature_engineering: Calculating PageRank...
2026-09-26 18:02:29,139 [INFO] feature_engineering: Calculating K-Core...
2026-09-26 18:02:29,139 [INFO] feature_engineering: Calculating Eigenvector Centrality...
2026-09-26 18:02:29,145 [INFO] feature_engineering: Calculating Approximated Betweenness Centrality (k=50)...
2026-09-26 18:02:29,165 [INFO] feature_engineering: Dynamically calculated 10 centrality features for 2150 rows in 0.04 seconds.
2026-09-26 18:02:29,275 [INFO] community_leiden: Detecting communities using Leiden algorithm...
2026-09-26 18:02:29,282 [INFO] community_leiden: Detected 6 communities using Leiden
2026-09-26 18:02:29,403 [INFO] community_detection: Enhanced 2150 flows with community features
2026-09-26 18:02:30,310 [INFO] federated_learning: Generating embeddings for 106 nodes, 2150 edges
2026-09-26 18:02:30,432 [INFO] federated_learning: Generated 1927 flow embeddings
2026-09-26 18:02:30,433 [INFO] federated_learning:     -> [39.6%] Step 89/225 | Running Client 4/5 for behavioral detector...
2026-09-26 18:02:30,439 [INFO] federated_learning: Loaded 2150 records for client 4
2026-09-26 18:02:30,472 [INFO] feature_engineering: Engineered 290 new features for behavioral detection
2026-09-26 18:02:30,472 [INFO] feature_engineering: Calculating centrality features dynamically (Ignoring any dataset pre-computations)...
2026-09-26 18:02:30,476 [INFO] feature_engineering: Calculating Degree Centrality for 105 nodes...
2026-09-26 18:02:30,476 [INFO] feature_engineering: Calculating PageRank...
2026-09-26 18:02:30,483 [INFO] feature_engineering: Calculating K-Core...
2026-09-26 18:02:30,483 [INFO] feature_engineering: Calculating Eigenvector Centrality...
2026-09-26 18:02:30,490 [INFO] feature_engineering: Calculating Approximated Betweenness Centrality (k=50)...
2026-09-26 18:02:30,511 [INFO] feature_engineering: Dynamically calculated 10 centrality features for 2150 rows in 0.04 seconds.
2026-09-26 18:02:30,619 [INFO] community_leiden: Detecting communities using Leiden algorithm...
2026-09-26 18:02:30,626 [INFO] community_leiden: Detected 5 communities using Leiden
2026-09-26 18:02:30,741 [INFO] community_detection: Enhanced 2150 flows with community features
2026-09-26 18:02:31,638 [INFO] federated_learning: Generating embeddings for 105 nodes, 2150 edges
2026-09-26 18:02:31,763 [INFO] federated_learning: Generated 1957 flow embeddings
2026-09-26 18:02:31,763 [INFO] federated_learning:     -> [40.0%] Step 90/225 | Running Client 5/5 for behavioral detector...
2026-09-26 18:02:31,769 [INFO] federated_learning: Loaded 2150 records for client 5
2026-09-26 18:02:31,799 [INFO] feature_engineering: Engineered 300 new features for behavioral detection
2026-09-26 18:02:31,799 [INFO] feature_engineering: Calculating centrality features dynamically (Ignoring any dataset pre-computations)...
2026-09-26 18:02:31,803 [INFO] feature_engineering: Calculating Degree Centrality for 102 nodes...
2026-09-26 18:02:31,803 [INFO] feature_engineering: Calculating PageRank...
2026-09-26 18:02:31,808 [INFO] feature_engineering: Calculating K-Core...
2026-09-26 18:02:31,809 [INFO] feature_engineering: Calculating Eigenvector Centrality...
2026-09-26 18:02:31,815 [INFO] feature_engineering: Calculating Approximated Betweenness Centrality (k=50)...
2026-09-26 18:02:31,834 [INFO] feature_engineering: Dynamically calculated 10 centrality features for 2150 rows in 0.03 seconds.
2026-09-26 18:02:31,941 [INFO] community_leiden: Detecting communities using Leiden algorithm...
2026-09-26 18:02:31,948 [INFO] community_leiden: Detected 5 communities using Leiden
2026-09-26 18:02:32,062 [INFO] community_detection: Enhanced 2150 flows with community features
2026-09-26 18:02:32,965 [INFO] federated_learning: Generating embeddings for 102 nodes, 2150 edges
2026-09-26 18:02:33,092 [INFO] federated_learning: Generated 1950 flow embeddings
2026-09-26 18:03:02,295 [INFO] utils: Round 6 metrics logged
2026-09-26 18:03:02,296 [INFO] federated_learning: Round 6 completed in 109.00s, loss: 0.3728
2026-09-26 18:03:02,297 [INFO] federated_learning: Starting round 7/15 (Total System Steps: 225)
2026-09-26 18:03:02,297 [INFO] federated_learning:   -> Processing Temporal Detector...
2026-09-26 18:03:02,297 [INFO] federated_learning:     -> [40.4%] Step 91/225 | Running Client 1/5 for temporal detector...
2026-09-26 18:03:02,303 [INFO] federated_learning: Loaded 2150 records for client 1
2026-09-26 18:03:02,317 [INFO] feature_engineering: Engineered 352 new features for temporal detection
2026-09-26 18:03:02,317 [INFO] feature_engineering: Calculating centrality features dynamically (Ignoring any dataset pre-computations)...
2026-09-26 18:03:02,321 [INFO] feature_engineering: Calculating Degree Centrality for 95 nodes...
2026-09-26 18:03:02,321 [INFO] feature_engineering: Calculating PageRank...
2026-09-26 18:03:02,326 [INFO] feature_engineering: Calculating K-Core...
2026-09-26 18:03:02,327 [INFO] feature_engineering: Calculating Eigenvector Centrality...
2026-09-26 18:03:02,332 [INFO] feature_engineering: Calculating Approximated Betweenness Centrality (k=50)...
2026-09-26 18:03:02,351 [INFO] feature_engineering: Dynamically calculated 10 centrality features for 2150 rows in 0.03 seconds.
2026-09-26 18:03:02,459 [INFO] community_leiden: Detecting communities using Leiden algorithm...
2026-09-26 18:03:02,465 [INFO] community_leiden: Detected 4 communities using Leiden
2026-09-26 18:03:02,565 [INFO] community_detection: Enhanced 2150 flows with community features
2026-09-26 18:03:03,474 [INFO] federated_learning: Generating embeddings for 95 nodes, 2150 edges
2026-09-26 18:03:03,598 [INFO] federated_learning: Generated 1942 flow embeddings
2026-09-26 18:03:03,599 [INFO] federated_learning:     -> [40.9%] Step 92/225 | Running Client 2/5 for temporal detector...
2026-09-26 18:03:03,604 [INFO] federated_learning: Loaded 2150 records for client 2
2026-09-26 18:03:03,621 [INFO] feature_engineering: Engineered 363 new features for temporal detection
2026-09-26 18:03:03,621 [INFO] feature_engineering: Calculating centrality features dynamically (Ignoring any dataset pre-computations)...
2026-09-26 18:03:03,625 [INFO] feature_engineering: Calculating Degree Centrality for 111 nodes...
2026-09-26 18:03:03,626 [INFO] feature_engineering: Calculating PageRank...
2026-09-26 18:03:03,631 [INFO] feature_engineering: Calculating K-Core...
2026-09-26 18:03:03,632 [INFO] feature_engineering: Calculating Eigenvector Centrality...
2026-09-26 18:03:03,638 [INFO] feature_engineering: Calculating Approximated Betweenness Centrality (k=50)...
2026-09-26 18:03:03,658 [INFO] feature_engineering: Dynamically calculated 10 centrality features for 2150 rows in 0.04 seconds.
2026-09-26 18:03:03,767 [INFO] community_leiden: Detecting communities using Leiden algorithm...
2026-09-26 18:03:03,774 [INFO] community_leiden: Detected 5 communities using Leiden
2026-09-26 18:03:03,900 [INFO] community_detection: Enhanced 2150 flows with community features
2026-09-26 18:03:04,826 [INFO] federated_learning: Generating embeddings for 111 nodes, 2150 edges
2026-09-26 18:03:04,976 [INFO] federated_learning: Generated 1964 flow embeddings
2026-09-26 18:03:04,977 [INFO] federated_learning:     -> [41.3%] Step 93/225 | Running Client 3/5 for temporal detector...
2026-09-26 18:03:04,983 [INFO] federated_learning: Loaded 2150 records for client 3
2026-09-26 18:03:04,998 [INFO] feature_engineering: Engineered 374 new features for temporal detection
2026-09-26 18:03:04,999 [INFO] feature_engineering: Calculating centrality features dynamically (Ignoring any dataset pre-computations)...
2026-09-26 18:03:05,003 [INFO] feature_engineering: Calculating Degree Centrality for 106 nodes...
2026-09-26 18:03:05,003 [INFO] feature_engineering: Calculating PageRank...
2026-09-26 18:03:05,010 [INFO] feature_engineering: Calculating K-Core...
2026-09-26 18:03:05,011 [INFO] feature_engineering: Calculating Eigenvector Centrality...
2026-09-26 18:03:05,016 [INFO] feature_engineering: Calculating Approximated Betweenness Centrality (k=50)...
2026-09-26 18:03:05,037 [INFO] feature_engineering: Dynamically calculated 10 centrality features for 2150 rows in 0.04 seconds.
2026-09-26 18:03:05,146 [INFO] community_leiden: Detecting communities using Leiden algorithm...
2026-09-26 18:03:05,153 [INFO] community_leiden: Detected 6 communities using Leiden
2026-09-26 18:03:05,274 [INFO] community_detection: Enhanced 2150 flows with community features
2026-09-26 18:03:06,167 [INFO] federated_learning: Generating embeddings for 106 nodes, 2150 edges
2026-09-26 18:03:06,298 [INFO] federated_learning: Generated 1927 flow embeddings
2026-09-26 18:03:06,299 [INFO] federated_learning:     -> [41.8%] Step 94/225 | Running Client 4/5 for temporal detector...
2026-09-26 18:03:06,304 [INFO] federated_learning: Loaded 2150 records for client 4
2026-09-26 18:03:06,321 [INFO] feature_engineering: Engineered 385 new features for temporal detection
2026-09-26 18:03:06,321 [INFO] feature_engineering: Calculating centrality features dynamically (Ignoring any dataset pre-computations)...
2026-09-26 18:03:06,325 [INFO] feature_engineering: Calculating Degree Centrality for 105 nodes...
2026-09-26 18:03:06,326 [INFO] feature_engineering: Calculating PageRank...
2026-09-26 18:03:06,332 [INFO] feature_engineering: Calculating K-Core...
2026-09-26 18:03:06,333 [INFO] feature_engineering: Calculating Eigenvector Centrality...
2026-09-26 18:03:06,340 [INFO] feature_engineering: Calculating Approximated Betweenness Centrality (k=50)...
2026-09-26 18:03:06,360 [INFO] feature_engineering: Dynamically calculated 10 centrality features for 2150 rows in 0.04 seconds.
2026-09-26 18:03:06,470 [INFO] community_leiden: Detecting communities using Leiden algorithm...
2026-09-26 18:03:06,477 [INFO] community_leiden: Detected 5 communities using Leiden
2026-09-26 18:03:06,595 [INFO] community_detection: Enhanced 2150 flows with community features
2026-09-26 18:03:07,519 [INFO] federated_learning: Generating embeddings for 105 nodes, 2150 edges
2026-09-26 18:03:07,643 [INFO] federated_learning: Generated 1957 flow embeddings
2026-09-26 18:03:07,643 [INFO] federated_learning:     -> [42.2%] Step 95/225 | Running Client 5/5 for temporal detector...
2026-09-26 18:03:07,649 [INFO] federated_learning: Loaded 2150 records for client 5
2026-09-26 18:03:07,663 [INFO] feature_engineering: Engineered 396 new features for temporal detection
2026-09-26 18:03:07,663 [INFO] feature_engineering: Calculating centrality features dynamically (Ignoring any dataset pre-computations)...
2026-09-26 18:03:07,667 [INFO] feature_engineering: Calculating Degree Centrality for 102 nodes...
2026-09-26 18:03:07,667 [INFO] feature_engineering: Calculating PageRank...
2026-09-26 18:03:07,672 [INFO] feature_engineering: Calculating K-Core...
2026-09-26 18:03:07,673 [INFO] feature_engineering: Calculating Eigenvector Centrality...
2026-09-26 18:03:07,678 [INFO] feature_engineering: Calculating Approximated Betweenness Centrality (k=50)...
2026-09-26 18:03:07,698 [INFO] feature_engineering: Dynamically calculated 10 centrality features for 2150 rows in 0.03 seconds.
2026-09-26 18:03:07,805 [INFO] community_leiden: Detecting communities using Leiden algorithm...
2026-09-26 18:03:07,812 [INFO] community_leiden: Detected 5 communities using Leiden
2026-09-26 18:03:07,919 [INFO] community_detection: Enhanced 2150 flows with community features
2026-09-26 18:03:08,808 [INFO] federated_learning: Generating embeddings for 102 nodes, 2150 edges
2026-09-26 18:03:08,930 [INFO] federated_learning: Generated 1950 flow embeddings
2026-09-26 18:03:38,117 [INFO] federated_learning:   -> Processing Content Detector...
2026-09-26 18:03:38,117 [INFO] federated_learning:     -> [42.7%] Step 96/225 | Running Client 1/5 for content detector...
2026-09-26 18:03:38,122 [INFO] federated_learning: Loaded 2150 records for client 1
2026-09-26 18:03:38,134 [INFO] feature_engineering: Engineered 279 new features for content detection
2026-09-26 18:03:38,135 [INFO] feature_engineering: Calculating centrality features dynamically (Ignoring any dataset pre-computations)...
2026-09-26 18:03:38,138 [INFO] feature_engineering: Calculating Degree Centrality for 95 nodes...
2026-09-26 18:03:38,139 [INFO] feature_engineering: Calculating PageRank...
2026-09-26 18:03:38,145 [INFO] feature_engineering: Calculating K-Core...
2026-09-26 18:03:38,146 [INFO] feature_engineering: Calculating Eigenvector Centrality...
2026-09-26 18:03:38,151 [INFO] feature_engineering: Calculating Approximated Betweenness Centrality (k=50)...
2026-09-26 18:03:38,171 [INFO] feature_engineering: Dynamically calculated 10 centrality features for 2150 rows in 0.04 seconds.
2026-09-26 18:03:38,279 [INFO] community_leiden: Detecting communities using Leiden algorithm...
2026-09-26 18:03:38,285 [INFO] community_leiden: Detected 4 communities using Leiden
2026-09-26 18:03:38,383 [INFO] community_detection: Enhanced 2150 flows with community features
2026-09-26 18:03:39,559 [INFO] federated_learning: Generating embeddings for 95 nodes, 2150 edges
2026-09-26 18:03:39,708 [INFO] federated_learning: Generated 1942 flow embeddings
2026-09-26 18:03:39,709 [INFO] federated_learning:     -> [43.1%] Step 97/225 | Running Client 2/5 for content detector...
2026-09-26 18:03:39,715 [INFO] federated_learning: Loaded 2150 records for client 2
2026-09-26 18:03:39,729 [INFO] feature_engineering: Engineered 288 new features for content detection
2026-09-26 18:03:39,729 [INFO] feature_engineering: Calculating centrality features dynamically (Ignoring any dataset pre-computations)...
2026-09-26 18:03:39,732 [INFO] feature_engineering: Calculating Degree Centrality for 111 nodes...
2026-09-26 18:03:39,733 [INFO] feature_engineering: Calculating PageRank...
2026-09-26 18:03:39,737 [INFO] feature_engineering: Calculating K-Core...
2026-09-26 18:03:39,738 [INFO] feature_engineering: Calculating Eigenvector Centrality...
2026-09-26 18:03:39,744 [INFO] feature_engineering: Calculating Approximated Betweenness Centrality (k=50)...
2026-09-26 18:03:39,765 [INFO] feature_engineering: Dynamically calculated 10 centrality features for 2150 rows in 0.04 seconds.
2026-09-26 18:03:39,873 [INFO] community_leiden: Detecting communities using Leiden algorithm...
2026-09-26 18:03:39,879 [INFO] community_leiden: Detected 5 communities using Leiden
2026-09-26 18:03:40,007 [INFO] community_detection: Enhanced 2150 flows with community features
2026-09-26 18:03:41,179 [INFO] federated_learning: Generating embeddings for 111 nodes, 2150 edges
2026-09-26 18:03:41,324 [INFO] federated_learning: Generated 1964 flow embeddings
2026-09-26 18:03:41,325 [INFO] federated_learning:     -> [43.6%] Step 98/225 | Running Client 3/5 for content detector...
2026-09-26 18:03:41,330 [INFO] federated_learning: Loaded 2150 records for client 3
2026-09-26 18:03:41,342 [INFO] feature_engineering: Engineered 297 new features for content detection
2026-09-26 18:03:41,342 [INFO] feature_engineering: Calculating centrality features dynamically (Ignoring any dataset pre-computations)...
2026-09-26 18:03:41,346 [INFO] feature_engineering: Calculating Degree Centrality for 106 nodes...
2026-09-26 18:03:41,346 [INFO] feature_engineering: Calculating PageRank...
2026-09-26 18:03:41,351 [INFO] feature_engineering: Calculating K-Core...
2026-09-26 18:03:41,352 [INFO] feature_engineering: Calculating Eigenvector Centrality...
2026-09-26 18:03:41,358 [INFO] feature_engineering: Calculating Approximated Betweenness Centrality (k=50)...
2026-09-26 18:03:41,378 [INFO] feature_engineering: Dynamically calculated 10 centrality features for 2150 rows in 0.04 seconds.
2026-09-26 18:03:41,489 [INFO] community_leiden: Detecting communities using Leiden algorithm...
2026-09-26 18:03:41,496 [INFO] community_leiden: Detected 6 communities using Leiden
2026-09-26 18:03:41,618 [INFO] community_detection: Enhanced 2150 flows with community features
2026-09-26 18:03:42,798 [INFO] federated_learning: Generating embeddings for 106 nodes, 2150 edges
2026-09-26 18:03:42,942 [INFO] federated_learning: Generated 1927 flow embeddings
2026-09-26 18:03:42,942 [INFO] federated_learning:     -> [44.0%] Step 99/225 | Running Client 4/5 for content detector...
2026-09-26 18:03:42,948 [INFO] federated_learning: Loaded 2150 records for client 4
2026-09-26 18:03:42,959 [INFO] feature_engineering: Engineered 306 new features for content detection
2026-09-26 18:03:42,959 [INFO] feature_engineering: Calculating centrality features dynamically (Ignoring any dataset pre-computations)...
2026-09-26 18:03:42,963 [INFO] feature_engineering: Calculating Degree Centrality for 105 nodes...
2026-09-26 18:03:42,963 [INFO] feature_engineering: Calculating PageRank...
2026-09-26 18:03:42,968 [INFO] feature_engineering: Calculating K-Core...
2026-09-26 18:03:42,969 [INFO] feature_engineering: Calculating Eigenvector Centrality...
2026-09-26 18:03:42,975 [INFO] feature_engineering: Calculating Approximated Betweenness Centrality (k=50)...
2026-09-26 18:03:42,995 [INFO] feature_engineering: Dynamically calculated 10 centrality features for 2150 rows in 0.04 seconds.
2026-09-26 18:03:43,105 [INFO] community_leiden: Detecting communities using Leiden algorithm...
2026-09-26 18:03:43,111 [INFO] community_leiden: Detected 5 communities using Leiden
2026-09-26 18:03:43,229 [INFO] community_detection: Enhanced 2150 flows with community features
2026-09-26 18:03:44,381 [INFO] federated_learning: Generating embeddings for 105 nodes, 2150 edges
2026-09-26 18:03:44,533 [INFO] federated_learning: Generated 1957 flow embeddings
2026-09-26 18:03:44,534 [INFO] federated_learning:     -> [44.4%] Step 100/225 | Running Client 5/5 for content detector...
2026-09-26 18:03:44,539 [INFO] federated_learning: Loaded 2150 records for client 5
2026-09-26 18:03:44,550 [INFO] feature_engineering: Engineered 315 new features for content detection
2026-09-26 18:03:44,551 [INFO] feature_engineering: Calculating centrality features dynamically (Ignoring any dataset pre-computations)...
2026-09-26 18:03:44,554 [INFO] feature_engineering: Calculating Degree Centrality for 102 nodes...
2026-09-26 18:03:44,554 [INFO] feature_engineering: Calculating PageRank...
2026-09-26 18:03:44,561 [INFO] feature_engineering: Calculating K-Core...
2026-09-26 18:03:44,562 [INFO] feature_engineering: Calculating Eigenvector Centrality...
2026-09-26 18:03:44,567 [INFO] feature_engineering: Calculating Approximated Betweenness Centrality (k=50)...
2026-09-26 18:03:44,588 [INFO] feature_engineering: Dynamically calculated 10 centrality features for 2150 rows in 0.04 seconds.
2026-09-26 18:03:44,700 [INFO] community_leiden: Detecting communities using Leiden algorithm...
2026-09-26 18:03:44,707 [INFO] community_leiden: Detected 5 communities using Leiden
2026-09-26 18:03:44,816 [INFO] community_detection: Enhanced 2150 flows with community features
2026-09-26 18:03:45,995 [INFO] federated_learning: Generating embeddings for 102 nodes, 2150 edges
2026-09-26 18:03:46,136 [INFO] federated_learning: Generated 1950 flow embeddings
2026-09-26 18:04:15,186 [INFO] federated_learning:   -> Processing Behavioral Detector...
2026-09-26 18:04:15,186 [INFO] federated_learning:     -> [44.9%] Step 101/225 | Running Client 1/5 for behavioral detector...
2026-09-26 18:04:15,192 [INFO] federated_learning: Loaded 2150 records for client 1
2026-09-26 18:04:15,224 [INFO] feature_engineering: Engineered 310 new features for behavioral detection
2026-09-26 18:04:15,225 [INFO] feature_engineering: Calculating centrality features dynamically (Ignoring any dataset pre-computations)...
2026-09-26 18:04:15,228 [INFO] feature_engineering: Calculating Degree Centrality for 95 nodes...
2026-09-26 18:04:15,229 [INFO] feature_engineering: Calculating PageRank...
2026-09-26 18:04:15,233 [INFO] feature_engineering: Calculating K-Core...
2026-09-26 18:04:15,234 [INFO] feature_engineering: Calculating Eigenvector Centrality...
2026-09-26 18:04:15,239 [INFO] feature_engineering: Calculating Approximated Betweenness Centrality (k=50)...
2026-09-26 18:04:15,259 [INFO] feature_engineering: Dynamically calculated 10 centrality features for 2150 rows in 0.03 seconds.
2026-09-26 18:04:15,367 [INFO] community_leiden: Detecting communities using Leiden algorithm...
2026-09-26 18:04:15,374 [INFO] community_leiden: Detected 4 communities using Leiden
2026-09-26 18:04:15,477 [INFO] community_detection: Enhanced 2150 flows with community features
2026-09-26 18:04:16,358 [INFO] federated_learning: Generating embeddings for 95 nodes, 2150 edges
2026-09-26 18:04:16,484 [INFO] federated_learning: Generated 1942 flow embeddings
2026-09-26 18:04:16,485 [INFO] federated_learning:     -> [45.3%] Step 102/225 | Running Client 2/5 for behavioral detector...
2026-09-26 18:04:16,491 [INFO] federated_learning: Loaded 2150 records for client 2
2026-09-26 18:04:16,528 [INFO] feature_engineering: Engineered 320 new features for behavioral detection
2026-09-26 18:04:16,528 [INFO] feature_engineering: Calculating centrality features dynamically (Ignoring any dataset pre-computations)...
2026-09-26 18:04:16,532 [INFO] feature_engineering: Calculating Degree Centrality for 111 nodes...
2026-09-26 18:04:16,532 [INFO] feature_engineering: Calculating PageRank...
2026-09-26 18:04:16,538 [INFO] feature_engineering: Calculating K-Core...
2026-09-26 18:04:16,539 [INFO] feature_engineering: Calculating Eigenvector Centrality...
2026-09-26 18:04:16,545 [INFO] feature_engineering: Calculating Approximated Betweenness Centrality (k=50)...
2026-09-26 18:04:16,567 [INFO] feature_engineering: Dynamically calculated 10 centrality features for 2150 rows in 0.04 seconds.
2026-09-26 18:04:16,676 [INFO] community_leiden: Detecting communities using Leiden algorithm...
2026-09-26 18:04:16,683 [INFO] community_leiden: Detected 5 communities using Leiden
2026-09-26 18:04:16,811 [INFO] community_detection: Enhanced 2150 flows with community features
2026-09-26 18:04:17,746 [INFO] federated_learning: Generating embeddings for 111 nodes, 2150 edges
2026-09-26 18:04:17,872 [INFO] federated_learning: Generated 1964 flow embeddings
2026-09-26 18:04:17,872 [INFO] federated_learning:     -> [45.8%] Step 103/225 | Running Client 3/5 for behavioral detector...
2026-09-26 18:04:17,878 [INFO] federated_learning: Loaded 2150 records for client 3
2026-09-26 18:04:17,907 [INFO] feature_engineering: Engineered 330 new features for behavioral detection
2026-09-26 18:04:17,908 [INFO] feature_engineering: Calculating centrality features dynamically (Ignoring any dataset pre-computations)...
2026-09-26 18:04:17,911 [INFO] feature_engineering: Calculating Degree Centrality for 106 nodes...
2026-09-26 18:04:17,912 [INFO] feature_engineering: Calculating PageRank...
2026-09-26 18:04:17,917 [INFO] feature_engineering: Calculating K-Core...
2026-09-26 18:04:17,918 [INFO] feature_engineering: Calculating Eigenvector Centrality...
2026-09-26 18:04:17,923 [INFO] feature_engineering: Calculating Approximated Betweenness Centrality (k=50)...
2026-09-26 18:04:17,943 [INFO] feature_engineering: Dynamically calculated 10 centrality features for 2150 rows in 0.03 seconds.
2026-09-26 18:04:18,053 [INFO] community_leiden: Detecting communities using Leiden algorithm...
2026-09-26 18:04:18,060 [INFO] community_leiden: Detected 6 communities using Leiden
2026-09-26 18:04:18,176 [INFO] community_detection: Enhanced 2150 flows with community features
2026-09-26 18:04:19,087 [INFO] federated_learning: Generating embeddings for 106 nodes, 2150 edges
2026-09-26 18:04:19,208 [INFO] federated_learning: Generated 1927 flow embeddings
2026-09-26 18:04:19,209 [INFO] federated_learning:     -> [46.2%] Step 104/225 | Running Client 4/5 for behavioral detector...
2026-09-26 18:04:19,219 [INFO] federated_learning: Loaded 2150 records for client 4
2026-09-26 18:04:19,255 [INFO] feature_engineering: Engineered 340 new features for behavioral detection
2026-09-26 18:04:19,255 [INFO] feature_engineering: Calculating centrality features dynamically (Ignoring any dataset pre-computations)...
2026-09-26 18:04:19,259 [INFO] feature_engineering: Calculating Degree Centrality for 105 nodes...
2026-09-26 18:04:19,259 [INFO] feature_engineering: Calculating PageRank...
2026-09-26 18:04:19,265 [INFO] feature_engineering: Calculating K-Core...
2026-09-26 18:04:19,266 [INFO] feature_engineering: Calculating Eigenvector Centrality...
2026-09-26 18:04:19,272 [INFO] feature_engineering: Calculating Approximated Betweenness Centrality (k=50)...
2026-09-26 18:04:19,296 [INFO] feature_engineering: Dynamically calculated 10 centrality features for 2150 rows in 0.04 seconds.
2026-09-26 18:04:19,405 [INFO] community_leiden: Detecting communities using Leiden algorithm...
2026-09-26 18:04:19,412 [INFO] community_leiden: Detected 5 communities using Leiden
2026-09-26 18:04:19,533 [INFO] community_detection: Enhanced 2150 flows with community features
2026-09-26 18:04:20,433 [INFO] federated_learning: Generating embeddings for 105 nodes, 2150 edges
2026-09-26 18:04:20,564 [INFO] federated_learning: Generated 1957 flow embeddings
2026-09-26 18:04:20,565 [INFO] federated_learning:     -> [46.7%] Step 105/225 | Running Client 5/5 for behavioral detector...
2026-09-26 18:04:20,570 [INFO] federated_learning: Loaded 2150 records for client 5
2026-09-26 18:04:20,603 [INFO] feature_engineering: Engineered 350 new features for behavioral detection
2026-09-26 18:04:20,603 [INFO] feature_engineering: Calculating centrality features dynamically (Ignoring any dataset pre-computations)...
2026-09-26 18:04:20,607 [INFO] feature_engineering: Calculating Degree Centrality for 102 nodes...
2026-09-26 18:04:20,608 [INFO] feature_engineering: Calculating PageRank...
2026-09-26 18:04:20,614 [INFO] feature_engineering: Calculating K-Core...
2026-09-26 18:04:20,614 [INFO] feature_engineering: Calculating Eigenvector Centrality...
2026-09-26 18:04:20,620 [INFO] feature_engineering: Calculating Approximated Betweenness Centrality (k=50)...
2026-09-26 18:04:20,643 [INFO] feature_engineering: Dynamically calculated 10 centrality features for 2150 rows in 0.04 seconds.
2026-09-26 18:04:20,750 [INFO] community_leiden: Detecting communities using Leiden algorithm...
2026-09-26 18:04:20,757 [INFO] community_leiden: Detected 5 communities using Leiden
2026-09-26 18:04:20,866 [INFO] community_detection: Enhanced 2150 flows with community features
2026-09-26 18:04:21,779 [INFO] federated_learning: Generating embeddings for 102 nodes, 2150 edges
2026-09-26 18:04:21,904 [INFO] federated_learning: Generated 1950 flow embeddings
2026-09-26 18:04:50,969 [INFO] utils: Round 7 metrics logged
2026-09-26 18:04:50,970 [INFO] federated_learning: Round 7 completed in 108.67s, loss: 0.3498
2026-09-26 18:04:50,970 [INFO] federated_learning: Starting round 8/15 (Total System Steps: 225)
2026-09-26 18:04:50,970 [INFO] federated_learning:   -> Processing Temporal Detector...
2026-09-26 18:04:50,970 [INFO] federated_learning:     -> [47.1%] Step 106/225 | Running Client 1/5 for temporal detector...
2026-09-26 18:04:50,975 [INFO] federated_learning: Loaded 2150 records for client 1
2026-09-26 18:04:50,989 [INFO] feature_engineering: Engineered 407 new features for temporal detection
2026-09-26 18:04:50,989 [INFO] feature_engineering: Calculating centrality features dynamically (Ignoring any dataset pre-computations)...
2026-09-26 18:04:50,993 [INFO] feature_engineering: Calculating Degree Centrality for 95 nodes...
2026-09-26 18:04:50,994 [INFO] feature_engineering: Calculating PageRank...
2026-09-26 18:04:50,998 [INFO] feature_engineering: Calculating K-Core...
2026-09-26 18:04:50,999 [INFO] feature_engineering: Calculating Eigenvector Centrality...
2026-09-26 18:04:51,004 [INFO] feature_engineering: Calculating Approximated Betweenness Centrality (k=50)...
2026-09-26 18:04:51,024 [INFO] feature_engineering: Dynamically calculated 10 centrality features for 2150 rows in 0.03 seconds.
2026-09-26 18:04:51,132 [INFO] community_leiden: Detecting communities using Leiden algorithm...
2026-09-26 18:04:51,139 [INFO] community_leiden: Detected 4 communities using Leiden
2026-09-26 18:04:51,239 [INFO] community_detection: Enhanced 2150 flows with community features
2026-09-26 18:04:52,143 [INFO] federated_learning: Generating embeddings for 95 nodes, 2150 edges
2026-09-26 18:04:52,267 [INFO] federated_learning: Generated 1942 flow embeddings
2026-09-26 18:04:52,268 [INFO] federated_learning:     -> [47.6%] Step 107/225 | Running Client 2/5 for temporal detector...
2026-09-26 18:04:52,273 [INFO] federated_learning: Loaded 2150 records for client 2
2026-09-26 18:04:52,287 [INFO] feature_engineering: Engineered 418 new features for temporal detection
2026-09-26 18:04:52,287 [INFO] feature_engineering: Calculating centrality features dynamically (Ignoring any dataset pre-computations)...
2026-09-26 18:04:52,291 [INFO] feature_engineering: Calculating Degree Centrality for 111 nodes...
2026-09-26 18:04:52,291 [INFO] feature_engineering: Calculating PageRank...
2026-09-26 18:04:52,296 [INFO] feature_engineering: Calculating K-Core...
2026-09-26 18:04:52,296 [INFO] feature_engineering: Calculating Eigenvector Centrality...
2026-09-26 18:04:52,302 [INFO] feature_engineering: Calculating Approximated Betweenness Centrality (k=50)...
2026-09-26 18:04:52,322 [INFO] feature_engineering: Dynamically calculated 10 centrality features for 2150 rows in 0.04 seconds.
2026-09-26 18:04:52,430 [INFO] community_leiden: Detecting communities using Leiden algorithm...
2026-09-26 18:04:52,437 [INFO] community_leiden: Detected 5 communities using Leiden
2026-09-26 18:04:52,563 [INFO] community_detection: Enhanced 2150 flows with community features
2026-09-26 18:04:53,476 [INFO] federated_learning: Generating embeddings for 111 nodes, 2150 edges
2026-09-26 18:04:53,600 [INFO] federated_learning: Generated 1964 flow embeddings
2026-09-26 18:04:53,601 [INFO] federated_learning:     -> [48.0%] Step 108/225 | Running Client 3/5 for temporal detector...
2026-09-26 18:04:53,607 [INFO] federated_learning: Loaded 2150 records for client 3
2026-09-26 18:04:53,620 [INFO] feature_engineering: Engineered 429 new features for temporal detection
2026-09-26 18:04:53,621 [INFO] feature_engineering: Calculating centrality features dynamically (Ignoring any dataset pre-computations)...
2026-09-26 18:04:53,624 [INFO] feature_engineering: Calculating Degree Centrality for 106 nodes...
2026-09-26 18:04:53,625 [INFO] feature_engineering: Calculating PageRank...
2026-09-26 18:04:53,630 [INFO] feature_engineering: Calculating K-Core...
2026-09-26 18:04:53,631 [INFO] feature_engineering: Calculating Eigenvector Centrality...
2026-09-26 18:04:53,637 [INFO] feature_engineering: Calculating Approximated Betweenness Centrality (k=50)...
2026-09-26 18:04:53,657 [INFO] feature_engineering: Dynamically calculated 10 centrality features for 2150 rows in 0.04 seconds.
2026-09-26 18:04:53,764 [INFO] community_leiden: Detecting communities using Leiden algorithm...
2026-09-26 18:04:53,771 [INFO] community_leiden: Detected 6 communities using Leiden
2026-09-26 18:04:53,889 [INFO] community_detection: Enhanced 2150 flows with community features
2026-09-26 18:04:54,791 [INFO] federated_learning: Generating embeddings for 106 nodes, 2150 edges
2026-09-26 18:04:54,920 [INFO] federated_learning: Generated 1927 flow embeddings
2026-09-26 18:04:54,921 [INFO] federated_learning:     -> [48.4%] Step 109/225 | Running Client 4/5 for temporal detector...
2026-09-26 18:04:54,926 [INFO] federated_learning: Loaded 2150 records for client 4
2026-09-26 18:04:54,945 [INFO] feature_engineering: Engineered 440 new features for temporal detection
2026-09-26 18:04:54,946 [INFO] feature_engineering: Calculating centrality features dynamically (Ignoring any dataset pre-computations)...
2026-09-26 18:04:54,952 [INFO] feature_engineering: Calculating Degree Centrality for 105 nodes...
2026-09-26 18:04:54,952 [INFO] feature_engineering: Calculating PageRank...
2026-09-26 18:04:54,957 [INFO] feature_engineering: Calculating K-Core...
2026-09-26 18:04:54,958 [INFO] feature_engineering: Calculating Eigenvector Centrality...
2026-09-26 18:04:54,965 [INFO] feature_engineering: Calculating Approximated Betweenness Centrality (k=50)...
2026-09-26 18:04:54,996 [INFO] feature_engineering: Dynamically calculated 10 centrality features for 2150 rows in 0.05 seconds.
2026-09-26 18:04:55,105 [INFO] community_leiden: Detecting communities using Leiden algorithm...
2026-09-26 18:04:55,112 [INFO] community_leiden: Detected 5 communities using Leiden
2026-09-26 18:04:55,230 [INFO] community_detection: Enhanced 2150 flows with community features
2026-09-26 18:04:56,139 [INFO] federated_learning: Generating embeddings for 105 nodes, 2150 edges
2026-09-26 18:04:56,259 [INFO] federated_learning: Generated 1957 flow embeddings
2026-09-26 18:04:56,259 [INFO] federated_learning:     -> [48.9%] Step 110/225 | Running Client 5/5 for temporal detector...
2026-09-26 18:04:56,265 [INFO] federated_learning: Loaded 2150 records for client 5
2026-09-26 18:04:56,279 [INFO] feature_engineering: Engineered 451 new features for temporal detection
2026-09-26 18:04:56,279 [INFO] feature_engineering: Calculating centrality features dynamically (Ignoring any dataset pre-computations)...
2026-09-26 18:04:56,282 [INFO] feature_engineering: Calculating Degree Centrality for 102 nodes...
2026-09-26 18:04:56,283 [INFO] feature_engineering: Calculating PageRank...
2026-09-26 18:04:56,288 [INFO] feature_engineering: Calculating K-Core...
2026-09-26 18:04:56,288 [INFO] feature_engineering: Calculating Eigenvector Centrality...
2026-09-26 18:04:56,294 [INFO] feature_engineering: Calculating Approximated Betweenness Centrality (k=50)...
2026-09-26 18:04:56,313 [INFO] feature_engineering: Dynamically calculated 10 centrality features for 2150 rows in 0.03 seconds.
2026-09-26 18:04:56,420 [INFO] community_leiden: Detecting communities using Leiden algorithm...
2026-09-26 18:04:56,426 [INFO] community_leiden: Detected 4 communities using Leiden
2026-09-26 18:04:56,535 [INFO] community_detection: Enhanced 2150 flows with community features
2026-09-26 18:04:57,421 [INFO] federated_learning: Generating embeddings for 102 nodes, 2150 edges
2026-09-26 18:04:57,550 [INFO] federated_learning: Generated 1950 flow embeddings
2026-09-26 18:05:26,637 [INFO] federated_learning:   -> Processing Content Detector...
2026-09-26 18:05:26,638 [INFO] federated_learning:     -> [49.3%] Step 111/225 | Running Client 1/5 for content detector...
2026-09-26 18:05:26,644 [INFO] federated_learning: Loaded 2150 records for client 1
2026-09-26 18:05:26,656 [INFO] feature_engineering: Engineered 324 new features for content detection
2026-09-26 18:05:26,657 [INFO] feature_engineering: Calculating centrality features dynamically (Ignoring any dataset pre-computations)...
2026-09-26 18:05:26,660 [INFO] feature_engineering: Calculating Degree Centrality for 95 nodes...
2026-09-26 18:05:26,661 [INFO] feature_engineering: Calculating PageRank...
2026-09-26 18:05:26,665 [INFO] feature_engineering: Calculating K-Core...
2026-09-26 18:05:26,666 [INFO] feature_engineering: Calculating Eigenvector Centrality...
2026-09-26 18:05:26,671 [INFO] feature_engineering: Calculating Approximated Betweenness Centrality (k=50)...
2026-09-26 18:05:26,690 [INFO] feature_engineering: Dynamically calculated 10 centrality features for 2150 rows in 0.03 seconds.
2026-09-26 18:05:26,797 [INFO] community_leiden: Detecting communities using Leiden algorithm...
2026-09-26 18:05:26,804 [INFO] community_leiden: Detected 4 communities using Leiden
2026-09-26 18:05:26,915 [INFO] community_detection: Enhanced 2150 flows with community features
2026-09-26 18:05:28,063 [INFO] federated_learning: Generating embeddings for 95 nodes, 2150 edges
2026-09-26 18:05:28,206 [INFO] federated_learning: Generated 1942 flow embeddings
2026-09-26 18:05:28,206 [INFO] federated_learning:     -> [49.8%] Step 112/225 | Running Client 2/5 for content detector...
2026-09-26 18:05:28,213 [INFO] federated_learning: Loaded 2150 records for client 2
2026-09-26 18:05:28,226 [INFO] feature_engineering: Engineered 333 new features for content detection
2026-09-26 18:05:28,226 [INFO] feature_engineering: Calculating centrality features dynamically (Ignoring any dataset pre-computations)...
2026-09-26 18:05:28,230 [INFO] feature_engineering: Calculating Degree Centrality for 111 nodes...
2026-09-26 18:05:28,230 [INFO] feature_engineering: Calculating PageRank...
2026-09-26 18:05:28,236 [INFO] feature_engineering: Calculating K-Core...
2026-09-26 18:05:28,237 [INFO] feature_engineering: Calculating Eigenvector Centrality...
2026-09-26 18:05:28,242 [INFO] feature_engineering: Calculating Approximated Betweenness Centrality (k=50)...
2026-09-26 18:05:28,264 [INFO] feature_engineering: Dynamically calculated 10 centrality features for 2150 rows in 0.04 seconds.
2026-09-26 18:05:28,375 [INFO] community_leiden: Detecting communities using Leiden algorithm...
2026-09-26 18:05:28,381 [INFO] community_leiden: Detected 5 communities using Leiden
2026-09-26 18:05:28,512 [INFO] community_detection: Enhanced 2150 flows with community features
2026-09-26 18:05:29,701 [INFO] federated_learning: Generating embeddings for 111 nodes, 2150 edges
2026-09-26 18:05:29,843 [INFO] federated_learning: Generated 1964 flow embeddings
2026-09-26 18:05:29,844 [INFO] federated_learning:     -> [50.2%] Step 113/225 | Running Client 3/5 for content detector...
2026-09-26 18:05:29,850 [INFO] federated_learning: Loaded 2150 records for client 3
2026-09-26 18:05:29,861 [INFO] feature_engineering: Engineered 342 new features for content detection
2026-09-26 18:05:29,861 [INFO] feature_engineering: Calculating centrality features dynamically (Ignoring any dataset pre-computations)...
2026-09-26 18:05:29,865 [INFO] feature_engineering: Calculating Degree Centrality for 106 nodes...
2026-09-26 18:05:29,865 [INFO] feature_engineering: Calculating PageRank...
2026-09-26 18:05:29,870 [INFO] feature_engineering: Calculating K-Core...
2026-09-26 18:05:29,871 [INFO] feature_engineering: Calculating Eigenvector Centrality...
2026-09-26 18:05:29,877 [INFO] feature_engineering: Calculating Approximated Betweenness Centrality (k=50)...
2026-09-26 18:05:29,896 [INFO] feature_engineering: Dynamically calculated 10 centrality features for 2150 rows in 0.03 seconds.
2026-09-26 18:05:30,003 [INFO] community_leiden: Detecting communities using Leiden algorithm...
2026-09-26 18:05:30,010 [INFO] community_leiden: Detected 6 communities using Leiden
2026-09-26 18:05:30,129 [INFO] community_detection: Enhanced 2150 flows with community features
2026-09-26 18:05:31,286 [INFO] federated_learning: Generating embeddings for 106 nodes, 2150 edges
2026-09-26 18:05:31,420 [INFO] federated_learning: Generated 1927 flow embeddings
2026-09-26 18:05:31,421 [INFO] federated_learning:     -> [50.7%] Step 114/225 | Running Client 4/5 for content detector...
2026-09-26 18:05:31,427 [INFO] federated_learning: Loaded 2150 records for client 4
2026-09-26 18:05:31,438 [INFO] feature_engineering: Engineered 351 new features for content detection
2026-09-26 18:05:31,438 [INFO] feature_engineering: Calculating centrality features dynamically (Ignoring any dataset pre-computations)...
2026-09-26 18:05:31,442 [INFO] feature_engineering: Calculating Degree Centrality for 105 nodes...
2026-09-26 18:05:31,442 [INFO] feature_engineering: Calculating PageRank...
2026-09-26 18:05:31,447 [INFO] feature_engineering: Calculating K-Core...
2026-09-26 18:05:31,448 [INFO] feature_engineering: Calculating Eigenvector Centrality...
2026-09-26 18:05:31,454 [INFO] feature_engineering: Calculating Approximated Betweenness Centrality (k=50)...
2026-09-26 18:05:31,474 [INFO] feature_engineering: Dynamically calculated 10 centrality features for 2150 rows in 0.04 seconds.
2026-09-26 18:05:31,584 [INFO] community_leiden: Detecting communities using Leiden algorithm...
2026-09-26 18:05:31,592 [INFO] community_leiden: Detected 5 communities using Leiden
2026-09-26 18:05:31,708 [INFO] community_detection: Enhanced 2150 flows with community features
2026-09-26 18:05:32,880 [INFO] federated_learning: Generating embeddings for 105 nodes, 2150 edges
2026-09-26 18:05:33,030 [INFO] federated_learning: Generated 1957 flow embeddings
2026-09-26 18:05:33,031 [INFO] federated_learning:     -> [51.1%] Step 115/225 | Running Client 5/5 for content detector...
2026-09-26 18:05:33,036 [INFO] federated_learning: Loaded 2150 records for client 5
2026-09-26 18:05:33,051 [INFO] feature_engineering: Engineered 360 new features for content detection
2026-09-26 18:05:33,051 [INFO] feature_engineering: Calculating centrality features dynamically (Ignoring any dataset pre-computations)...
2026-09-26 18:05:33,055 [INFO] feature_engineering: Calculating Degree Centrality for 102 nodes...
2026-09-26 18:05:33,055 [INFO] feature_engineering: Calculating PageRank...
2026-09-26 18:05:33,061 [INFO] feature_engineering: Calculating K-Core...
2026-09-26 18:05:33,061 [INFO] feature_engineering: Calculating Eigenvector Centrality...
2026-09-26 18:05:33,067 [INFO] feature_engineering: Calculating Approximated Betweenness Centrality (k=50)...
2026-09-26 18:05:33,089 [INFO] feature_engineering: Dynamically calculated 10 centrality features for 2150 rows in 0.04 seconds.
2026-09-26 18:05:33,198 [INFO] community_leiden: Detecting communities using Leiden algorithm...
2026-09-26 18:05:33,205 [INFO] community_leiden: Detected 5 communities using Leiden
2026-09-26 18:05:33,316 [INFO] community_detection: Enhanced 2150 flows with community features
2026-09-26 18:05:34,468 [INFO] federated_learning: Generating embeddings for 102 nodes, 2150 edges
2026-09-26 18:05:34,614 [INFO] federated_learning: Generated 1950 flow embeddings
2026-09-26 18:06:03,791 [INFO] federated_learning:   -> Processing Behavioral Detector...
2026-09-26 18:06:03,791 [INFO] federated_learning:     -> [51.6%] Step 116/225 | Running Client 1/5 for behavioral detector...
2026-09-26 18:06:03,797 [INFO] federated_learning: Loaded 2150 records for client 1
2026-09-26 18:06:03,828 [INFO] feature_engineering: Engineered 360 new features for behavioral detection
2026-09-26 18:06:03,829 [INFO] feature_engineering: Calculating centrality features dynamically (Ignoring any dataset pre-computations)...
2026-09-26 18:06:03,833 [INFO] feature_engineering: Calculating Degree Centrality for 95 nodes...
2026-09-26 18:06:03,833 [INFO] feature_engineering: Calculating PageRank...
2026-09-26 18:06:03,838 [INFO] feature_engineering: Calculating K-Core...
2026-09-26 18:06:03,838 [INFO] feature_engineering: Calculating Eigenvector Centrality...
2026-09-26 18:06:03,843 [INFO] feature_engineering: Calculating Approximated Betweenness Centrality (k=50)...
2026-09-26 18:06:03,863 [INFO] feature_engineering: Dynamically calculated 10 centrality features for 2150 rows in 0.03 seconds.
2026-09-26 18:06:03,971 [INFO] community_leiden: Detecting communities using Leiden algorithm...
2026-09-26 18:06:03,977 [INFO] community_leiden: Detected 4 communities using Leiden
2026-09-26 18:06:04,089 [INFO] community_detection: Enhanced 2150 flows with community features
2026-09-26 18:06:05,023 [INFO] federated_learning: Generating embeddings for 95 nodes, 2150 edges
2026-09-26 18:06:05,156 [INFO] federated_learning: Generated 1942 flow embeddings
2026-09-26 18:06:05,156 [INFO] federated_learning:     -> [52.0%] Step 117/225 | Running Client 2/5 for behavioral detector...
2026-09-26 18:06:05,162 [INFO] federated_learning: Loaded 2150 records for client 2
2026-09-26 18:06:05,207 [INFO] feature_engineering: Engineered 370 new features for behavioral detection
2026-09-26 18:06:05,208 [INFO] feature_engineering: Calculating centrality features dynamically (Ignoring any dataset pre-computations)...
2026-09-26 18:06:05,211 [INFO] feature_engineering: Calculating Degree Centrality for 111 nodes...
2026-09-26 18:06:05,212 [INFO] feature_engineering: Calculating PageRank...
2026-09-26 18:06:05,217 [INFO] feature_engineering: Calculating K-Core...
2026-09-26 18:06:05,218 [INFO] feature_engineering: Calculating Eigenvector Centrality...
2026-09-26 18:06:05,224 [INFO] feature_engineering: Calculating Approximated Betweenness Centrality (k=50)...
2026-09-26 18:06:05,246 [INFO] feature_engineering: Dynamically calculated 10 centrality features for 2150 rows in 0.04 seconds.
2026-09-26 18:06:05,354 [INFO] community_leiden: Detecting communities using Leiden algorithm...
2026-09-26 18:06:05,361 [INFO] community_leiden: Detected 5 communities using Leiden
2026-09-26 18:06:05,493 [INFO] community_detection: Enhanced 2150 flows with community features
2026-09-26 18:06:06,418 [INFO] federated_learning: Generating embeddings for 111 nodes, 2150 edges
2026-09-26 18:06:06,543 [INFO] federated_learning: Generated 1964 flow embeddings
2026-09-26 18:06:06,544 [INFO] federated_learning:     -> [52.4%] Step 118/225 | Running Client 3/5 for behavioral detector...
2026-09-26 18:06:06,549 [INFO] federated_learning: Loaded 2150 records for client 3
2026-09-26 18:06:06,578 [INFO] feature_engineering: Engineered 380 new features for behavioral detection
2026-09-26 18:06:06,578 [INFO] feature_engineering: Calculating centrality features dynamically (Ignoring any dataset pre-computations)...
2026-09-26 18:06:06,581 [INFO] feature_engineering: Calculating Degree Centrality for 106 nodes...
2026-09-26 18:06:06,582 [INFO] feature_engineering: Calculating PageRank...
2026-09-26 18:06:06,587 [INFO] feature_engineering: Calculating K-Core...
2026-09-26 18:06:06,588 [INFO] feature_engineering: Calculating Eigenvector Centrality...
2026-09-26 18:06:06,593 [INFO] feature_engineering: Calculating Approximated Betweenness Centrality (k=50)...
2026-09-26 18:06:06,613 [INFO] feature_engineering: Dynamically calculated 10 centrality features for 2150 rows in 0.04 seconds.
2026-09-26 18:06:06,724 [INFO] community_leiden: Detecting communities using Leiden algorithm...
2026-09-26 18:06:06,732 [INFO] community_leiden: Detected 6 communities using Leiden
2026-09-26 18:06:06,858 [INFO] community_detection: Enhanced 2150 flows with community features
2026-09-26 18:06:07,776 [INFO] federated_learning: Generating embeddings for 106 nodes, 2150 edges
2026-09-26 18:06:07,901 [INFO] federated_learning: Generated 1927 flow embeddings
2026-09-26 18:06:07,902 [INFO] federated_learning:     -> [52.9%] Step 119/225 | Running Client 4/5 for behavioral detector...
2026-09-26 18:06:07,907 [INFO] federated_learning: Loaded 2150 records for client 4
2026-09-26 18:06:07,941 [INFO] feature_engineering: Engineered 390 new features for behavioral detection
2026-09-26 18:06:07,941 [INFO] feature_engineering: Calculating centrality features dynamically (Ignoring any dataset pre-computations)...
2026-09-26 18:06:07,945 [INFO] feature_engineering: Calculating Degree Centrality for 105 nodes...
2026-09-26 18:06:07,945 [INFO] feature_engineering: Calculating PageRank...
2026-09-26 18:06:07,951 [INFO] feature_engineering: Calculating K-Core...
2026-09-26 18:06:07,952 [INFO] feature_engineering: Calculating Eigenvector Centrality...
2026-09-26 18:06:07,959 [INFO] feature_engineering: Calculating Approximated Betweenness Centrality (k=50)...
2026-09-26 18:06:07,979 [INFO] feature_engineering: Dynamically calculated 10 centrality features for 2150 rows in 0.04 seconds.
2026-09-26 18:06:08,087 [INFO] community_leiden: Detecting communities using Leiden algorithm...
2026-09-26 18:06:08,093 [INFO] community_leiden: Detected 5 communities using Leiden
2026-09-26 18:06:08,211 [INFO] community_detection: Enhanced 2150 flows with community features
2026-09-26 18:06:09,112 [INFO] federated_learning: Generating embeddings for 105 nodes, 2150 edges
2026-09-26 18:06:09,236 [INFO] federated_learning: Generated 1957 flow embeddings
2026-09-26 18:06:09,239 [INFO] federated_learning:     -> [53.3%] Step 120/225 | Running Client 5/5 for behavioral detector...
2026-09-26 18:06:09,245 [INFO] federated_learning: Loaded 2150 records for client 5
2026-09-26 18:06:09,275 [INFO] feature_engineering: Engineered 400 new features for behavioral detection
2026-09-26 18:06:09,275 [INFO] feature_engineering: Calculating centrality features dynamically (Ignoring any dataset pre-computations)...
2026-09-26 18:06:09,278 [INFO] feature_engineering: Calculating Degree Centrality for 102 nodes...
2026-09-26 18:06:09,279 [INFO] feature_engineering: Calculating PageRank...
2026-09-26 18:06:09,284 [INFO] feature_engineering: Calculating K-Core...
2026-09-26 18:06:09,285 [INFO] feature_engineering: Calculating Eigenvector Centrality...
2026-09-26 18:06:09,290 [INFO] feature_engineering: Calculating Approximated Betweenness Centrality (k=50)...
2026-09-26 18:06:09,312 [INFO] feature_engineering: Dynamically calculated 10 centrality features for 2150 rows in 0.04 seconds.
2026-09-26 18:06:09,422 [INFO] community_leiden: Detecting communities using Leiden algorithm...
2026-09-26 18:06:09,428 [INFO] community_leiden: Detected 5 communities using Leiden
2026-09-26 18:06:09,537 [INFO] community_detection: Enhanced 2150 flows with community features
2026-09-26 18:06:10,456 [INFO] federated_learning: Generating embeddings for 102 nodes, 2150 edges
2026-09-26 18:06:10,582 [INFO] federated_learning: Generated 1950 flow embeddings
2026-09-26 18:06:39,798 [INFO] utils: Round 8 metrics logged
2026-09-26 18:06:39,799 [INFO] federated_learning: Round 8 completed in 108.83s, loss: 0.3096
2026-09-26 18:06:39,799 [INFO] federated_learning: Starting round 9/15 (Total System Steps: 225)
2026-09-26 18:06:39,799 [INFO] federated_learning:   -> Processing Temporal Detector...
2026-09-26 18:06:39,800 [INFO] federated_learning:     -> [53.8%] Step 121/225 | Running Client 1/5 for temporal detector...
2026-09-26 18:06:39,805 [INFO] federated_learning: Loaded 2150 records for client 1
2026-09-26 18:06:39,819 [INFO] feature_engineering: Engineered 462 new features for temporal detection
2026-09-26 18:06:39,819 [INFO] feature_engineering: Calculating centrality features dynamically (Ignoring any dataset pre-computations)...
2026-09-26 18:06:39,823 [INFO] feature_engineering: Calculating Degree Centrality for 95 nodes...
2026-09-26 18:06:39,823 [INFO] feature_engineering: Calculating PageRank...
2026-09-26 18:06:39,828 [INFO] feature_engineering: Calculating K-Core...
2026-09-26 18:06:39,829 [INFO] feature_engineering: Calculating Eigenvector Centrality...
2026-09-26 18:06:39,833 [INFO] feature_engineering: Calculating Approximated Betweenness Centrality (k=50)...
2026-09-26 18:06:39,854 [INFO] feature_engineering: Dynamically calculated 10 centrality features for 2150 rows in 0.03 seconds.
2026-09-26 18:06:39,960 [INFO] community_leiden: Detecting communities using Leiden algorithm...
2026-09-26 18:06:39,967 [INFO] community_leiden: Detected 4 communities using Leiden
2026-09-26 18:06:40,063 [INFO] community_detection: Enhanced 2150 flows with community features
2026-09-26 18:06:40,936 [INFO] federated_learning: Generating embeddings for 95 nodes, 2150 edges
2026-09-26 18:06:41,060 [INFO] federated_learning: Generated 1942 flow embeddings
2026-09-26 18:06:41,061 [INFO] federated_learning:     -> [54.2%] Step 122/225 | Running Client 2/5 for temporal detector...
2026-09-26 18:06:41,066 [INFO] federated_learning: Loaded 2150 records for client 2
2026-09-26 18:06:41,080 [INFO] feature_engineering: Engineered 473 new features for temporal detection
2026-09-26 18:06:41,080 [INFO] feature_engineering: Calculating centrality features dynamically (Ignoring any dataset pre-computations)...
2026-09-26 18:06:41,084 [INFO] feature_engineering: Calculating Degree Centrality for 111 nodes...
2026-09-26 18:06:41,084 [INFO] feature_engineering: Calculating PageRank...
2026-09-26 18:06:41,089 [INFO] feature_engineering: Calculating K-Core...
2026-09-26 18:06:41,090 [INFO] feature_engineering: Calculating Eigenvector Centrality...
2026-09-26 18:06:41,095 [INFO] feature_engineering: Calculating Approximated Betweenness Centrality (k=50)...
2026-09-26 18:06:41,115 [INFO] feature_engineering: Dynamically calculated 10 centrality features for 2150 rows in 0.03 seconds.
2026-09-26 18:06:41,223 [INFO] community_leiden: Detecting communities using Leiden algorithm...
2026-09-26 18:06:41,231 [INFO] community_leiden: Detected 5 communities using Leiden
2026-09-26 18:06:41,363 [INFO] community_detection: Enhanced 2150 flows with community features
2026-09-26 18:06:42,281 [INFO] federated_learning: Generating embeddings for 111 nodes, 2150 edges
2026-09-26 18:06:42,406 [INFO] federated_learning: Generated 1964 flow embeddings
2026-09-26 18:06:42,408 [INFO] federated_learning:     -> [54.7%] Step 123/225 | Running Client 3/5 for temporal detector...
2026-09-26 18:06:42,414 [INFO] federated_learning: Loaded 2150 records for client 3
2026-09-26 18:06:42,428 [INFO] feature_engineering: Engineered 484 new features for temporal detection
2026-09-26 18:06:42,428 [INFO] feature_engineering: Calculating centrality features dynamically (Ignoring any dataset pre-computations)...
2026-09-26 18:06:42,431 [INFO] feature_engineering: Calculating Degree Centrality for 106 nodes...
2026-09-26 18:06:42,432 [INFO] feature_engineering: Calculating PageRank...
2026-09-26 18:06:42,437 [INFO] feature_engineering: Calculating K-Core...
2026-09-26 18:06:42,438 [INFO] feature_engineering: Calculating Eigenvector Centrality...
2026-09-26 18:06:42,443 [INFO] feature_engineering: Calculating Approximated Betweenness Centrality (k=50)...
2026-09-26 18:06:42,464 [INFO] feature_engineering: Dynamically calculated 10 centrality features for 2150 rows in 0.04 seconds.
2026-09-26 18:06:42,572 [INFO] community_leiden: Detecting communities using Leiden algorithm...
2026-09-26 18:06:42,579 [INFO] community_leiden: Detected 6 communities using Leiden
2026-09-26 18:06:42,699 [INFO] community_detection: Enhanced 2150 flows with community features
2026-09-26 18:06:43,598 [INFO] federated_learning: Generating embeddings for 106 nodes, 2150 edges
2026-09-26 18:06:43,720 [INFO] federated_learning: Generated 1927 flow embeddings
2026-09-26 18:06:43,721 [INFO] federated_learning:     -> [55.1%] Step 124/225 | Running Client 4/5 for temporal detector...
2026-09-26 18:06:43,727 [INFO] federated_learning: Loaded 2150 records for client 4
2026-09-26 18:06:43,743 [INFO] feature_engineering: Engineered 495 new features for temporal detection
2026-09-26 18:06:43,743 [INFO] feature_engineering: Calculating centrality features dynamically (Ignoring any dataset pre-computations)...
2026-09-26 18:06:43,747 [INFO] feature_engineering: Calculating Degree Centrality for 105 nodes...
2026-09-26 18:06:43,747 [INFO] feature_engineering: Calculating PageRank...
2026-09-26 18:06:43,752 [INFO] feature_engineering: Calculating K-Core...
2026-09-26 18:06:43,752 [INFO] feature_engineering: Calculating Eigenvector Centrality...
2026-09-26 18:06:43,758 [INFO] feature_engineering: Calculating Approximated Betweenness Centrality (k=50)...
2026-09-26 18:06:43,778 [INFO] feature_engineering: Dynamically calculated 10 centrality features for 2150 rows in 0.04 seconds.
2026-09-26 18:06:43,888 [INFO] community_leiden: Detecting communities using Leiden algorithm...
2026-09-26 18:06:43,895 [INFO] community_leiden: Detected 5 communities using Leiden
2026-09-26 18:06:44,011 [INFO] community_detection: Enhanced 2150 flows with community features
2026-09-26 18:06:44,914 [INFO] federated_learning: Generating embeddings for 105 nodes, 2150 edges
2026-09-26 18:06:45,065 [INFO] federated_learning: Generated 1957 flow embeddings
2026-09-26 18:06:45,065 [INFO] federated_learning:     -> [55.6%] Step 125/225 | Running Client 5/5 for temporal detector...
2026-09-26 18:06:45,071 [INFO] federated_learning: Loaded 2150 records for client 5
2026-09-26 18:06:45,085 [INFO] feature_engineering: Engineered 506 new features for temporal detection
2026-09-26 18:06:45,085 [INFO] feature_engineering: Calculating centrality features dynamically (Ignoring any dataset pre-computations)...
2026-09-26 18:06:45,088 [INFO] feature_engineering: Calculating Degree Centrality for 102 nodes...
2026-09-26 18:06:45,089 [INFO] feature_engineering: Calculating PageRank...
2026-09-26 18:06:45,093 [INFO] feature_engineering: Calculating K-Core...
2026-09-26 18:06:45,094 [INFO] feature_engineering: Calculating Eigenvector Centrality...
2026-09-26 18:06:45,100 [INFO] feature_engineering: Calculating Approximated Betweenness Centrality (k=50)...
2026-09-26 18:06:45,120 [INFO] feature_engineering: Dynamically calculated 10 centrality features for 2150 rows in 0.04 seconds.
2026-09-26 18:06:45,225 [INFO] community_leiden: Detecting communities using Leiden algorithm...
2026-09-26 18:06:45,232 [INFO] community_leiden: Detected 5 communities using Leiden
2026-09-26 18:06:45,339 [INFO] community_detection: Enhanced 2150 flows with community features
2026-09-26 18:06:46,235 [INFO] federated_learning: Generating embeddings for 102 nodes, 2150 edges
2026-09-26 18:06:46,361 [INFO] federated_learning: Generated 1950 flow embeddings
2026-09-26 18:07:15,588 [INFO] federated_learning:   -> Processing Content Detector...
2026-09-26 18:07:15,588 [INFO] federated_learning:     -> [56.0%] Step 126/225 | Running Client 1/5 for content detector...
2026-09-26 18:07:15,597 [INFO] federated_learning: Loaded 2150 records for client 1
2026-09-26 18:07:15,609 [INFO] feature_engineering: Engineered 369 new features for content detection
2026-09-26 18:07:15,609 [INFO] feature_engineering: Calculating centrality features dynamically (Ignoring any dataset pre-computations)...
2026-09-26 18:07:15,613 [INFO] feature_engineering: Calculating Degree Centrality for 95 nodes...
2026-09-26 18:07:15,613 [INFO] feature_engineering: Calculating PageRank...
2026-09-26 18:07:15,618 [INFO] feature_engineering: Calculating K-Core...
2026-09-26 18:07:15,619 [INFO] feature_engineering: Calculating Eigenvector Centrality...
2026-09-26 18:07:15,624 [INFO] feature_engineering: Calculating Approximated Betweenness Centrality (k=50)...
2026-09-26 18:07:15,643 [INFO] feature_engineering: Dynamically calculated 10 centrality features for 2150 rows in 0.03 seconds.
2026-09-26 18:07:15,749 [INFO] community_leiden: Detecting communities using Leiden algorithm...
2026-09-26 18:07:15,755 [INFO] community_leiden: Detected 4 communities using Leiden
2026-09-26 18:07:15,853 [INFO] community_detection: Enhanced 2150 flows with community features
2026-09-26 18:07:17,003 [INFO] federated_learning: Generating embeddings for 95 nodes, 2150 edges
2026-09-26 18:07:17,146 [INFO] federated_learning: Generated 1942 flow embeddings
2026-09-26 18:07:17,147 [INFO] federated_learning:     -> [56.4%] Step 127/225 | Running Client 2/5 for content detector...
2026-09-26 18:07:17,153 [INFO] federated_learning: Loaded 2150 records for client 2
2026-09-26 18:07:17,167 [INFO] feature_engineering: Engineered 378 new features for content detection
2026-09-26 18:07:17,167 [INFO] feature_engineering: Calculating centrality features dynamically (Ignoring any dataset pre-computations)...
2026-09-26 18:07:17,171 [INFO] feature_engineering: Calculating Degree Centrality for 111 nodes...
2026-09-26 18:07:17,171 [INFO] feature_engineering: Calculating PageRank...
2026-09-26 18:07:17,176 [INFO] feature_engineering: Calculating K-Core...
2026-09-26 18:07:17,177 [INFO] feature_engineering: Calculating Eigenvector Centrality...
2026-09-26 18:07:17,183 [INFO] feature_engineering: Calculating Approximated Betweenness Centrality (k=50)...
2026-09-26 18:07:17,204 [INFO] feature_engineering: Dynamically calculated 10 centrality features for 2150 rows in 0.04 seconds.
2026-09-26 18:07:17,313 [INFO] community_leiden: Detecting communities using Leiden algorithm...
2026-09-26 18:07:17,320 [INFO] community_leiden: Detected 5 communities using Leiden
2026-09-26 18:07:17,451 [INFO] community_detection: Enhanced 2150 flows with community features
2026-09-26 18:07:18,616 [INFO] federated_learning: Generating embeddings for 111 nodes, 2150 edges
2026-09-26 18:07:18,759 [INFO] federated_learning: Generated 1964 flow embeddings
2026-09-26 18:07:18,760 [INFO] federated_learning:     -> [56.9%] Step 128/225 | Running Client 3/5 for content detector...
2026-09-26 18:07:18,765 [INFO] federated_learning: Loaded 2150 records for client 3
2026-09-26 18:07:18,776 [INFO] feature_engineering: Engineered 387 new features for content detection
2026-09-26 18:07:18,777 [INFO] feature_engineering: Calculating centrality features dynamically (Ignoring any dataset pre-computations)...
2026-09-26 18:07:18,780 [INFO] feature_engineering: Calculating Degree Centrality for 106 nodes...
2026-09-26 18:07:18,781 [INFO] feature_engineering: Calculating PageRank...
2026-09-26 18:07:18,785 [INFO] feature_engineering: Calculating K-Core...
2026-09-26 18:07:18,786 [INFO] feature_engineering: Calculating Eigenvector Centrality...
2026-09-26 18:07:18,791 [INFO] feature_engineering: Calculating Approximated Betweenness Centrality (k=50)...
2026-09-26 18:07:18,811 [INFO] feature_engineering: Dynamically calculated 10 centrality features for 2150 rows in 0.03 seconds.
2026-09-26 18:07:18,918 [INFO] community_leiden: Detecting communities using Leiden algorithm...
2026-09-26 18:07:18,925 [INFO] community_leiden: Detected 6 communities using Leiden
2026-09-26 18:07:19,042 [INFO] community_detection: Enhanced 2150 flows with community features
2026-09-26 18:07:20,207 [INFO] federated_learning: Generating embeddings for 106 nodes, 2150 edges
2026-09-26 18:07:20,347 [INFO] federated_learning: Generated 1927 flow embeddings
2026-09-26 18:07:20,348 [INFO] federated_learning:     -> [57.3%] Step 129/225 | Running Client 4/5 for content detector...
2026-09-26 18:07:20,353 [INFO] federated_learning: Loaded 2150 records for client 4
2026-09-26 18:07:20,364 [INFO] feature_engineering: Engineered 396 new features for content detection
2026-09-26 18:07:20,365 [INFO] feature_engineering: Calculating centrality features dynamically (Ignoring any dataset pre-computations)...
2026-09-26 18:07:20,368 [INFO] feature_engineering: Calculating Degree Centrality for 105 nodes...
2026-09-26 18:07:20,369 [INFO] feature_engineering: Calculating PageRank...
2026-09-26 18:07:20,374 [INFO] feature_engineering: Calculating K-Core...
2026-09-26 18:07:20,374 [INFO] feature_engineering: Calculating Eigenvector Centrality...
2026-09-26 18:07:20,380 [INFO] feature_engineering: Calculating Approximated Betweenness Centrality (k=50)...
2026-09-26 18:07:20,400 [INFO] feature_engineering: Dynamically calculated 10 centrality features for 2150 rows in 0.04 seconds.
2026-09-26 18:07:20,510 [INFO] community_leiden: Detecting communities using Leiden algorithm...
2026-09-26 18:07:20,516 [INFO] community_leiden: Detected 5 communities using Leiden
2026-09-26 18:07:20,633 [INFO] community_detection: Enhanced 2150 flows with community features
2026-09-26 18:07:21,797 [INFO] federated_learning: Generating embeddings for 105 nodes, 2150 edges
2026-09-26 18:07:21,942 [INFO] federated_learning: Generated 1957 flow embeddings
2026-09-26 18:07:21,942 [INFO] federated_learning:     -> [57.8%] Step 130/225 | Running Client 5/5 for content detector...
2026-09-26 18:07:21,948 [INFO] federated_learning: Loaded 2150 records for client 5
2026-09-26 18:07:21,960 [INFO] feature_engineering: Engineered 405 new features for content detection
2026-09-26 18:07:21,960 [INFO] feature_engineering: Calculating centrality features dynamically (Ignoring any dataset pre-computations)...
2026-09-26 18:07:21,963 [INFO] feature_engineering: Calculating Degree Centrality for 102 nodes...
2026-09-26 18:07:21,964 [INFO] feature_engineering: Calculating PageRank...
2026-09-26 18:07:21,968 [INFO] feature_engineering: Calculating K-Core...
2026-09-26 18:07:21,969 [INFO] feature_engineering: Calculating Eigenvector Centrality...
2026-09-26 18:07:21,975 [INFO] feature_engineering: Calculating Approximated Betweenness Centrality (k=50)...
2026-09-26 18:07:21,995 [INFO] feature_engineering: Dynamically calculated 10 centrality features for 2150 rows in 0.04 seconds.
2026-09-26 18:07:22,104 [INFO] community_leiden: Detecting communities using Leiden algorithm...
2026-09-26 18:07:22,111 [INFO] community_leiden: Detected 5 communities using Leiden
2026-09-26 18:07:22,216 [INFO] community_detection: Enhanced 2150 flows with community features
2026-09-26 18:07:23,379 [INFO] federated_learning: Generating embeddings for 102 nodes, 2150 edges
2026-09-26 18:07:23,519 [INFO] federated_learning: Generated 1950 flow embeddings
2026-09-26 18:07:52,751 [INFO] federated_learning:   -> Processing Behavioral Detector...
2026-09-26 18:07:52,752 [INFO] federated_learning:     -> [58.2%] Step 131/225 | Running Client 1/5 for behavioral detector...
2026-09-26 18:07:52,761 [INFO] federated_learning: Loaded 2150 records for client 1
2026-09-26 18:07:52,793 [INFO] feature_engineering: Engineered 410 new features for behavioral detection
2026-09-26 18:07:52,794 [INFO] feature_engineering: Calculating centrality features dynamically (Ignoring any dataset pre-computations)...
2026-09-26 18:07:52,797 [INFO] feature_engineering: Calculating Degree Centrality for 95 nodes...
2026-09-26 18:07:52,798 [INFO] feature_engineering: Calculating PageRank...
2026-09-26 18:07:52,802 [INFO] feature_engineering: Calculating K-Core...
2026-09-26 18:07:52,803 [INFO] feature_engineering: Calculating Eigenvector Centrality...
2026-09-26 18:07:52,808 [INFO] feature_engineering: Calculating Approximated Betweenness Centrality (k=50)...
2026-09-26 18:07:52,827 [INFO] feature_engineering: Dynamically calculated 10 centrality features for 2150 rows in 0.03 seconds.
2026-09-26 18:07:52,935 [INFO] community_leiden: Detecting communities using Leiden algorithm...
2026-09-26 18:07:52,941 [INFO] community_leiden: Detected 4 communities using Leiden
2026-09-26 18:07:53,040 [INFO] community_detection: Enhanced 2150 flows with community features
2026-09-26 18:07:53,937 [INFO] federated_learning: Generating embeddings for 95 nodes, 2150 edges
2026-09-26 18:07:54,060 [INFO] federated_learning: Generated 1942 flow embeddings
2026-09-26 18:07:54,061 [INFO] federated_learning:     -> [58.7%] Step 132/225 | Running Client 2/5 for behavioral detector...
2026-09-26 18:07:54,066 [INFO] federated_learning: Loaded 2150 records for client 2
2026-09-26 18:07:54,108 [INFO] feature_engineering: Engineered 420 new features for behavioral detection
2026-09-26 18:07:54,108 [INFO] feature_engineering: Calculating centrality features dynamically (Ignoring any dataset pre-computations)...
2026-09-26 18:07:54,111 [INFO] feature_engineering: Calculating Degree Centrality for 111 nodes...
2026-09-26 18:07:54,112 [INFO] feature_engineering: Calculating PageRank...
2026-09-26 18:07:54,117 [INFO] feature_engineering: Calculating K-Core...
2026-09-26 18:07:54,117 [INFO] feature_engineering: Calculating Eigenvector Centrality...
2026-09-26 18:07:54,123 [INFO] feature_engineering: Calculating Approximated Betweenness Centrality (k=50)...
2026-09-26 18:07:54,144 [INFO] feature_engineering: Dynamically calculated 10 centrality features for 2150 rows in 0.04 seconds.
2026-09-26 18:07:54,250 [INFO] community_leiden: Detecting communities using Leiden algorithm...
2026-09-26 18:07:54,258 [INFO] community_leiden: Detected 5 communities using Leiden
2026-09-26 18:07:54,389 [INFO] community_detection: Enhanced 2150 flows with community features
2026-09-26 18:07:55,340 [INFO] federated_learning: Generating embeddings for 111 nodes, 2150 edges
2026-09-26 18:07:55,463 [INFO] federated_learning: Generated 1964 flow embeddings
2026-09-26 18:07:55,464 [INFO] federated_learning:     -> [59.1%] Step 133/225 | Running Client 3/5 for behavioral detector...
2026-09-26 18:07:55,469 [INFO] federated_learning: Loaded 2150 records for client 3
2026-09-26 18:07:55,499 [INFO] feature_engineering: Engineered 430 new features for behavioral detection
2026-09-26 18:07:55,499 [INFO] feature_engineering: Calculating centrality features dynamically (Ignoring any dataset pre-computations)...
2026-09-26 18:07:55,503 [INFO] feature_engineering: Calculating Degree Centrality for 106 nodes...
2026-09-26 18:07:55,503 [INFO] feature_engineering: Calculating PageRank...
2026-09-26 18:07:55,508 [INFO] feature_engineering: Calculating K-Core...
2026-09-26 18:07:55,509 [INFO] feature_engineering: Calculating Eigenvector Centrality...
2026-09-26 18:07:55,514 [INFO] feature_engineering: Calculating Approximated Betweenness Centrality (k=50)...
2026-09-26 18:07:55,534 [INFO] feature_engineering: Dynamically calculated 10 centrality features for 2150 rows in 0.03 seconds.
2026-09-26 18:07:55,644 [INFO] community_leiden: Detecting communities using Leiden algorithm...
2026-09-26 18:07:55,651 [INFO] community_leiden: Detected 6 communities using Leiden
2026-09-26 18:07:55,770 [INFO] community_detection: Enhanced 2150 flows with community features
2026-09-26 18:07:56,674 [INFO] federated_learning: Generating embeddings for 106 nodes, 2150 edges
2026-09-26 18:07:56,792 [INFO] federated_learning: Generated 1927 flow embeddings
2026-09-26 18:07:56,797 [INFO] federated_learning:     -> [59.6%] Step 134/225 | Running Client 4/5 for behavioral detector...
2026-09-26 18:07:56,803 [INFO] federated_learning: Loaded 2150 records for client 4
2026-09-26 18:07:56,836 [INFO] feature_engineering: Engineered 440 new features for behavioral detection
2026-09-26 18:07:56,836 [INFO] feature_engineering: Calculating centrality features dynamically (Ignoring any dataset pre-computations)...
2026-09-26 18:07:56,840 [INFO] feature_engineering: Calculating Degree Centrality for 105 nodes...
2026-09-26 18:07:56,840 [INFO] feature_engineering: Calculating PageRank...
2026-09-26 18:07:56,846 [INFO] feature_engineering: Calculating K-Core...
2026-09-26 18:07:56,847 [INFO] feature_engineering: Calculating Eigenvector Centrality...
2026-09-26 18:07:56,853 [INFO] feature_engineering: Calculating Approximated Betweenness Centrality (k=50)...
2026-09-26 18:07:56,874 [INFO] feature_engineering: Dynamically calculated 10 centrality features for 2150 rows in 0.04 seconds.
2026-09-26 18:07:56,983 [INFO] community_leiden: Detecting communities using Leiden algorithm...
2026-09-26 18:07:56,990 [INFO] community_leiden: Detected 5 communities using Leiden
2026-09-26 18:07:57,109 [INFO] community_detection: Enhanced 2150 flows with community features
2026-09-26 18:07:58,031 [INFO] federated_learning: Generating embeddings for 105 nodes, 2150 edges
2026-09-26 18:07:58,158 [INFO] federated_learning: Generated 1957 flow embeddings
2026-09-26 18:07:58,158 [INFO] federated_learning:     -> [60.0%] Step 135/225 | Running Client 5/5 for behavioral detector...
2026-09-26 18:07:58,164 [INFO] federated_learning: Loaded 2150 records for client 5
2026-09-26 18:07:58,194 [INFO] feature_engineering: Engineered 450 new features for behavioral detection
2026-09-26 18:07:58,194 [INFO] feature_engineering: Calculating centrality features dynamically (Ignoring any dataset pre-computations)...
2026-09-26 18:07:58,198 [INFO] feature_engineering: Calculating Degree Centrality for 102 nodes...
2026-09-26 18:07:58,198 [INFO] feature_engineering: Calculating PageRank...
2026-09-26 18:07:58,203 [INFO] feature_engineering: Calculating K-Core...
2026-09-26 18:07:58,204 [INFO] feature_engineering: Calculating Eigenvector Centrality...
2026-09-26 18:07:58,209 [INFO] feature_engineering: Calculating Approximated Betweenness Centrality (k=50)...
2026-09-26 18:07:58,229 [INFO] feature_engineering: Dynamically calculated 10 centrality features for 2150 rows in 0.03 seconds.
2026-09-26 18:07:58,338 [INFO] community_leiden: Detecting communities using Leiden algorithm...
2026-09-26 18:07:58,345 [INFO] community_leiden: Detected 5 communities using Leiden
2026-09-26 18:07:58,457 [INFO] community_detection: Enhanced 2150 flows with community features
2026-09-26 18:07:59,366 [INFO] federated_learning: Generating embeddings for 102 nodes, 2150 edges
2026-09-26 18:07:59,490 [INFO] federated_learning: Generated 1950 flow embeddings
2026-09-26 18:08:28,611 [INFO] utils: Round 9 metrics logged
2026-09-26 18:08:28,612 [INFO] federated_learning: Round 9 completed in 108.81s, loss: 0.2727
2026-09-26 18:08:28,612 [INFO] federated_learning: Starting round 10/15 (Total System Steps: 225)
2026-09-26 18:08:28,612 [INFO] federated_learning:   -> Processing Temporal Detector...
2026-09-26 18:08:28,613 [INFO] federated_learning:     -> [60.4%] Step 136/225 | Running Client 1/5 for temporal detector...
2026-09-26 18:08:28,618 [INFO] federated_learning: Loaded 2150 records for client 1
2026-09-26 18:08:28,632 [INFO] feature_engineering: Engineered 517 new features for temporal detection
2026-09-26 18:08:28,632 [INFO] feature_engineering: Calculating centrality features dynamically (Ignoring any dataset pre-computations)...
2026-09-26 18:08:28,636 [INFO] feature_engineering: Calculating Degree Centrality for 95 nodes...
2026-09-26 18:08:28,636 [INFO] feature_engineering: Calculating PageRank...
2026-09-26 18:08:28,641 [INFO] feature_engineering: Calculating K-Core...
2026-09-26 18:08:28,642 [INFO] feature_engineering: Calculating Eigenvector Centrality...
2026-09-26 18:08:28,647 [INFO] feature_engineering: Calculating Approximated Betweenness Centrality (k=50)...
2026-09-26 18:08:28,666 [INFO] feature_engineering: Dynamically calculated 10 centrality features for 2150 rows in 0.03 seconds.
2026-09-26 18:08:28,774 [INFO] community_leiden: Detecting communities using Leiden algorithm...
2026-09-26 18:08:28,782 [INFO] community_leiden: Detected 4 communities using Leiden
2026-09-26 18:08:28,887 [INFO] community_detection: Enhanced 2150 flows with community features
2026-09-26 18:08:29,780 [INFO] federated_learning: Generating embeddings for 95 nodes, 2150 edges
2026-09-26 18:08:29,904 [INFO] federated_learning: Generated 1942 flow embeddings
2026-09-26 18:08:29,905 [INFO] federated_learning:     -> [60.9%] Step 137/225 | Running Client 2/5 for temporal detector...
2026-09-26 18:08:29,910 [INFO] federated_learning: Loaded 2150 records for client 2
2026-09-26 18:08:29,924 [INFO] feature_engineering: Engineered 528 new features for temporal detection
2026-09-26 18:08:29,924 [INFO] feature_engineering: Calculating centrality features dynamically (Ignoring any dataset pre-computations)...
2026-09-26 18:08:29,928 [INFO] feature_engineering: Calculating Degree Centrality for 111 nodes...
2026-09-26 18:08:29,928 [INFO] feature_engineering: Calculating PageRank...
2026-09-26 18:08:29,932 [INFO] feature_engineering: Calculating K-Core...
2026-09-26 18:08:29,933 [INFO] feature_engineering: Calculating Eigenvector Centrality...
2026-09-26 18:08:29,938 [INFO] feature_engineering: Calculating Approximated Betweenness Centrality (k=50)...
2026-09-26 18:08:29,959 [INFO] feature_engineering: Dynamically calculated 10 centrality features for 2150 rows in 0.03 seconds.
2026-09-26 18:08:30,067 [INFO] community_leiden: Detecting communities using Leiden algorithm...
2026-09-26 18:08:30,074 [INFO] community_leiden: Detected 5 communities using Leiden
2026-09-26 18:08:30,200 [INFO] community_detection: Enhanced 2150 flows with community features
2026-09-26 18:08:31,120 [INFO] federated_learning: Generating embeddings for 111 nodes, 2150 edges
2026-09-26 18:08:31,246 [INFO] federated_learning: Generated 1964 flow embeddings
2026-09-26 18:08:31,247 [INFO] federated_learning:     -> [61.3%] Step 138/225 | Running Client 3/5 for temporal detector...
2026-09-26 18:08:31,252 [INFO] federated_learning: Loaded 2150 records for client 3
2026-09-26 18:08:31,267 [INFO] feature_engineering: Engineered 539 new features for temporal detection
2026-09-26 18:08:31,268 [INFO] feature_engineering: Calculating centrality features dynamically (Ignoring any dataset pre-computations)...
2026-09-26 18:08:31,272 [INFO] feature_engineering: Calculating Degree Centrality for 106 nodes...
2026-09-26 18:08:31,272 [INFO] feature_engineering: Calculating PageRank...
2026-09-26 18:08:31,277 [INFO] feature_engineering: Calculating K-Core...
2026-09-26 18:08:31,278 [INFO] feature_engineering: Calculating Eigenvector Centrality...
2026-09-26 18:08:31,284 [INFO] feature_engineering: Calculating Approximated Betweenness Centrality (k=50)...
2026-09-26 18:08:31,305 [INFO] feature_engineering: Dynamically calculated 10 centrality features for 2150 rows in 0.04 seconds.
2026-09-26 18:08:31,413 [INFO] community_leiden: Detecting communities using Leiden algorithm...
2026-09-26 18:08:31,420 [INFO] community_leiden: Detected 6 communities using Leiden
2026-09-26 18:08:31,541 [INFO] community_detection: Enhanced 2150 flows with community features
2026-09-26 18:08:32,421 [INFO] federated_learning: Generating embeddings for 106 nodes, 2150 edges
2026-09-26 18:08:32,544 [INFO] federated_learning: Generated 1927 flow embeddings
2026-09-26 18:08:32,544 [INFO] federated_learning:     -> [61.8%] Step 139/225 | Running Client 4/5 for temporal detector...
2026-09-26 18:08:32,553 [INFO] federated_learning: Loaded 2150 records for client 4
2026-09-26 18:08:32,567 [INFO] feature_engineering: Engineered 550 new features for temporal detection
2026-09-26 18:08:32,568 [INFO] feature_engineering: Calculating centrality features dynamically (Ignoring any dataset pre-computations)...
2026-09-26 18:08:32,571 [INFO] feature_engineering: Calculating Degree Centrality for 105 nodes...
2026-09-26 18:08:32,572 [INFO] feature_engineering: Calculating PageRank...
2026-09-26 18:08:32,577 [INFO] feature_engineering: Calculating K-Core...
2026-09-26 18:08:32,578 [INFO] feature_engineering: Calculating Eigenvector Centrality...
2026-09-26 18:08:32,584 [INFO] feature_engineering: Calculating Approximated Betweenness Centrality (k=50)...
2026-09-26 18:08:32,603 [INFO] feature_engineering: Dynamically calculated 10 centrality features for 2150 rows in 0.04 seconds.
2026-09-26 18:08:32,712 [INFO] community_leiden: Detecting communities using Leiden algorithm...
2026-09-26 18:08:32,719 [INFO] community_leiden: Detected 5 communities using Leiden
2026-09-26 18:08:32,837 [INFO] community_detection: Enhanced 2150 flows with community features
2026-09-26 18:08:33,744 [INFO] federated_learning: Generating embeddings for 105 nodes, 2150 edges
2026-09-26 18:08:33,866 [INFO] federated_learning: Generated 1957 flow embeddings
2026-09-26 18:08:33,867 [INFO] federated_learning:     -> [62.2%] Step 140/225 | Running Client 5/5 for temporal detector...
2026-09-26 18:08:33,872 [INFO] federated_learning: Loaded 2150 records for client 5
2026-09-26 18:08:33,893 [INFO] feature_engineering: Engineered 561 new features for temporal detection
2026-09-26 18:08:33,894 [INFO] feature_engineering: Calculating centrality features dynamically (Ignoring any dataset pre-computations)...
2026-09-26 18:08:33,897 [INFO] feature_engineering: Calculating Degree Centrality for 102 nodes...
2026-09-26 18:08:33,898 [INFO] feature_engineering: Calculating PageRank...
2026-09-26 18:08:33,903 [INFO] feature_engineering: Calculating K-Core...
2026-09-26 18:08:33,903 [INFO] feature_engineering: Calculating Eigenvector Centrality...
2026-09-26 18:08:33,909 [INFO] feature_engineering: Calculating Approximated Betweenness Centrality (k=50)...
2026-09-26 18:08:33,931 [INFO] feature_engineering: Dynamically calculated 10 centrality features for 2150 rows in 0.04 seconds.
2026-09-26 18:08:34,041 [INFO] community_leiden: Detecting communities using Leiden algorithm...
2026-09-26 18:08:34,048 [INFO] community_leiden: Detected 5 communities using Leiden
2026-09-26 18:08:34,161 [INFO] community_detection: Enhanced 2150 flows with community features
2026-09-26 18:08:35,105 [INFO] federated_learning: Generating embeddings for 102 nodes, 2150 edges
2026-09-26 18:08:35,231 [INFO] federated_learning: Generated 1950 flow embeddings
2026-09-26 18:09:04,350 [INFO] federated_learning:   -> Processing Content Detector...
2026-09-26 18:09:04,351 [INFO] federated_learning:     -> [62.7%] Step 141/225 | Running Client 1/5 for content detector...
2026-09-26 18:09:04,356 [INFO] federated_learning: Loaded 2150 records for client 1
2026-09-26 18:09:04,368 [INFO] feature_engineering: Engineered 414 new features for content detection
2026-09-26 18:09:04,368 [INFO] feature_engineering: Calculating centrality features dynamically (Ignoring any dataset pre-computations)...
2026-09-26 18:09:04,372 [INFO] feature_engineering: Calculating Degree Centrality for 95 nodes...
2026-09-26 18:09:04,372 [INFO] feature_engineering: Calculating PageRank...
2026-09-26 18:09:04,377 [INFO] feature_engineering: Calculating K-Core...
2026-09-26 18:09:04,377 [INFO] feature_engineering: Calculating Eigenvector Centrality...
2026-09-26 18:09:04,382 [INFO] feature_engineering: Calculating Approximated Betweenness Centrality (k=50)...
2026-09-26 18:09:04,402 [INFO] feature_engineering: Dynamically calculated 10 centrality features for 2150 rows in 0.03 seconds.
2026-09-26 18:09:04,510 [INFO] community_leiden: Detecting communities using Leiden algorithm...
2026-09-26 18:09:04,517 [INFO] community_leiden: Detected 4 communities using Leiden
2026-09-26 18:09:04,613 [INFO] community_detection: Enhanced 2150 flows with community features
2026-09-26 18:09:05,803 [INFO] federated_learning: Generating embeddings for 95 nodes, 2150 edges
2026-09-26 18:09:05,952 [INFO] federated_learning: Generated 1942 flow embeddings
2026-09-26 18:09:05,953 [INFO] federated_learning:     -> [63.1%] Step 142/225 | Running Client 2/5 for content detector...
2026-09-26 18:09:05,959 [INFO] federated_learning: Loaded 2150 records for client 2
2026-09-26 18:09:05,971 [INFO] feature_engineering: Engineered 423 new features for content detection
2026-09-26 18:09:05,971 [INFO] feature_engineering: Calculating centrality features dynamically (Ignoring any dataset pre-computations)...
2026-09-26 18:09:05,975 [INFO] feature_engineering: Calculating Degree Centrality for 111 nodes...
2026-09-26 18:09:05,975 [INFO] feature_engineering: Calculating PageRank...
2026-09-26 18:09:05,980 [INFO] feature_engineering: Calculating K-Core...
2026-09-26 18:09:05,981 [INFO] feature_engineering: Calculating Eigenvector Centrality...
2026-09-26 18:09:05,986 [INFO] feature_engineering: Calculating Approximated Betweenness Centrality (k=50)...
2026-09-26 18:09:06,007 [INFO] feature_engineering: Dynamically calculated 10 centrality features for 2150 rows in 0.04 seconds.
2026-09-26 18:09:06,113 [INFO] community_leiden: Detecting communities using Leiden algorithm...
2026-09-26 18:09:06,121 [INFO] community_leiden: Detected 5 communities using Leiden
2026-09-26 18:09:06,252 [INFO] community_detection: Enhanced 2150 flows with community features
2026-09-26 18:09:07,454 [INFO] federated_learning: Generating embeddings for 111 nodes, 2150 edges
2026-09-26 18:09:07,598 [INFO] federated_learning: Generated 1964 flow embeddings
2026-09-26 18:09:07,599 [INFO] federated_learning:     -> [63.6%] Step 143/225 | Running Client 3/5 for content detector...
2026-09-26 18:09:07,605 [INFO] federated_learning: Loaded 2150 records for client 3
2026-09-26 18:09:07,616 [INFO] feature_engineering: Engineered 432 new features for content detection
2026-09-26 18:09:07,617 [INFO] feature_engineering: Calculating centrality features dynamically (Ignoring any dataset pre-computations)...
2026-09-26 18:09:07,620 [INFO] feature_engineering: Calculating Degree Centrality for 106 nodes...
2026-09-26 18:09:07,621 [INFO] feature_engineering: Calculating PageRank...
2026-09-26 18:09:07,625 [INFO] feature_engineering: Calculating K-Core...
2026-09-26 18:09:07,626 [INFO] feature_engineering: Calculating Eigenvector Centrality...
2026-09-26 18:09:07,632 [INFO] feature_engineering: Calculating Approximated Betweenness Centrality (k=50)...
2026-09-26 18:09:07,653 [INFO] feature_engineering: Dynamically calculated 10 centrality features for 2150 rows in 0.04 seconds.
2026-09-26 18:09:07,760 [INFO] community_leiden: Detecting communities using Leiden algorithm...
2026-09-26 18:09:07,768 [INFO] community_leiden: Detected 6 communities using Leiden
2026-09-26 18:09:07,885 [INFO] community_detection: Enhanced 2150 flows with community features
2026-09-26 18:09:09,039 [INFO] federated_learning: Generating embeddings for 106 nodes, 2150 edges
2026-09-26 18:09:09,183 [INFO] federated_learning: Generated 1927 flow embeddings
2026-09-26 18:09:09,184 [INFO] federated_learning:     -> [64.0%] Step 144/225 | Running Client 4/5 for content detector...
2026-09-26 18:09:09,189 [INFO] federated_learning: Loaded 2150 records for client 4
2026-09-26 18:09:09,201 [INFO] feature_engineering: Engineered 441 new features for content detection
2026-09-26 18:09:09,201 [INFO] feature_engineering: Calculating centrality features dynamically (Ignoring any dataset pre-computations)...
2026-09-26 18:09:09,204 [INFO] feature_engineering: Calculating Degree Centrality for 105 nodes...
2026-09-26 18:09:09,205 [INFO] feature_engineering: Calculating PageRank...
2026-09-26 18:09:09,210 [INFO] feature_engineering: Calculating K-Core...
2026-09-26 18:09:09,211 [INFO] feature_engineering: Calculating Eigenvector Centrality...
2026-09-26 18:09:09,216 [INFO] feature_engineering: Calculating Approximated Betweenness Centrality (k=50)...
2026-09-26 18:09:09,236 [INFO] feature_engineering: Dynamically calculated 10 centrality features for 2150 rows in 0.03 seconds.
2026-09-26 18:09:09,345 [INFO] community_leiden: Detecting communities using Leiden algorithm...
2026-09-26 18:09:09,352 [INFO] community_leiden: Detected 5 communities using Leiden
2026-09-26 18:09:09,470 [INFO] community_detection: Enhanced 2150 flows with community features
2026-09-26 18:09:10,630 [INFO] federated_learning: Generating embeddings for 105 nodes, 2150 edges
2026-09-26 18:09:10,782 [INFO] federated_learning: Generated 1957 flow embeddings
2026-09-26 18:09:10,782 [INFO] federated_learning:     -> [64.4%] Step 145/225 | Running Client 5/5 for content detector...
2026-09-26 18:09:10,788 [INFO] federated_learning: Loaded 2150 records for client 5
2026-09-26 18:09:10,799 [INFO] feature_engineering: Engineered 450 new features for content detection
2026-09-26 18:09:10,800 [INFO] feature_engineering: Calculating centrality features dynamically (Ignoring any dataset pre-computations)...
2026-09-26 18:09:10,803 [INFO] feature_engineering: Calculating Degree Centrality for 102 nodes...
2026-09-26 18:09:10,803 [INFO] feature_engineering: Calculating PageRank...
2026-09-26 18:09:10,808 [INFO] feature_engineering: Calculating K-Core...
2026-09-26 18:09:10,809 [INFO] feature_engineering: Calculating Eigenvector Centrality...
2026-09-26 18:09:10,815 [INFO] feature_engineering: Calculating Approximated Betweenness Centrality (k=50)...
2026-09-26 18:09:10,836 [INFO] feature_engineering: Dynamically calculated 10 centrality features for 2150 rows in 0.04 seconds.
2026-09-26 18:09:10,945 [INFO] community_leiden: Detecting communities using Leiden algorithm...
2026-09-26 18:09:10,952 [INFO] community_leiden: Detected 5 communities using Leiden
2026-09-26 18:09:11,066 [INFO] community_detection: Enhanced 2150 flows with community features
2026-09-26 18:09:12,218 [INFO] federated_learning: Generating embeddings for 102 nodes, 2150 edges
2026-09-26 18:09:12,370 [INFO] federated_learning: Generated 1950 flow embeddings
2026-09-26 18:09:41,484 [INFO] federated_learning:   -> Processing Behavioral Detector...
2026-09-26 18:09:41,484 [INFO] federated_learning:     -> [64.9%] Step 146/225 | Running Client 1/5 for behavioral detector...
2026-09-26 18:09:41,490 [INFO] federated_learning: Loaded 2150 records for client 1
2026-09-26 18:09:41,522 [INFO] feature_engineering: Engineered 460 new features for behavioral detection
2026-09-26 18:09:41,522 [INFO] feature_engineering: Calculating centrality features dynamically (Ignoring any dataset pre-computations)...
2026-09-26 18:09:41,526 [INFO] feature_engineering: Calculating Degree Centrality for 95 nodes...
2026-09-26 18:09:41,526 [INFO] feature_engineering: Calculating PageRank...
2026-09-26 18:09:41,531 [INFO] feature_engineering: Calculating K-Core...
2026-09-26 18:09:41,532 [INFO] feature_engineering: Calculating Eigenvector Centrality...
2026-09-26 18:09:41,537 [INFO] feature_engineering: Calculating Approximated Betweenness Centrality (k=50)...
2026-09-26 18:09:41,556 [INFO] feature_engineering: Dynamically calculated 10 centrality features for 2150 rows in 0.03 seconds.
2026-09-26 18:09:41,666 [INFO] community_leiden: Detecting communities using Leiden algorithm...
2026-09-26 18:09:41,672 [INFO] community_leiden: Detected 4 communities using Leiden
2026-09-26 18:09:41,772 [INFO] community_detection: Enhanced 2150 flows with community features
2026-09-26 18:09:42,680 [INFO] federated_learning: Generating embeddings for 95 nodes, 2150 edges
2026-09-26 18:09:42,803 [INFO] federated_learning: Generated 1942 flow embeddings
2026-09-26 18:09:42,804 [INFO] federated_learning:     -> [65.3%] Step 147/225 | Running Client 2/5 for behavioral detector...
2026-09-26 18:09:42,809 [INFO] federated_learning: Loaded 2150 records for client 2
2026-09-26 18:09:42,846 [INFO] feature_engineering: Engineered 470 new features for behavioral detection
2026-09-26 18:09:42,846 [INFO] feature_engineering: Calculating centrality features dynamically (Ignoring any dataset pre-computations)...
2026-09-26 18:09:42,850 [INFO] feature_engineering: Calculating Degree Centrality for 111 nodes...
2026-09-26 18:09:42,851 [INFO] feature_engineering: Calculating PageRank...
2026-09-26 18:09:42,856 [INFO] feature_engineering: Calculating K-Core...
2026-09-26 18:09:42,857 [INFO] feature_engineering: Calculating Eigenvector Centrality...
2026-09-26 18:09:42,864 [INFO] feature_engineering: Calculating Approximated Betweenness Centrality (k=50)...
2026-09-26 18:09:42,886 [INFO] feature_engineering: Dynamically calculated 10 centrality features for 2150 rows in 0.04 seconds.
2026-09-26 18:09:42,993 [INFO] community_leiden: Detecting communities using Leiden algorithm...
2026-09-26 18:09:43,000 [INFO] community_leiden: Detected 4 communities using Leiden
2026-09-26 18:09:43,132 [INFO] community_detection: Enhanced 2150 flows with community features
2026-09-26 18:09:44,054 [INFO] federated_learning: Generating embeddings for 111 nodes, 2150 edges
2026-09-26 18:09:44,174 [INFO] federated_learning: Generated 1964 flow embeddings
2026-09-26 18:09:44,174 [INFO] federated_learning:     -> [65.8%] Step 148/225 | Running Client 3/5 for behavioral detector...
2026-09-26 18:09:44,180 [INFO] federated_learning: Loaded 2150 records for client 3
2026-09-26 18:09:44,219 [INFO] feature_engineering: Engineered 480 new features for behavioral detection
2026-09-26 18:09:44,220 [INFO] feature_engineering: Calculating centrality features dynamically (Ignoring any dataset pre-computations)...
2026-09-26 18:09:44,223 [INFO] feature_engineering: Calculating Degree Centrality for 106 nodes...
2026-09-26 18:09:44,224 [INFO] feature_engineering: Calculating PageRank...
2026-09-26 18:09:44,229 [INFO] feature_engineering: Calculating K-Core...
2026-09-26 18:09:44,230 [INFO] feature_engineering: Calculating Eigenvector Centrality...
2026-09-26 18:09:44,235 [INFO] feature_engineering: Calculating Approximated Betweenness Centrality (k=50)...
2026-09-26 18:09:44,255 [INFO] feature_engineering: Dynamically calculated 10 centrality features for 2150 rows in 0.03 seconds.
2026-09-26 18:09:44,362 [INFO] community_leiden: Detecting communities using Leiden algorithm...
2026-09-26 18:09:44,369 [INFO] community_leiden: Detected 6 communities using Leiden
2026-09-26 18:09:44,489 [INFO] community_detection: Enhanced 2150 flows with community features
2026-09-26 18:09:45,419 [INFO] federated_learning: Generating embeddings for 106 nodes, 2150 edges
2026-09-26 18:09:45,546 [INFO] federated_learning: Generated 1927 flow embeddings
2026-09-26 18:09:45,549 [INFO] federated_learning:     -> [66.2%] Step 149/225 | Running Client 4/5 for behavioral detector...
2026-09-26 18:09:45,554 [INFO] federated_learning: Loaded 2150 records for client 4
2026-09-26 18:09:45,586 [INFO] feature_engineering: Engineered 490 new features for behavioral detection
2026-09-26 18:09:45,587 [INFO] feature_engineering: Calculating centrality features dynamically (Ignoring any dataset pre-computations)...
2026-09-26 18:09:45,591 [INFO] feature_engineering: Calculating Degree Centrality for 105 nodes...
2026-09-26 18:09:45,591 [INFO] feature_engineering: Calculating PageRank...
2026-09-26 18:09:45,597 [INFO] feature_engineering: Calculating K-Core...
2026-09-26 18:09:45,598 [INFO] feature_engineering: Calculating Eigenvector Centrality...
2026-09-26 18:09:45,605 [INFO] feature_engineering: Calculating Approximated Betweenness Centrality (k=50)...
2026-09-26 18:09:45,626 [INFO] feature_engineering: Dynamically calculated 10 centrality features for 2150 rows in 0.04 seconds.
2026-09-26 18:09:45,731 [INFO] community_leiden: Detecting communities using Leiden algorithm...
2026-09-26 18:09:45,738 [INFO] community_leiden: Detected 5 communities using Leiden
2026-09-26 18:09:45,851 [INFO] community_detection: Enhanced 2150 flows with community features
2026-09-26 18:09:46,752 [INFO] federated_learning: Generating embeddings for 105 nodes, 2150 edges
2026-09-26 18:09:46,877 [INFO] federated_learning: Generated 1957 flow embeddings
2026-09-26 18:09:46,879 [INFO] federated_learning:     -> [66.7%] Step 150/225 | Running Client 5/5 for behavioral detector...
2026-09-26 18:09:46,885 [INFO] federated_learning: Loaded 2150 records for client 5
2026-09-26 18:09:46,916 [INFO] feature_engineering: Engineered 500 new features for behavioral detection
2026-09-26 18:09:46,916 [INFO] feature_engineering: Calculating centrality features dynamically (Ignoring any dataset pre-computations)...
2026-09-26 18:09:46,919 [INFO] feature_engineering: Calculating Degree Centrality for 102 nodes...
2026-09-26 18:09:46,920 [INFO] feature_engineering: Calculating PageRank...
2026-09-26 18:09:46,925 [INFO] feature_engineering: Calculating K-Core...
2026-09-26 18:09:46,926 [INFO] feature_engineering: Calculating Eigenvector Centrality...
2026-09-26 18:09:46,931 [INFO] feature_engineering: Calculating Approximated Betweenness Centrality (k=50)...
2026-09-26 18:09:46,951 [INFO] feature_engineering: Dynamically calculated 10 centrality features for 2150 rows in 0.03 seconds.
2026-09-26 18:09:47,059 [INFO] community_leiden: Detecting communities using Leiden algorithm...
2026-09-26 18:09:47,066 [INFO] community_leiden: Detected 5 communities using Leiden
2026-09-26 18:09:47,176 [INFO] community_detection: Enhanced 2150 flows with community features
2026-09-26 18:09:48,076 [INFO] federated_learning: Generating embeddings for 102 nodes, 2150 edges
2026-09-26 18:09:48,198 [INFO] federated_learning: Generated 1950 flow embeddings
2026-09-26 18:10:17,646 [INFO] utils: Round 10 metrics logged
2026-09-26 18:10:17,647 [INFO] federated_learning: Round 10 completed in 109.03s, loss: 0.2333
2026-09-26 18:10:17,647 [INFO] federated_learning: Starting round 11/15 (Total System Steps: 225)
2026-09-26 18:10:17,647 [INFO] federated_learning:   -> Processing Temporal Detector...
2026-09-26 18:10:17,647 [INFO] federated_learning:     -> [67.1%] Step 151/225 | Running Client 1/5 for temporal detector...
2026-09-26 18:10:17,653 [INFO] federated_learning: Loaded 2150 records for client 1
2026-09-26 18:10:17,666 [INFO] feature_engineering: Engineered 572 new features for temporal detection
2026-09-26 18:10:17,667 [INFO] feature_engineering: Calculating centrality features dynamically (Ignoring any dataset pre-computations)...
2026-09-26 18:10:17,671 [INFO] feature_engineering: Calculating Degree Centrality for 95 nodes...
2026-09-26 18:10:17,671 [INFO] feature_engineering: Calculating PageRank...
2026-09-26 18:10:17,676 [INFO] feature_engineering: Calculating K-Core...
2026-09-26 18:10:17,676 [INFO] feature_engineering: Calculating Eigenvector Centrality...
2026-09-26 18:10:17,682 [INFO] feature_engineering: Calculating Approximated Betweenness Centrality (k=50)...
2026-09-26 18:10:17,702 [INFO] feature_engineering: Dynamically calculated 10 centrality features for 2150 rows in 0.03 seconds.
2026-09-26 18:10:17,810 [INFO] community_leiden: Detecting communities using Leiden algorithm...
2026-09-26 18:10:17,817 [INFO] community_leiden: Detected 4 communities using Leiden
2026-09-26 18:10:17,922 [INFO] community_detection: Enhanced 2150 flows with community features
2026-09-26 18:10:18,842 [INFO] federated_learning: Generating embeddings for 95 nodes, 2150 edges
2026-09-26 18:10:18,968 [INFO] federated_learning: Generated 1942 flow embeddings
2026-09-26 18:10:18,968 [INFO] federated_learning:     -> [67.6%] Step 152/225 | Running Client 2/5 for temporal detector...
2026-09-26 18:10:18,974 [INFO] federated_learning: Loaded 2150 records for client 2
2026-09-26 18:10:18,987 [INFO] feature_engineering: Engineered 583 new features for temporal detection
2026-09-26 18:10:18,988 [INFO] feature_engineering: Calculating centrality features dynamically (Ignoring any dataset pre-computations)...
2026-09-26 18:10:18,992 [INFO] feature_engineering: Calculating Degree Centrality for 111 nodes...
2026-09-26 18:10:18,992 [INFO] feature_engineering: Calculating PageRank...
2026-09-26 18:10:18,997 [INFO] feature_engineering: Calculating K-Core...
2026-09-26 18:10:18,998 [INFO] feature_engineering: Calculating Eigenvector Centrality...
2026-09-26 18:10:19,003 [INFO] feature_engineering: Calculating Approximated Betweenness Centrality (k=50)...
2026-09-26 18:10:19,024 [INFO] feature_engineering: Dynamically calculated 10 centrality features for 2150 rows in 0.04 seconds.
2026-09-26 18:10:19,131 [INFO] community_leiden: Detecting communities using Leiden algorithm...
2026-09-26 18:10:19,138 [INFO] community_leiden: Detected 5 communities using Leiden
2026-09-26 18:10:19,265 [INFO] community_detection: Enhanced 2150 flows with community features
2026-09-26 18:10:20,172 [INFO] federated_learning: Generating embeddings for 111 nodes, 2150 edges
2026-09-26 18:10:20,297 [INFO] federated_learning: Generated 1964 flow embeddings
2026-09-26 18:10:20,298 [INFO] federated_learning:     -> [68.0%] Step 153/225 | Running Client 3/5 for temporal detector...
2026-09-26 18:10:20,303 [INFO] federated_learning: Loaded 2150 records for client 3
2026-09-26 18:10:20,320 [INFO] feature_engineering: Engineered 594 new features for temporal detection
2026-09-26 18:10:20,320 [INFO] feature_engineering: Calculating centrality features dynamically (Ignoring any dataset pre-computations)...
2026-09-26 18:10:20,324 [INFO] feature_engineering: Calculating Degree Centrality for 106 nodes...
2026-09-26 18:10:20,325 [INFO] feature_engineering: Calculating PageRank...
2026-09-26 18:10:20,332 [INFO] feature_engineering: Calculating K-Core...
2026-09-26 18:10:20,333 [INFO] feature_engineering: Calculating Eigenvector Centrality...
2026-09-26 18:10:20,338 [INFO] feature_engineering: Calculating Approximated Betweenness Centrality (k=50)...
2026-09-26 18:10:20,359 [INFO] feature_engineering: Dynamically calculated 10 centrality features for 2150 rows in 0.04 seconds.
2026-09-26 18:10:20,468 [INFO] community_leiden: Detecting communities using Leiden algorithm...
2026-09-26 18:10:20,475 [INFO] community_leiden: Detected 6 communities using Leiden
2026-09-26 18:10:20,597 [INFO] community_detection: Enhanced 2150 flows with community features
2026-09-26 18:10:21,499 [INFO] federated_learning: Generating embeddings for 106 nodes, 2150 edges
2026-09-26 18:10:21,626 [INFO] federated_learning: Generated 1927 flow embeddings
2026-09-26 18:10:21,627 [INFO] federated_learning:     -> [68.4%] Step 154/225 | Running Client 4/5 for temporal detector...
2026-09-26 18:10:21,632 [INFO] federated_learning: Loaded 2150 records for client 4
2026-09-26 18:10:21,646 [INFO] feature_engineering: Engineered 605 new features for temporal detection
2026-09-26 18:10:21,646 [INFO] feature_engineering: Calculating centrality features dynamically (Ignoring any dataset pre-computations)...
2026-09-26 18:10:21,650 [INFO] feature_engineering: Calculating Degree Centrality for 105 nodes...
2026-09-26 18:10:21,651 [INFO] feature_engineering: Calculating PageRank...
2026-09-26 18:10:21,656 [INFO] feature_engineering: Calculating K-Core...
2026-09-26 18:10:21,656 [INFO] feature_engineering: Calculating Eigenvector Centrality...
2026-09-26 18:10:21,662 [INFO] feature_engineering: Calculating Approximated Betweenness Centrality (k=50)...
2026-09-26 18:10:21,682 [INFO] feature_engineering: Dynamically calculated 10 centrality features for 2150 rows in 0.04 seconds.
2026-09-26 18:10:21,792 [INFO] community_leiden: Detecting communities using Leiden algorithm...
2026-09-26 18:10:21,799 [INFO] community_leiden: Detected 5 communities using Leiden
2026-09-26 18:10:21,916 [INFO] community_detection: Enhanced 2150 flows with community features
2026-09-26 18:10:22,820 [INFO] federated_learning: Generating embeddings for 105 nodes, 2150 edges
2026-09-26 18:10:22,948 [INFO] federated_learning: Generated 1957 flow embeddings
2026-09-26 18:10:22,949 [INFO] federated_learning:     -> [68.9%] Step 155/225 | Running Client 5/5 for temporal detector...
2026-09-26 18:10:22,954 [INFO] federated_learning: Loaded 2150 records for client 5
2026-09-26 18:10:22,968 [INFO] feature_engineering: Engineered 616 new features for temporal detection
2026-09-26 18:10:22,969 [INFO] feature_engineering: Calculating centrality features dynamically (Ignoring any dataset pre-computations)...
2026-09-26 18:10:22,972 [INFO] feature_engineering: Calculating Degree Centrality for 102 nodes...
2026-09-26 18:10:22,973 [INFO] feature_engineering: Calculating PageRank...
2026-09-26 18:10:22,978 [INFO] feature_engineering: Calculating K-Core...
2026-09-26 18:10:22,979 [INFO] feature_engineering: Calculating Eigenvector Centrality...
2026-09-26 18:10:22,984 [INFO] feature_engineering: Calculating Approximated Betweenness Centrality (k=50)...
2026-09-26 18:10:23,004 [INFO] feature_engineering: Dynamically calculated 10 centrality features for 2150 rows in 0.03 seconds.
2026-09-26 18:10:23,112 [INFO] community_leiden: Detecting communities using Leiden algorithm...
2026-09-26 18:10:23,119 [INFO] community_leiden: Detected 5 communities using Leiden
2026-09-26 18:10:23,226 [INFO] community_detection: Enhanced 2150 flows with community features
2026-09-26 18:10:24,134 [INFO] federated_learning: Generating embeddings for 102 nodes, 2150 edges
2026-09-26 18:10:24,260 [INFO] federated_learning: Generated 1950 flow embeddings
2026-09-26 18:10:53,403 [INFO] federated_learning:   -> Processing Content Detector...
2026-09-26 18:10:53,404 [INFO] federated_learning:     -> [69.3%] Step 156/225 | Running Client 1/5 for content detector...
2026-09-26 18:10:53,410 [INFO] federated_learning: Loaded 2150 records for client 1
2026-09-26 18:10:53,421 [INFO] feature_engineering: Engineered 459 new features for content detection
2026-09-26 18:10:53,422 [INFO] feature_engineering: Calculating centrality features dynamically (Ignoring any dataset pre-computations)...
2026-09-26 18:10:53,425 [INFO] feature_engineering: Calculating Degree Centrality for 95 nodes...
2026-09-26 18:10:53,426 [INFO] feature_engineering: Calculating PageRank...
2026-09-26 18:10:53,431 [INFO] feature_engineering: Calculating K-Core...
2026-09-26 18:10:53,431 [INFO] feature_engineering: Calculating Eigenvector Centrality...
2026-09-26 18:10:53,436 [INFO] feature_engineering: Calculating Approximated Betweenness Centrality (k=50)...
2026-09-26 18:10:53,456 [INFO] feature_engineering: Dynamically calculated 10 centrality features for 2150 rows in 0.03 seconds.
2026-09-26 18:10:53,563 [INFO] community_leiden: Detecting communities using Leiden algorithm...
2026-09-26 18:10:53,570 [INFO] community_leiden: Detected 4 communities using Leiden
2026-09-26 18:10:53,668 [INFO] community_detection: Enhanced 2150 flows with community features
2026-09-26 18:10:54,840 [INFO] federated_learning: Generating embeddings for 95 nodes, 2150 edges
2026-09-26 18:10:55,021 [INFO] federated_learning: Generated 1942 flow embeddings
2026-09-26 18:10:55,021 [INFO] federated_learning:     -> [69.8%] Step 157/225 | Running Client 2/5 for content detector...
2026-09-26 18:10:55,027 [INFO] federated_learning: Loaded 2150 records for client 2
2026-09-26 18:10:55,039 [INFO] feature_engineering: Engineered 468 new features for content detection
2026-09-26 18:10:55,039 [INFO] feature_engineering: Calculating centrality features dynamically (Ignoring any dataset pre-computations)...
2026-09-26 18:10:55,043 [INFO] feature_engineering: Calculating Degree Centrality for 111 nodes...
2026-09-26 18:10:55,044 [INFO] feature_engineering: Calculating PageRank...
2026-09-26 18:10:55,048 [INFO] feature_engineering: Calculating K-Core...
2026-09-26 18:10:55,049 [INFO] feature_engineering: Calculating Eigenvector Centrality...
2026-09-26 18:10:55,055 [INFO] feature_engineering: Calculating Approximated Betweenness Centrality (k=50)...
2026-09-26 18:10:55,075 [INFO] feature_engineering: Dynamically calculated 10 centrality features for 2150 rows in 0.04 seconds.
2026-09-26 18:10:55,182 [INFO] community_leiden: Detecting communities using Leiden algorithm...
2026-09-26 18:10:55,189 [INFO] community_leiden: Detected 5 communities using Leiden
2026-09-26 18:10:55,320 [INFO] community_detection: Enhanced 2150 flows with community features
2026-09-26 18:10:56,520 [INFO] federated_learning: Generating embeddings for 111 nodes, 2150 edges
2026-09-26 18:10:56,665 [INFO] federated_learning: Generated 1964 flow embeddings
2026-09-26 18:10:56,666 [INFO] federated_learning:     -> [70.2%] Step 158/225 | Running Client 3/5 for content detector...
2026-09-26 18:10:56,671 [INFO] federated_learning: Loaded 2150 records for client 3
2026-09-26 18:10:56,682 [INFO] feature_engineering: Engineered 477 new features for content detection
2026-09-26 18:10:56,683 [INFO] feature_engineering: Calculating centrality features dynamically (Ignoring any dataset pre-computations)...
2026-09-26 18:10:56,686 [INFO] feature_engineering: Calculating Degree Centrality for 106 nodes...
2026-09-26 18:10:56,687 [INFO] feature_engineering: Calculating PageRank...
2026-09-26 18:10:56,692 [INFO] feature_engineering: Calculating K-Core...
2026-09-26 18:10:56,693 [INFO] feature_engineering: Calculating Eigenvector Centrality...
2026-09-26 18:10:56,699 [INFO] feature_engineering: Calculating Approximated Betweenness Centrality (k=50)...
2026-09-26 18:10:56,719 [INFO] feature_engineering: Dynamically calculated 10 centrality features for 2150 rows in 0.04 seconds.
2026-09-26 18:10:56,833 [INFO] community_leiden: Detecting communities using Leiden algorithm...
2026-09-26 18:10:56,840 [INFO] community_leiden: Detected 6 communities using Leiden
2026-09-26 18:10:56,961 [INFO] community_detection: Enhanced 2150 flows with community features
2026-09-26 18:10:58,131 [INFO] federated_learning: Generating embeddings for 106 nodes, 2150 edges
2026-09-26 18:10:58,273 [INFO] federated_learning: Generated 1927 flow embeddings
2026-09-26 18:10:58,274 [INFO] federated_learning:     -> [70.7%] Step 159/225 | Running Client 4/5 for content detector...
2026-09-26 18:10:58,279 [INFO] federated_learning: Loaded 2150 records for client 4
2026-09-26 18:10:58,291 [INFO] feature_engineering: Engineered 486 new features for content detection
2026-09-26 18:10:58,291 [INFO] feature_engineering: Calculating centrality features dynamically (Ignoring any dataset pre-computations)...
2026-09-26 18:10:58,295 [INFO] feature_engineering: Calculating Degree Centrality for 105 nodes...
2026-09-26 18:10:58,295 [INFO] feature_engineering: Calculating PageRank...
2026-09-26 18:10:58,300 [INFO] feature_engineering: Calculating K-Core...
2026-09-26 18:10:58,301 [INFO] feature_engineering: Calculating Eigenvector Centrality...
2026-09-26 18:10:58,307 [INFO] feature_engineering: Calculating Approximated Betweenness Centrality (k=50)...
2026-09-26 18:10:58,327 [INFO] feature_engineering: Dynamically calculated 10 centrality features for 2150 rows in 0.04 seconds.
2026-09-26 18:10:58,436 [INFO] community_leiden: Detecting communities using Leiden algorithm...
2026-09-26 18:10:58,444 [INFO] community_leiden: Detected 5 communities using Leiden
2026-09-26 18:10:58,561 [INFO] community_detection: Enhanced 2150 flows with community features
2026-09-26 18:10:59,729 [INFO] federated_learning: Generating embeddings for 105 nodes, 2150 edges
2026-09-26 18:10:59,884 [INFO] federated_learning: Generated 1957 flow embeddings
2026-09-26 18:10:59,884 [INFO] federated_learning:     -> [71.1%] Step 160/225 | Running Client 5/5 for content detector...
2026-09-26 18:10:59,890 [INFO] federated_learning: Loaded 2150 records for client 5
2026-09-26 18:10:59,902 [INFO] feature_engineering: Engineered 495 new features for content detection
2026-09-26 18:10:59,902 [INFO] feature_engineering: Calculating centrality features dynamically (Ignoring any dataset pre-computations)...
2026-09-26 18:10:59,905 [INFO] feature_engineering: Calculating Degree Centrality for 102 nodes...
2026-09-26 18:10:59,906 [INFO] feature_engineering: Calculating PageRank...
2026-09-26 18:10:59,911 [INFO] feature_engineering: Calculating K-Core...
2026-09-26 18:10:59,911 [INFO] feature_engineering: Calculating Eigenvector Centrality...
2026-09-26 18:10:59,917 [INFO] feature_engineering: Calculating Approximated Betweenness Centrality (k=50)...
2026-09-26 18:10:59,938 [INFO] feature_engineering: Dynamically calculated 10 centrality features for 2150 rows in 0.04 seconds.
2026-09-26 18:11:00,047 [INFO] community_leiden: Detecting communities using Leiden algorithm...
2026-09-26 18:11:00,054 [INFO] community_leiden: Detected 5 communities using Leiden
2026-09-26 18:11:00,166 [INFO] community_detection: Enhanced 2150 flows with community features
2026-09-26 18:11:01,343 [INFO] federated_learning: Generating embeddings for 102 nodes, 2150 edges
2026-09-26 18:11:01,485 [INFO] federated_learning: Generated 1950 flow embeddings
2026-09-26 18:11:30,636 [INFO] federated_learning:   -> Processing Behavioral Detector...
2026-09-26 18:11:30,637 [INFO] federated_learning:     -> [71.6%] Step 161/225 | Running Client 1/5 for behavioral detector...
2026-09-26 18:11:30,643 [INFO] federated_learning: Loaded 2150 records for client 1
2026-09-26 18:11:30,674 [INFO] feature_engineering: Engineered 510 new features for behavioral detection
2026-09-26 18:11:30,674 [INFO] feature_engineering: Calculating centrality features dynamically (Ignoring any dataset pre-computations)...
2026-09-26 18:11:30,678 [INFO] feature_engineering: Calculating Degree Centrality for 95 nodes...
2026-09-26 18:11:30,679 [INFO] feature_engineering: Calculating PageRank...
2026-09-26 18:11:30,683 [INFO] feature_engineering: Calculating K-Core...
2026-09-26 18:11:30,684 [INFO] feature_engineering: Calculating Eigenvector Centrality...
2026-09-26 18:11:30,689 [INFO] feature_engineering: Calculating Approximated Betweenness Centrality (k=50)...
2026-09-26 18:11:30,709 [INFO] feature_engineering: Dynamically calculated 10 centrality features for 2150 rows in 0.03 seconds.
2026-09-26 18:11:30,817 [INFO] community_leiden: Detecting communities using Leiden algorithm...
2026-09-26 18:11:30,824 [INFO] community_leiden: Detected 4 communities using Leiden
2026-09-26 18:11:30,923 [INFO] community_detection: Enhanced 2150 flows with community features
2026-09-26 18:11:31,848 [INFO] federated_learning: Generating embeddings for 95 nodes, 2150 edges
2026-09-26 18:11:31,969 [INFO] federated_learning: Generated 1942 flow embeddings
2026-09-26 18:11:31,970 [INFO] federated_learning:     -> [72.0%] Step 162/225 | Running Client 2/5 for behavioral detector...
2026-09-26 18:11:31,975 [INFO] federated_learning: Loaded 2150 records for client 2
2026-09-26 18:11:32,008 [INFO] feature_engineering: Engineered 520 new features for behavioral detection
2026-09-26 18:11:32,008 [INFO] feature_engineering: Calculating centrality features dynamically (Ignoring any dataset pre-computations)...
2026-09-26 18:11:32,012 [INFO] feature_engineering: Calculating Degree Centrality for 111 nodes...
2026-09-26 18:11:32,012 [INFO] feature_engineering: Calculating PageRank...
2026-09-26 18:11:32,017 [INFO] feature_engineering: Calculating K-Core...
2026-09-26 18:11:32,018 [INFO] feature_engineering: Calculating Eigenvector Centrality...
2026-09-26 18:11:32,023 [INFO] feature_engineering: Calculating Approximated Betweenness Centrality (k=50)...
2026-09-26 18:11:32,043 [INFO] feature_engineering: Dynamically calculated 10 centrality features for 2150 rows in 0.04 seconds.
2026-09-26 18:11:32,151 [INFO] community_leiden: Detecting communities using Leiden algorithm...
2026-09-26 18:11:32,159 [INFO] community_leiden: Detected 5 communities using Leiden
2026-09-26 18:11:32,288 [INFO] community_detection: Enhanced 2150 flows with community features
2026-09-26 18:11:33,193 [INFO] federated_learning: Generating embeddings for 111 nodes, 2150 edges
2026-09-26 18:11:33,320 [INFO] federated_learning: Generated 1964 flow embeddings
2026-09-26 18:11:33,320 [INFO] federated_learning:     -> [72.4%] Step 163/225 | Running Client 3/5 for behavioral detector...
2026-09-26 18:11:33,326 [INFO] federated_learning: Loaded 2150 records for client 3
2026-09-26 18:11:33,360 [INFO] feature_engineering: Engineered 530 new features for behavioral detection
2026-09-26 18:11:33,360 [INFO] feature_engineering: Calculating centrality features dynamically (Ignoring any dataset pre-computations)...
2026-09-26 18:11:33,364 [INFO] feature_engineering: Calculating Degree Centrality for 106 nodes...
2026-09-26 18:11:33,364 [INFO] feature_engineering: Calculating PageRank...
2026-09-26 18:11:33,369 [INFO] feature_engineering: Calculating K-Core...
2026-09-26 18:11:33,370 [INFO] feature_engineering: Calculating Eigenvector Centrality...
2026-09-26 18:11:33,375 [INFO] feature_engineering: Calculating Approximated Betweenness Centrality (k=50)...
2026-09-26 18:11:33,396 [INFO] feature_engineering: Dynamically calculated 10 centrality features for 2150 rows in 0.04 seconds.
2026-09-26 18:11:33,504 [INFO] community_leiden: Detecting communities using Leiden algorithm...
2026-09-26 18:11:33,510 [INFO] community_leiden: Detected 6 communities using Leiden
2026-09-26 18:11:33,631 [INFO] community_detection: Enhanced 2150 flows with community features
2026-09-26 18:11:34,527 [INFO] federated_learning: Generating embeddings for 106 nodes, 2150 edges
2026-09-26 18:11:34,649 [INFO] federated_learning: Generated 1927 flow embeddings
2026-09-26 18:11:34,650 [INFO] federated_learning:     -> [72.9%] Step 164/225 | Running Client 4/5 for behavioral detector...
2026-09-26 18:11:34,655 [INFO] federated_learning: Loaded 2150 records for client 4
2026-09-26 18:11:34,692 [INFO] feature_engineering: Engineered 540 new features for behavioral detection
2026-09-26 18:11:34,692 [INFO] feature_engineering: Calculating centrality features dynamically (Ignoring any dataset pre-computations)...
2026-09-26 18:11:34,696 [INFO] feature_engineering: Calculating Degree Centrality for 105 nodes...
2026-09-26 18:11:34,696 [INFO] feature_engineering: Calculating PageRank...
2026-09-26 18:11:34,701 [INFO] feature_engineering: Calculating K-Core...
2026-09-26 18:11:34,702 [INFO] feature_engineering: Calculating Eigenvector Centrality...
2026-09-26 18:11:34,707 [INFO] feature_engineering: Calculating Approximated Betweenness Centrality (k=50)...
2026-09-26 18:11:34,727 [INFO] feature_engineering: Dynamically calculated 10 centrality features for 2150 rows in 0.03 seconds.
2026-09-26 18:11:34,838 [INFO] community_leiden: Detecting communities using Leiden algorithm...
2026-09-26 18:11:34,844 [INFO] community_leiden: Detected 5 communities using Leiden
2026-09-26 18:11:34,986 [INFO] community_detection: Enhanced 2150 flows with community features
2026-09-26 18:11:35,901 [INFO] federated_learning: Generating embeddings for 105 nodes, 2150 edges
2026-09-26 18:11:36,029 [INFO] federated_learning: Generated 1957 flow embeddings
2026-09-26 18:11:36,030 [INFO] federated_learning:     -> [73.3%] Step 165/225 | Running Client 5/5 for behavioral detector...
2026-09-26 18:11:36,035 [INFO] federated_learning: Loaded 2150 records for client 5
2026-09-26 18:11:36,072 [INFO] feature_engineering: Engineered 550 new features for behavioral detection
2026-09-26 18:11:36,072 [INFO] feature_engineering: Calculating centrality features dynamically (Ignoring any dataset pre-computations)...
2026-09-26 18:11:36,076 [INFO] feature_engineering: Calculating Degree Centrality for 102 nodes...
2026-09-26 18:11:36,076 [INFO] feature_engineering: Calculating PageRank...
2026-09-26 18:11:36,081 [INFO] feature_engineering: Calculating K-Core...
2026-09-26 18:11:36,082 [INFO] feature_engineering: Calculating Eigenvector Centrality...
2026-09-26 18:11:36,088 [INFO] feature_engineering: Calculating Approximated Betweenness Centrality (k=50)...
2026-09-26 18:11:36,109 [INFO] feature_engineering: Dynamically calculated 10 centrality features for 2150 rows in 0.04 seconds.
2026-09-26 18:11:36,218 [INFO] community_leiden: Detecting communities using Leiden algorithm...
2026-09-26 18:11:36,225 [INFO] community_leiden: Detected 5 communities using Leiden
2026-09-26 18:11:36,336 [INFO] community_detection: Enhanced 2150 flows with community features
2026-09-26 18:11:37,253 [INFO] federated_learning: Generating embeddings for 102 nodes, 2150 edges
2026-09-26 18:11:37,377 [INFO] federated_learning: Generated 1950 flow embeddings
2026-09-26 18:12:06,634 [INFO] utils: Round 11 metrics logged
2026-09-26 18:12:06,635 [INFO] federated_learning: Round 11 completed in 108.99s, loss: 0.2322
2026-09-26 18:12:06,636 [INFO] federated_learning: Starting round 12/15 (Total System Steps: 225)
2026-09-26 18:12:06,636 [INFO] federated_learning:   -> Processing Temporal Detector...
2026-09-26 18:12:06,636 [INFO] federated_learning:     -> [73.8%] Step 166/225 | Running Client 1/5 for temporal detector...
2026-09-26 18:12:06,642 [INFO] federated_learning: Loaded 2150 records for client 1
2026-09-26 18:12:06,655 [INFO] feature_engineering: Engineered 627 new features for temporal detection
2026-09-26 18:12:06,656 [INFO] feature_engineering: Calculating centrality features dynamically (Ignoring any dataset pre-computations)...
2026-09-26 18:12:06,659 [INFO] feature_engineering: Calculating Degree Centrality for 95 nodes...
2026-09-26 18:12:06,660 [INFO] feature_engineering: Calculating PageRank...
2026-09-26 18:12:06,664 [INFO] feature_engineering: Calculating K-Core...
2026-09-26 18:12:06,665 [INFO] feature_engineering: Calculating Eigenvector Centrality...
2026-09-26 18:12:06,670 [INFO] feature_engineering: Calculating Approximated Betweenness Centrality (k=50)...
2026-09-26 18:12:06,689 [INFO] feature_engineering: Dynamically calculated 10 centrality features for 2150 rows in 0.03 seconds.
2026-09-26 18:12:06,796 [INFO] community_leiden: Detecting communities using Leiden algorithm...
2026-09-26 18:12:06,803 [INFO] community_leiden: Detected 4 communities using Leiden
2026-09-26 18:12:06,907 [INFO] community_detection: Enhanced 2150 flows with community features
2026-09-26 18:12:07,816 [INFO] federated_learning: Generating embeddings for 95 nodes, 2150 edges
2026-09-26 18:12:07,944 [INFO] federated_learning: Generated 1942 flow embeddings
2026-09-26 18:12:07,944 [INFO] federated_learning:     -> [74.2%] Step 167/225 | Running Client 2/5 for temporal detector...
2026-09-26 18:12:07,950 [INFO] federated_learning: Loaded 2150 records for client 2
2026-09-26 18:12:07,964 [INFO] feature_engineering: Engineered 638 new features for temporal detection
2026-09-26 18:12:07,964 [INFO] feature_engineering: Calculating centrality features dynamically (Ignoring any dataset pre-computations)...
2026-09-26 18:12:07,968 [INFO] feature_engineering: Calculating Degree Centrality for 111 nodes...
2026-09-26 18:12:07,968 [INFO] feature_engineering: Calculating PageRank...
2026-09-26 18:12:07,973 [INFO] feature_engineering: Calculating K-Core...
2026-09-26 18:12:07,974 [INFO] feature_engineering: Calculating Eigenvector Centrality...
2026-09-26 18:12:07,979 [INFO] feature_engineering: Calculating Approximated Betweenness Centrality (k=50)...
2026-09-26 18:12:08,000 [INFO] feature_engineering: Dynamically calculated 10 centrality features for 2150 rows in 0.04 seconds.
2026-09-26 18:12:08,107 [INFO] community_leiden: Detecting communities using Leiden algorithm...
2026-09-26 18:12:08,114 [INFO] community_leiden: Detected 5 communities using Leiden
2026-09-26 18:12:08,243 [INFO] community_detection: Enhanced 2150 flows with community features
2026-09-26 18:12:09,144 [INFO] federated_learning: Generating embeddings for 111 nodes, 2150 edges
2026-09-26 18:12:09,268 [INFO] federated_learning: Generated 1964 flow embeddings
2026-09-26 18:12:09,269 [INFO] federated_learning:     -> [74.7%] Step 168/225 | Running Client 3/5 for temporal detector...
2026-09-26 18:12:09,275 [INFO] federated_learning: Loaded 2150 records for client 3
2026-09-26 18:12:09,297 [INFO] feature_engineering: Engineered 649 new features for temporal detection
2026-09-26 18:12:09,297 [INFO] feature_engineering: Calculating centrality features dynamically (Ignoring any dataset pre-computations)...
2026-09-26 18:12:09,301 [INFO] feature_engineering: Calculating Degree Centrality for 106 nodes...
2026-09-26 18:12:09,301 [INFO] feature_engineering: Calculating PageRank...
2026-09-26 18:12:09,306 [INFO] feature_engineering: Calculating K-Core...
2026-09-26 18:12:09,308 [INFO] feature_engineering: Calculating Eigenvector Centrality...
2026-09-26 18:12:09,314 [INFO] feature_engineering: Calculating Approximated Betweenness Centrality (k=50)...
2026-09-26 18:12:09,337 [INFO] feature_engineering: Dynamically calculated 10 centrality features for 2150 rows in 0.04 seconds.
2026-09-26 18:12:09,450 [INFO] community_leiden: Detecting communities using Leiden algorithm...
2026-09-26 18:12:09,456 [INFO] community_leiden: Detected 6 communities using Leiden
2026-09-26 18:12:09,576 [INFO] community_detection: Enhanced 2150 flows with community features
2026-09-26 18:12:10,466 [INFO] federated_learning: Generating embeddings for 106 nodes, 2150 edges
2026-09-26 18:12:10,592 [INFO] federated_learning: Generated 1927 flow embeddings
2026-09-26 18:12:10,592 [INFO] federated_learning:     -> [75.1%] Step 169/225 | Running Client 4/5 for temporal detector...
2026-09-26 18:12:10,598 [INFO] federated_learning: Loaded 2150 records for client 4
2026-09-26 18:12:10,611 [INFO] feature_engineering: Engineered 660 new features for temporal detection
2026-09-26 18:12:10,612 [INFO] feature_engineering: Calculating centrality features dynamically (Ignoring any dataset pre-computations)...
2026-09-26 18:12:10,615 [INFO] feature_engineering: Calculating Degree Centrality for 105 nodes...
2026-09-26 18:12:10,616 [INFO] feature_engineering: Calculating PageRank...
2026-09-26 18:12:10,621 [INFO] feature_engineering: Calculating K-Core...
2026-09-26 18:12:10,621 [INFO] feature_engineering: Calculating Eigenvector Centrality...
2026-09-26 18:12:10,627 [INFO] feature_engineering: Calculating Approximated Betweenness Centrality (k=50)...
2026-09-26 18:12:10,647 [INFO] feature_engineering: Dynamically calculated 10 centrality features for 2150 rows in 0.03 seconds.
2026-09-26 18:12:10,754 [INFO] community_leiden: Detecting communities using Leiden algorithm...
2026-09-26 18:12:10,762 [INFO] community_leiden: Detected 5 communities using Leiden
2026-09-26 18:12:10,876 [INFO] community_detection: Enhanced 2150 flows with community features
2026-09-26 18:12:11,770 [INFO] federated_learning: Generating embeddings for 105 nodes, 2150 edges
2026-09-26 18:12:11,896 [INFO] federated_learning: Generated 1957 flow embeddings
2026-09-26 18:12:11,896 [INFO] federated_learning:     -> [75.6%] Step 170/225 | Running Client 5/5 for temporal detector...
2026-09-26 18:12:11,902 [INFO] federated_learning: Loaded 2150 records for client 5
2026-09-26 18:12:11,918 [INFO] feature_engineering: Engineered 671 new features for temporal detection
2026-09-26 18:12:11,918 [INFO] feature_engineering: Calculating centrality features dynamically (Ignoring any dataset pre-computations)...
2026-09-26 18:12:11,922 [INFO] feature_engineering: Calculating Degree Centrality for 102 nodes...
2026-09-26 18:12:11,923 [INFO] feature_engineering: Calculating PageRank...
2026-09-26 18:12:11,928 [INFO] feature_engineering: Calculating K-Core...
2026-09-26 18:12:11,929 [INFO] feature_engineering: Calculating Eigenvector Centrality...
2026-09-26 18:12:11,935 [INFO] feature_engineering: Calculating Approximated Betweenness Centrality (k=50)...
2026-09-26 18:12:11,956 [INFO] feature_engineering: Dynamically calculated 10 centrality features for 2150 rows in 0.04 seconds.
2026-09-26 18:12:12,063 [INFO] community_leiden: Detecting communities using Leiden algorithm...
2026-09-26 18:12:12,070 [INFO] community_leiden: Detected 5 communities using Leiden
2026-09-26 18:12:12,178 [INFO] community_detection: Enhanced 2150 flows with community features
2026-09-26 18:12:13,084 [INFO] federated_learning: Generating embeddings for 102 nodes, 2150 edges
2026-09-26 18:12:13,211 [INFO] federated_learning: Generated 1950 flow embeddings
2026-09-26 18:12:42,550 [INFO] federated_learning:   -> Processing Content Detector...
2026-09-26 18:12:42,550 [INFO] federated_learning:     -> [76.0%] Step 171/225 | Running Client 1/5 for content detector...
2026-09-26 18:12:42,558 [INFO] federated_learning: Loaded 2150 records for client 1
2026-09-26 18:12:42,571 [INFO] feature_engineering: Engineered 504 new features for content detection
2026-09-26 18:12:42,571 [INFO] feature_engineering: Calculating centrality features dynamically (Ignoring any dataset pre-computations)...
2026-09-26 18:12:42,575 [INFO] feature_engineering: Calculating Degree Centrality for 95 nodes...
2026-09-26 18:12:42,575 [INFO] feature_engineering: Calculating PageRank...
2026-09-26 18:12:42,580 [INFO] feature_engineering: Calculating K-Core...
2026-09-26 18:12:42,581 [INFO] feature_engineering: Calculating Eigenvector Centrality...
2026-09-26 18:12:42,586 [INFO] feature_engineering: Calculating Approximated Betweenness Centrality (k=50)...
2026-09-26 18:12:42,605 [INFO] feature_engineering: Dynamically calculated 10 centrality features for 2150 rows in 0.03 seconds.
2026-09-26 18:12:42,711 [INFO] community_leiden: Detecting communities using Leiden algorithm...
2026-09-26 18:12:42,721 [INFO] community_leiden: Detected 4 communities using Leiden
2026-09-26 18:12:42,818 [INFO] community_detection: Enhanced 2150 flows with community features
2026-09-26 18:12:43,967 [INFO] federated_learning: Generating embeddings for 95 nodes, 2150 edges
2026-09-26 18:12:44,115 [INFO] federated_learning: Generated 1942 flow embeddings
2026-09-26 18:12:44,116 [INFO] federated_learning:     -> [76.4%] Step 172/225 | Running Client 2/5 for content detector...
2026-09-26 18:12:44,122 [INFO] federated_learning: Loaded 2150 records for client 2
2026-09-26 18:12:44,134 [INFO] feature_engineering: Engineered 513 new features for content detection
2026-09-26 18:12:44,134 [INFO] feature_engineering: Calculating centrality features dynamically (Ignoring any dataset pre-computations)...
2026-09-26 18:12:44,137 [INFO] feature_engineering: Calculating Degree Centrality for 111 nodes...
2026-09-26 18:12:44,138 [INFO] feature_engineering: Calculating PageRank...
2026-09-26 18:12:44,143 [INFO] feature_engineering: Calculating K-Core...
2026-09-26 18:12:44,144 [INFO] feature_engineering: Calculating Eigenvector Centrality...
2026-09-26 18:12:44,149 [INFO] feature_engineering: Calculating Approximated Betweenness Centrality (k=50)...
2026-09-26 18:12:44,170 [INFO] feature_engineering: Dynamically calculated 10 centrality features for 2150 rows in 0.04 seconds.
2026-09-26 18:12:44,279 [INFO] community_leiden: Detecting communities using Leiden algorithm...
2026-09-26 18:12:44,286 [INFO] community_leiden: Detected 5 communities using Leiden
2026-09-26 18:12:44,419 [INFO] community_detection: Enhanced 2150 flows with community features
2026-09-26 18:12:45,680 [INFO] federated_learning: Generating embeddings for 111 nodes, 2150 edges
2026-09-26 18:12:45,825 [INFO] federated_learning: Generated 1964 flow embeddings
2026-09-26 18:12:45,826 [INFO] federated_learning:     -> [76.9%] Step 173/225 | Running Client 3/5 for content detector...
2026-09-26 18:12:45,832 [INFO] federated_learning: Loaded 2150 records for client 3
2026-09-26 18:12:45,844 [INFO] feature_engineering: Engineered 522 new features for content detection
2026-09-26 18:12:45,844 [INFO] feature_engineering: Calculating centrality features dynamically (Ignoring any dataset pre-computations)...
2026-09-26 18:12:45,847 [INFO] feature_engineering: Calculating Degree Centrality for 106 nodes...
2026-09-26 18:12:45,848 [INFO] feature_engineering: Calculating PageRank...
2026-09-26 18:12:45,853 [INFO] feature_engineering: Calculating K-Core...
2026-09-26 18:12:45,854 [INFO] feature_engineering: Calculating Eigenvector Centrality...
2026-09-26 18:12:45,859 [INFO] feature_engineering: Calculating Approximated Betweenness Centrality (k=50)...
2026-09-26 18:12:45,878 [INFO] feature_engineering: Dynamically calculated 10 centrality features for 2150 rows in 0.03 seconds.
2026-09-26 18:12:45,987 [INFO] community_leiden: Detecting communities using Leiden algorithm...
2026-09-26 18:12:45,994 [INFO] community_leiden: Detected 6 communities using Leiden
2026-09-26 18:12:46,114 [INFO] community_detection: Enhanced 2150 flows with community features
2026-09-26 18:12:47,300 [INFO] federated_learning: Generating embeddings for 106 nodes, 2150 edges
2026-09-26 18:12:47,441 [INFO] federated_learning: Generated 1927 flow embeddings
2026-09-26 18:12:47,441 [INFO] federated_learning:     -> [77.3%] Step 174/225 | Running Client 4/5 for content detector...
2026-09-26 18:12:47,447 [INFO] federated_learning: Loaded 2150 records for client 4
2026-09-26 18:12:47,458 [INFO] feature_engineering: Engineered 531 new features for content detection
2026-09-26 18:12:47,458 [INFO] feature_engineering: Calculating centrality features dynamically (Ignoring any dataset pre-computations)...
2026-09-26 18:12:47,462 [INFO] feature_engineering: Calculating Degree Centrality for 105 nodes...
2026-09-26 18:12:47,462 [INFO] feature_engineering: Calculating PageRank...
2026-09-26 18:12:47,467 [INFO] feature_engineering: Calculating K-Core...
2026-09-26 18:12:47,468 [INFO] feature_engineering: Calculating Eigenvector Centrality...
2026-09-26 18:12:47,473 [INFO] feature_engineering: Calculating Approximated Betweenness Centrality (k=50)...
2026-09-26 18:12:47,493 [INFO] feature_engineering: Dynamically calculated 10 centrality features for 2150 rows in 0.03 seconds.
2026-09-26 18:12:47,602 [INFO] community_leiden: Detecting communities using Leiden algorithm...
2026-09-26 18:12:47,609 [INFO] community_leiden: Detected 5 communities using Leiden
2026-09-26 18:12:47,727 [INFO] community_detection: Enhanced 2150 flows with community features
2026-09-26 18:12:48,899 [INFO] federated_learning: Generating embeddings for 105 nodes, 2150 edges
2026-09-26 18:12:49,048 [INFO] federated_learning: Generated 1957 flow embeddings
2026-09-26 18:12:49,049 [INFO] federated_learning:     -> [77.8%] Step 175/225 | Running Client 5/5 for content detector...
2026-09-26 18:12:49,054 [INFO] federated_learning: Loaded 2150 records for client 5
2026-09-26 18:12:49,065 [INFO] feature_engineering: Engineered 540 new features for content detection
2026-09-26 18:12:49,066 [INFO] feature_engineering: Calculating centrality features dynamically (Ignoring any dataset pre-computations)...
2026-09-26 18:12:49,069 [INFO] feature_engineering: Calculating Degree Centrality for 102 nodes...
2026-09-26 18:12:49,070 [INFO] feature_engineering: Calculating PageRank...
2026-09-26 18:12:49,076 [INFO] feature_engineering: Calculating K-Core...
2026-09-26 18:12:49,076 [INFO] feature_engineering: Calculating Eigenvector Centrality...
2026-09-26 18:12:49,082 [INFO] feature_engineering: Calculating Approximated Betweenness Centrality (k=50)...
2026-09-26 18:12:49,104 [INFO] feature_engineering: Dynamically calculated 10 centrality features for 2150 rows in 0.04 seconds.
2026-09-26 18:12:49,212 [INFO] community_leiden: Detecting communities using Leiden algorithm...
2026-09-26 18:12:49,219 [INFO] community_leiden: Detected 3 communities using Leiden
2026-09-26 18:12:49,327 [INFO] community_detection: Enhanced 2150 flows with community features
2026-09-26 18:12:50,475 [INFO] federated_learning: Generating embeddings for 102 nodes, 2150 edges
2026-09-26 18:12:50,616 [INFO] federated_learning: Generated 1950 flow embeddings
2026-09-26 18:13:19,833 [INFO] federated_learning:   -> Processing Behavioral Detector...
2026-09-26 18:13:19,833 [INFO] federated_learning:     -> [78.2%] Step 176/225 | Running Client 1/5 for behavioral detector...
2026-09-26 18:13:19,839 [INFO] federated_learning: Loaded 2150 records for client 1
2026-09-26 18:13:19,870 [INFO] feature_engineering: Engineered 560 new features for behavioral detection
2026-09-26 18:13:19,871 [INFO] feature_engineering: Calculating centrality features dynamically (Ignoring any dataset pre-computations)...
2026-09-26 18:13:19,874 [INFO] feature_engineering: Calculating Degree Centrality for 95 nodes...
2026-09-26 18:13:19,875 [INFO] feature_engineering: Calculating PageRank...
2026-09-26 18:13:19,879 [INFO] feature_engineering: Calculating K-Core...
2026-09-26 18:13:19,880 [INFO] feature_engineering: Calculating Eigenvector Centrality...
2026-09-26 18:13:19,885 [INFO] feature_engineering: Calculating Approximated Betweenness Centrality (k=50)...
2026-09-26 18:13:19,904 [INFO] feature_engineering: Dynamically calculated 10 centrality features for 2150 rows in 0.03 seconds.
2026-09-26 18:13:20,012 [INFO] community_leiden: Detecting communities using Leiden algorithm...
2026-09-26 18:13:20,018 [INFO] community_leiden: Detected 4 communities using Leiden
2026-09-26 18:13:20,126 [INFO] community_detection: Enhanced 2150 flows with community features
2026-09-26 18:13:21,028 [INFO] federated_learning: Generating embeddings for 95 nodes, 2150 edges
2026-09-26 18:13:21,150 [INFO] federated_learning: Generated 1942 flow embeddings
2026-09-26 18:13:21,150 [INFO] federated_learning:     -> [78.7%] Step 177/225 | Running Client 2/5 for behavioral detector...
2026-09-26 18:13:21,156 [INFO] federated_learning: Loaded 2150 records for client 2
2026-09-26 18:13:21,196 [INFO] feature_engineering: Engineered 570 new features for behavioral detection
2026-09-26 18:13:21,196 [INFO] feature_engineering: Calculating centrality features dynamically (Ignoring any dataset pre-computations)...
2026-09-26 18:13:21,200 [INFO] feature_engineering: Calculating Degree Centrality for 111 nodes...
2026-09-26 18:13:21,200 [INFO] feature_engineering: Calculating PageRank...
2026-09-26 18:13:21,206 [INFO] feature_engineering: Calculating K-Core...
2026-09-26 18:13:21,207 [INFO] feature_engineering: Calculating Eigenvector Centrality...
2026-09-26 18:13:21,213 [INFO] feature_engineering: Calculating Approximated Betweenness Centrality (k=50)...
2026-09-26 18:13:21,235 [INFO] feature_engineering: Dynamically calculated 10 centrality features for 2150 rows in 0.04 seconds.
2026-09-26 18:13:21,341 [INFO] community_leiden: Detecting communities using Leiden algorithm...
2026-09-26 18:13:21,348 [INFO] community_leiden: Detected 5 communities using Leiden
2026-09-26 18:13:21,472 [INFO] community_detection: Enhanced 2150 flows with community features
2026-09-26 18:13:22,376 [INFO] federated_learning: Generating embeddings for 111 nodes, 2150 edges
2026-09-26 18:13:22,498 [INFO] federated_learning: Generated 1964 flow embeddings
2026-09-26 18:13:22,499 [INFO] federated_learning:     -> [79.1%] Step 178/225 | Running Client 3/5 for behavioral detector...
2026-09-26 18:13:22,504 [INFO] federated_learning: Loaded 2150 records for client 3
2026-09-26 18:13:22,533 [INFO] feature_engineering: Engineered 580 new features for behavioral detection
2026-09-26 18:13:22,534 [INFO] feature_engineering: Calculating centrality features dynamically (Ignoring any dataset pre-computations)...
2026-09-26 18:13:22,537 [INFO] feature_engineering: Calculating Degree Centrality for 106 nodes...
2026-09-26 18:13:22,537 [INFO] feature_engineering: Calculating PageRank...
2026-09-26 18:13:22,542 [INFO] feature_engineering: Calculating K-Core...
2026-09-26 18:13:22,543 [INFO] feature_engineering: Calculating Eigenvector Centrality...
2026-09-26 18:13:22,549 [INFO] feature_engineering: Calculating Approximated Betweenness Centrality (k=50)...
2026-09-26 18:13:22,568 [INFO] feature_engineering: Dynamically calculated 10 centrality features for 2150 rows in 0.03 seconds.
2026-09-26 18:13:22,677 [INFO] community_leiden: Detecting communities using Leiden algorithm...
2026-09-26 18:13:22,683 [INFO] community_leiden: Detected 6 communities using Leiden
2026-09-26 18:13:22,797 [INFO] community_detection: Enhanced 2150 flows with community features
2026-09-26 18:13:23,711 [INFO] federated_learning: Generating embeddings for 106 nodes, 2150 edges
2026-09-26 18:13:23,834 [INFO] federated_learning: Generated 1927 flow embeddings
2026-09-26 18:13:23,834 [INFO] federated_learning:     -> [79.6%] Step 179/225 | Running Client 4/5 for behavioral detector...
2026-09-26 18:13:23,841 [INFO] federated_learning: Loaded 2150 records for client 4
2026-09-26 18:13:23,879 [INFO] feature_engineering: Engineered 590 new features for behavioral detection
2026-09-26 18:13:23,879 [INFO] feature_engineering: Calculating centrality features dynamically (Ignoring any dataset pre-computations)...
2026-09-26 18:13:23,883 [INFO] feature_engineering: Calculating Degree Centrality for 105 nodes...
2026-09-26 18:13:23,883 [INFO] feature_engineering: Calculating PageRank...
2026-09-26 18:13:23,889 [INFO] feature_engineering: Calculating K-Core...
2026-09-26 18:13:23,890 [INFO] feature_engineering: Calculating Eigenvector Centrality...
2026-09-26 18:13:23,896 [INFO] feature_engineering: Calculating Approximated Betweenness Centrality (k=50)...
2026-09-26 18:13:23,918 [INFO] feature_engineering: Dynamically calculated 10 centrality features for 2150 rows in 0.04 seconds.
2026-09-26 18:13:24,025 [INFO] community_leiden: Detecting communities using Leiden algorithm...
2026-09-26 18:13:24,033 [INFO] community_leiden: Detected 5 communities using Leiden
2026-09-26 18:13:24,150 [INFO] community_detection: Enhanced 2150 flows with community features
2026-09-26 18:13:25,101 [INFO] federated_learning: Generating embeddings for 105 nodes, 2150 edges
2026-09-26 18:13:25,227 [INFO] federated_learning: Generated 1957 flow embeddings
2026-09-26 18:13:25,227 [INFO] federated_learning:     -> [80.0%] Step 180/225 | Running Client 5/5 for behavioral detector...
2026-09-26 18:13:25,232 [INFO] federated_learning: Loaded 2150 records for client 5
2026-09-26 18:13:25,263 [INFO] feature_engineering: Engineered 600 new features for behavioral detection
2026-09-26 18:13:25,263 [INFO] feature_engineering: Calculating centrality features dynamically (Ignoring any dataset pre-computations)...
2026-09-26 18:13:25,266 [INFO] feature_engineering: Calculating Degree Centrality for 102 nodes...
2026-09-26 18:13:25,267 [INFO] feature_engineering: Calculating PageRank...
2026-09-26 18:13:25,272 [INFO] feature_engineering: Calculating K-Core...
2026-09-26 18:13:25,273 [INFO] feature_engineering: Calculating Eigenvector Centrality...
2026-09-26 18:13:25,279 [INFO] feature_engineering: Calculating Approximated Betweenness Centrality (k=50)...
2026-09-26 18:13:25,299 [INFO] feature_engineering: Dynamically calculated 10 centrality features for 2150 rows in 0.04 seconds.
2026-09-26 18:13:25,408 [INFO] community_leiden: Detecting communities using Leiden algorithm...
2026-09-26 18:13:25,415 [INFO] community_leiden: Detected 5 communities using Leiden
2026-09-26 18:13:25,521 [INFO] community_detection: Enhanced 2150 flows with community features
2026-09-26 18:13:26,444 [INFO] federated_learning: Generating embeddings for 102 nodes, 2150 edges
2026-09-26 18:13:26,567 [INFO] federated_learning: Generated 1950 flow embeddings
2026-09-26 18:13:55,724 [INFO] utils: Round 12 metrics logged
2026-09-26 18:13:55,725 [INFO] federated_learning: Round 12 completed in 109.09s, loss: 0.2795
2026-09-26 18:13:55,726 [INFO] federated_learning: Starting round 13/15 (Total System Steps: 225)
2026-09-26 18:13:55,726 [INFO] federated_learning:   -> Processing Temporal Detector...
2026-09-26 18:13:55,726 [INFO] federated_learning:     -> [80.4%] Step 181/225 | Running Client 1/5 for temporal detector...
2026-09-26 18:13:55,732 [INFO] federated_learning: Loaded 2150 records for client 1
2026-09-26 18:13:55,746 [INFO] feature_engineering: Engineered 682 new features for temporal detection
2026-09-26 18:13:55,746 [INFO] feature_engineering: Calculating centrality features dynamically (Ignoring any dataset pre-computations)...
2026-09-26 18:13:55,750 [INFO] feature_engineering: Calculating Degree Centrality for 95 nodes...
2026-09-26 18:13:55,750 [INFO] feature_engineering: Calculating PageRank...
2026-09-26 18:13:55,755 [INFO] feature_engineering: Calculating K-Core...
2026-09-26 18:13:55,756 [INFO] feature_engineering: Calculating Eigenvector Centrality...
2026-09-26 18:13:55,761 [INFO] feature_engineering: Calculating Approximated Betweenness Centrality (k=50)...
2026-09-26 18:13:55,780 [INFO] feature_engineering: Dynamically calculated 10 centrality features for 2150 rows in 0.03 seconds.
2026-09-26 18:13:55,889 [INFO] community_leiden: Detecting communities using Leiden algorithm...
2026-09-26 18:13:55,896 [INFO] community_leiden: Detected 4 communities using Leiden
2026-09-26 18:13:55,996 [INFO] community_detection: Enhanced 2150 flows with community features
2026-09-26 18:13:56,899 [INFO] federated_learning: Generating embeddings for 95 nodes, 2150 edges
2026-09-26 18:13:57,025 [INFO] federated_learning: Generated 1942 flow embeddings
2026-09-26 18:13:57,026 [INFO] federated_learning:     -> [80.9%] Step 182/225 | Running Client 2/5 for temporal detector...
2026-09-26 18:13:57,031 [INFO] federated_learning: Loaded 2150 records for client 2
2026-09-26 18:13:57,045 [INFO] feature_engineering: Engineered 693 new features for temporal detection
2026-09-26 18:13:57,046 [INFO] feature_engineering: Calculating centrality features dynamically (Ignoring any dataset pre-computations)...
2026-09-26 18:13:57,049 [INFO] feature_engineering: Calculating Degree Centrality for 111 nodes...
2026-09-26 18:13:57,050 [INFO] feature_engineering: Calculating PageRank...
2026-09-26 18:13:57,054 [INFO] feature_engineering: Calculating K-Core...
2026-09-26 18:13:57,055 [INFO] feature_engineering: Calculating Eigenvector Centrality...
2026-09-26 18:13:57,060 [INFO] feature_engineering: Calculating Approximated Betweenness Centrality (k=50)...
2026-09-26 18:13:57,081 [INFO] feature_engineering: Dynamically calculated 10 centrality features for 2150 rows in 0.04 seconds.
2026-09-26 18:13:57,190 [INFO] community_leiden: Detecting communities using Leiden algorithm...
2026-09-26 18:13:57,197 [INFO] community_leiden: Detected 5 communities using Leiden
2026-09-26 18:13:57,324 [INFO] community_detection: Enhanced 2150 flows with community features
2026-09-26 18:13:58,232 [INFO] federated_learning: Generating embeddings for 111 nodes, 2150 edges
2026-09-26 18:13:58,364 [INFO] federated_learning: Generated 1964 flow embeddings
2026-09-26 18:13:58,364 [INFO] federated_learning:     -> [81.3%] Step 183/225 | Running Client 3/5 for temporal detector...
2026-09-26 18:13:58,370 [INFO] federated_learning: Loaded 2150 records for client 3
2026-09-26 18:13:58,388 [INFO] feature_engineering: Engineered 704 new features for temporal detection
2026-09-26 18:13:58,389 [INFO] feature_engineering: Calculating centrality features dynamically (Ignoring any dataset pre-computations)...
2026-09-26 18:13:58,393 [INFO] feature_engineering: Calculating Degree Centrality for 106 nodes...
2026-09-26 18:13:58,394 [INFO] feature_engineering: Calculating PageRank...
2026-09-26 18:13:58,400 [INFO] feature_engineering: Calculating K-Core...
2026-09-26 18:13:58,402 [INFO] feature_engineering: Calculating Eigenvector Centrality...
2026-09-26 18:13:58,408 [INFO] feature_engineering: Calculating Approximated Betweenness Centrality (k=50)...
2026-09-26 18:13:58,428 [INFO] feature_engineering: Dynamically calculated 10 centrality features for 2150 rows in 0.04 seconds.
2026-09-26 18:13:58,538 [INFO] community_leiden: Detecting communities using Leiden algorithm...
2026-09-26 18:13:58,546 [INFO] community_leiden: Detected 6 communities using Leiden
2026-09-26 18:13:58,661 [INFO] community_detection: Enhanced 2150 flows with community features
2026-09-26 18:13:59,572 [INFO] federated_learning: Generating embeddings for 106 nodes, 2150 edges
2026-09-26 18:13:59,697 [INFO] federated_learning: Generated 1927 flow embeddings
2026-09-26 18:13:59,698 [INFO] federated_learning:     -> [81.8%] Step 184/225 | Running Client 4/5 for temporal detector...
2026-09-26 18:13:59,703 [INFO] federated_learning: Loaded 2150 records for client 4
2026-09-26 18:13:59,717 [INFO] feature_engineering: Engineered 715 new features for temporal detection
2026-09-26 18:13:59,717 [INFO] feature_engineering: Calculating centrality features dynamically (Ignoring any dataset pre-computations)...
2026-09-26 18:13:59,721 [INFO] feature_engineering: Calculating Degree Centrality for 105 nodes...
2026-09-26 18:13:59,722 [INFO] feature_engineering: Calculating PageRank...
2026-09-26 18:13:59,726 [INFO] feature_engineering: Calculating K-Core...
2026-09-26 18:13:59,727 [INFO] feature_engineering: Calculating Eigenvector Centrality...
2026-09-26 18:13:59,733 [INFO] feature_engineering: Calculating Approximated Betweenness Centrality (k=50)...
2026-09-26 18:13:59,753 [INFO] feature_engineering: Dynamically calculated 10 centrality features for 2150 rows in 0.04 seconds.
2026-09-26 18:13:59,861 [INFO] community_leiden: Detecting communities using Leiden algorithm...
2026-09-26 18:13:59,868 [INFO] community_leiden: Detected 5 communities using Leiden
2026-09-26 18:13:59,981 [INFO] community_detection: Enhanced 2150 flows with community features
2026-09-26 18:14:00,876 [INFO] federated_learning: Generating embeddings for 105 nodes, 2150 edges
2026-09-26 18:14:00,997 [INFO] federated_learning: Generated 1957 flow embeddings
2026-09-26 18:14:00,999 [INFO] federated_learning:     -> [82.2%] Step 185/225 | Running Client 5/5 for temporal detector...
2026-09-26 18:14:01,005 [INFO] federated_learning: Loaded 2150 records for client 5
2026-09-26 18:14:01,019 [INFO] feature_engineering: Engineered 726 new features for temporal detection
2026-09-26 18:14:01,020 [INFO] feature_engineering: Calculating centrality features dynamically (Ignoring any dataset pre-computations)...
2026-09-26 18:14:01,023 [INFO] feature_engineering: Calculating Degree Centrality for 102 nodes...
2026-09-26 18:14:01,024 [INFO] feature_engineering: Calculating PageRank...
2026-09-26 18:14:01,029 [INFO] feature_engineering: Calculating K-Core...
2026-09-26 18:14:01,030 [INFO] feature_engineering: Calculating Eigenvector Centrality...
2026-09-26 18:14:01,037 [INFO] feature_engineering: Calculating Approximated Betweenness Centrality (k=50)...
2026-09-26 18:14:01,057 [INFO] feature_engineering: Dynamically calculated 10 centrality features for 2150 rows in 0.04 seconds.
2026-09-26 18:14:01,169 [INFO] community_leiden: Detecting communities using Leiden algorithm...
2026-09-26 18:14:01,176 [INFO] community_leiden: Detected 5 communities using Leiden
2026-09-26 18:14:01,289 [INFO] community_detection: Enhanced 2150 flows with community features
2026-09-26 18:14:02,182 [INFO] federated_learning: Generating embeddings for 102 nodes, 2150 edges
2026-09-26 18:14:02,305 [INFO] federated_learning: Generated 1950 flow embeddings
2026-09-26 18:14:31,612 [INFO] federated_learning:   -> Processing Content Detector...
2026-09-26 18:14:31,613 [INFO] federated_learning:     -> [82.7%] Step 186/225 | Running Client 1/5 for content detector...
2026-09-26 18:14:31,618 [INFO] federated_learning: Loaded 2150 records for client 1
2026-09-26 18:14:31,630 [INFO] feature_engineering: Engineered 549 new features for content detection
2026-09-26 18:14:31,631 [INFO] feature_engineering: Calculating centrality features dynamically (Ignoring any dataset pre-computations)...
2026-09-26 18:14:31,635 [INFO] feature_engineering: Calculating Degree Centrality for 95 nodes...
2026-09-26 18:14:31,635 [INFO] feature_engineering: Calculating PageRank...
2026-09-26 18:14:31,640 [INFO] feature_engineering: Calculating K-Core...
2026-09-26 18:14:31,641 [INFO] feature_engineering: Calculating Eigenvector Centrality...
2026-09-26 18:14:31,646 [INFO] feature_engineering: Calculating Approximated Betweenness Centrality (k=50)...
2026-09-26 18:14:31,665 [INFO] feature_engineering: Dynamically calculated 10 centrality features for 2150 rows in 0.03 seconds.
2026-09-26 18:14:31,773 [INFO] community_leiden: Detecting communities using Leiden algorithm...
2026-09-26 18:14:31,780 [INFO] community_leiden: Detected 4 communities using Leiden
2026-09-26 18:14:31,887 [INFO] community_detection: Enhanced 2150 flows with community features
2026-09-26 18:14:33,021 [INFO] federated_learning: Generating embeddings for 95 nodes, 2150 edges
2026-09-26 18:14:33,167 [INFO] federated_learning: Generated 1942 flow embeddings
2026-09-26 18:14:33,167 [INFO] federated_learning:     -> [83.1%] Step 187/225 | Running Client 2/5 for content detector...
2026-09-26 18:14:33,173 [INFO] federated_learning: Loaded 2150 records for client 2
2026-09-26 18:14:33,186 [INFO] feature_engineering: Engineered 558 new features for content detection
2026-09-26 18:14:33,186 [INFO] feature_engineering: Calculating centrality features dynamically (Ignoring any dataset pre-computations)...
2026-09-26 18:14:33,189 [INFO] feature_engineering: Calculating Degree Centrality for 111 nodes...
2026-09-26 18:14:33,190 [INFO] feature_engineering: Calculating PageRank...
2026-09-26 18:14:33,195 [INFO] feature_engineering: Calculating K-Core...
2026-09-26 18:14:33,195 [INFO] feature_engineering: Calculating Eigenvector Centrality...
2026-09-26 18:14:33,201 [INFO] feature_engineering: Calculating Approximated Betweenness Centrality (k=50)...
2026-09-26 18:14:33,221 [INFO] feature_engineering: Dynamically calculated 10 centrality features for 2150 rows in 0.03 seconds.
2026-09-26 18:14:33,329 [INFO] community_leiden: Detecting communities using Leiden algorithm...
2026-09-26 18:14:33,336 [INFO] community_leiden: Detected 5 communities using Leiden
2026-09-26 18:14:33,468 [INFO] community_detection: Enhanced 2150 flows with community features
2026-09-26 18:14:34,638 [INFO] federated_learning: Generating embeddings for 111 nodes, 2150 edges
2026-09-26 18:14:34,787 [INFO] federated_learning: Generated 1964 flow embeddings
2026-09-26 18:14:34,787 [INFO] federated_learning:     -> [83.6%] Step 188/225 | Running Client 3/5 for content detector...
2026-09-26 18:14:34,793 [INFO] federated_learning: Loaded 2150 records for client 3
2026-09-26 18:14:34,805 [INFO] feature_engineering: Engineered 567 new features for content detection
2026-09-26 18:14:34,805 [INFO] feature_engineering: Calculating centrality features dynamically (Ignoring any dataset pre-computations)...
2026-09-26 18:14:34,809 [INFO] feature_engineering: Calculating Degree Centrality for 106 nodes...
2026-09-26 18:14:34,809 [INFO] feature_engineering: Calculating PageRank...
2026-09-26 18:14:34,814 [INFO] feature_engineering: Calculating K-Core...
2026-09-26 18:14:34,815 [INFO] feature_engineering: Calculating Eigenvector Centrality...
2026-09-26 18:14:34,820 [INFO] feature_engineering: Calculating Approximated Betweenness Centrality (k=50)...
2026-09-26 18:14:34,840 [INFO] feature_engineering: Dynamically calculated 10 centrality features for 2150 rows in 0.03 seconds.
2026-09-26 18:14:34,969 [INFO] community_leiden: Detecting communities using Leiden algorithm...
2026-09-26 18:14:34,978 [INFO] community_leiden: Detected 6 communities using Leiden
2026-09-26 18:14:35,103 [INFO] community_detection: Enhanced 2150 flows with community features
2026-09-26 18:14:36,273 [INFO] federated_learning: Generating embeddings for 106 nodes, 2150 edges
2026-09-26 18:14:36,416 [INFO] federated_learning: Generated 1927 flow embeddings
2026-09-26 18:14:36,417 [INFO] federated_learning:     -> [84.0%] Step 189/225 | Running Client 4/5 for content detector...
2026-09-26 18:14:36,422 [INFO] federated_learning: Loaded 2150 records for client 4
2026-09-26 18:14:36,435 [INFO] feature_engineering: Engineered 576 new features for content detection
2026-09-26 18:14:36,435 [INFO] feature_engineering: Calculating centrality features dynamically (Ignoring any dataset pre-computations)...
2026-09-26 18:14:36,439 [INFO] feature_engineering: Calculating Degree Centrality for 105 nodes...
2026-09-26 18:14:36,439 [INFO] feature_engineering: Calculating PageRank...
2026-09-26 18:14:36,444 [INFO] feature_engineering: Calculating K-Core...
2026-09-26 18:14:36,445 [INFO] feature_engineering: Calculating Eigenvector Centrality...
2026-09-26 18:14:36,451 [INFO] feature_engineering: Calculating Approximated Betweenness Centrality (k=50)...
2026-09-26 18:14:36,470 [INFO] feature_engineering: Dynamically calculated 10 centrality features for 2150 rows in 0.03 seconds.
2026-09-26 18:14:36,578 [INFO] community_leiden: Detecting communities using Leiden algorithm...
2026-09-26 18:14:36,584 [INFO] community_leiden: Detected 5 communities using Leiden
2026-09-26 18:14:36,709 [INFO] community_detection: Enhanced 2150 flows with community features
2026-09-26 18:14:37,874 [INFO] federated_learning: Generating embeddings for 105 nodes, 2150 edges
2026-09-26 18:14:38,025 [INFO] federated_learning: Generated 1957 flow embeddings
2026-09-26 18:14:38,025 [INFO] federated_learning:     -> [84.4%] Step 190/225 | Running Client 5/5 for content detector...
2026-09-26 18:14:38,031 [INFO] federated_learning: Loaded 2150 records for client 5
2026-09-26 18:14:38,043 [INFO] feature_engineering: Engineered 585 new features for content detection
2026-09-26 18:14:38,043 [INFO] feature_engineering: Calculating centrality features dynamically (Ignoring any dataset pre-computations)...
2026-09-26 18:14:38,047 [INFO] feature_engineering: Calculating Degree Centrality for 102 nodes...
2026-09-26 18:14:38,047 [INFO] feature_engineering: Calculating PageRank...
2026-09-26 18:14:38,052 [INFO] feature_engineering: Calculating K-Core...
2026-09-26 18:14:38,053 [INFO] feature_engineering: Calculating Eigenvector Centrality...
2026-09-26 18:14:38,058 [INFO] feature_engineering: Calculating Approximated Betweenness Centrality (k=50)...
2026-09-26 18:14:38,078 [INFO] feature_engineering: Dynamically calculated 10 centrality features for 2150 rows in 0.04 seconds.
2026-09-26 18:14:38,187 [INFO] community_leiden: Detecting communities using Leiden algorithm...
2026-09-26 18:14:38,194 [INFO] community_leiden: Detected 5 communities using Leiden
2026-09-26 18:14:38,305 [INFO] community_detection: Enhanced 2150 flows with community features
2026-09-26 18:14:39,450 [INFO] federated_learning: Generating embeddings for 102 nodes, 2150 edges
2026-09-26 18:14:39,592 [INFO] federated_learning: Generated 1950 flow embeddings
2026-09-26 18:15:08,911 [INFO] federated_learning:   -> Processing Behavioral Detector...
2026-09-26 18:15:08,911 [INFO] federated_learning:     -> [84.9%] Step 191/225 | Running Client 1/5 for behavioral detector...
2026-09-26 18:15:08,917 [INFO] federated_learning: Loaded 2150 records for client 1
2026-09-26 18:15:08,950 [INFO] feature_engineering: Engineered 610 new features for behavioral detection
2026-09-26 18:15:08,950 [INFO] feature_engineering: Calculating centrality features dynamically (Ignoring any dataset pre-computations)...
2026-09-26 18:15:08,954 [INFO] feature_engineering: Calculating Degree Centrality for 95 nodes...
2026-09-26 18:15:08,954 [INFO] feature_engineering: Calculating PageRank...
2026-09-26 18:15:08,959 [INFO] feature_engineering: Calculating K-Core...
2026-09-26 18:15:08,960 [INFO] feature_engineering: Calculating Eigenvector Centrality...
2026-09-26 18:15:08,965 [INFO] feature_engineering: Calculating Approximated Betweenness Centrality (k=50)...
2026-09-26 18:15:08,985 [INFO] feature_engineering: Dynamically calculated 10 centrality features for 2150 rows in 0.03 seconds.
2026-09-26 18:15:09,092 [INFO] community_leiden: Detecting communities using Leiden algorithm...
2026-09-26 18:15:09,099 [INFO] community_leiden: Detected 4 communities using Leiden
2026-09-26 18:15:09,212 [INFO] community_detection: Enhanced 2150 flows with community features
2026-09-26 18:15:10,096 [INFO] federated_learning: Generating embeddings for 95 nodes, 2150 edges
2026-09-26 18:15:10,214 [INFO] federated_learning: Generated 1942 flow embeddings
2026-09-26 18:15:10,214 [INFO] federated_learning:     -> [85.3%] Step 192/225 | Running Client 2/5 for behavioral detector...
2026-09-26 18:15:10,222 [INFO] federated_learning: Loaded 2150 records for client 2
2026-09-26 18:15:10,260 [INFO] feature_engineering: Engineered 620 new features for behavioral detection
2026-09-26 18:15:10,260 [INFO] feature_engineering: Calculating centrality features dynamically (Ignoring any dataset pre-computations)...
2026-09-26 18:15:10,263 [INFO] feature_engineering: Calculating Degree Centrality for 111 nodes...
2026-09-26 18:15:10,264 [INFO] feature_engineering: Calculating PageRank...
2026-09-26 18:15:10,269 [INFO] feature_engineering: Calculating K-Core...
2026-09-26 18:15:10,270 [INFO] feature_engineering: Calculating Eigenvector Centrality...
2026-09-26 18:15:10,276 [INFO] feature_engineering: Calculating Approximated Betweenness Centrality (k=50)...
2026-09-26 18:15:10,297 [INFO] feature_engineering: Dynamically calculated 10 centrality features for 2150 rows in 0.04 seconds.
2026-09-26 18:15:10,403 [INFO] community_leiden: Detecting communities using Leiden algorithm...
2026-09-26 18:15:10,410 [INFO] community_leiden: Detected 5 communities using Leiden
2026-09-26 18:15:10,537 [INFO] community_detection: Enhanced 2150 flows with community features
2026-09-26 18:15:11,466 [INFO] federated_learning: Generating embeddings for 111 nodes, 2150 edges
2026-09-26 18:15:11,594 [INFO] federated_learning: Generated 1964 flow embeddings
2026-09-26 18:15:11,595 [INFO] federated_learning:     -> [85.8%] Step 193/225 | Running Client 3/5 for behavioral detector...
2026-09-26 18:15:11,601 [INFO] federated_learning: Loaded 2150 records for client 3
2026-09-26 18:15:11,630 [INFO] feature_engineering: Engineered 630 new features for behavioral detection
2026-09-26 18:15:11,630 [INFO] feature_engineering: Calculating centrality features dynamically (Ignoring any dataset pre-computations)...
2026-09-26 18:15:11,634 [INFO] feature_engineering: Calculating Degree Centrality for 106 nodes...
2026-09-26 18:15:11,634 [INFO] feature_engineering: Calculating PageRank...
2026-09-26 18:15:11,639 [INFO] feature_engineering: Calculating K-Core...
2026-09-26 18:15:11,640 [INFO] feature_engineering: Calculating Eigenvector Centrality...
2026-09-26 18:15:11,646 [INFO] feature_engineering: Calculating Approximated Betweenness Centrality (k=50)...
2026-09-26 18:15:11,666 [INFO] feature_engineering: Dynamically calculated 10 centrality features for 2150 rows in 0.03 seconds.
2026-09-26 18:15:11,773 [INFO] community_leiden: Detecting communities using Leiden algorithm...
2026-09-26 18:15:11,780 [INFO] community_leiden: Detected 6 communities using Leiden
2026-09-26 18:15:11,898 [INFO] community_detection: Enhanced 2150 flows with community features
2026-09-26 18:15:12,814 [INFO] federated_learning: Generating embeddings for 106 nodes, 2150 edges
2026-09-26 18:15:12,938 [INFO] federated_learning: Generated 1927 flow embeddings
2026-09-26 18:15:12,939 [INFO] federated_learning:     -> [86.2%] Step 194/225 | Running Client 4/5 for behavioral detector...
2026-09-26 18:15:12,945 [INFO] federated_learning: Loaded 2150 records for client 4
2026-09-26 18:15:12,978 [INFO] feature_engineering: Engineered 640 new features for behavioral detection
2026-09-26 18:15:12,979 [INFO] feature_engineering: Calculating centrality features dynamically (Ignoring any dataset pre-computations)...
2026-09-26 18:15:12,982 [INFO] feature_engineering: Calculating Degree Centrality for 105 nodes...
2026-09-26 18:15:12,983 [INFO] feature_engineering: Calculating PageRank...
2026-09-26 18:15:12,988 [INFO] feature_engineering: Calculating K-Core...
2026-09-26 18:15:12,989 [INFO] feature_engineering: Calculating Eigenvector Centrality...
2026-09-26 18:15:12,995 [INFO] feature_engineering: Calculating Approximated Betweenness Centrality (k=50)...
2026-09-26 18:15:13,017 [INFO] feature_engineering: Dynamically calculated 10 centrality features for 2150 rows in 0.04 seconds.
2026-09-26 18:15:13,124 [INFO] community_leiden: Detecting communities using Leiden algorithm...
2026-09-26 18:15:13,130 [INFO] community_leiden: Detected 5 communities using Leiden
2026-09-26 18:15:13,250 [INFO] community_detection: Enhanced 2150 flows with community features
2026-09-26 18:15:14,148 [INFO] federated_learning: Generating embeddings for 105 nodes, 2150 edges
2026-09-26 18:15:14,275 [INFO] federated_learning: Generated 1957 flow embeddings
2026-09-26 18:15:14,275 [INFO] federated_learning:     -> [86.7%] Step 195/225 | Running Client 5/5 for behavioral detector...
2026-09-26 18:15:14,281 [INFO] federated_learning: Loaded 2150 records for client 5
2026-09-26 18:15:14,312 [INFO] feature_engineering: Engineered 650 new features for behavioral detection
2026-09-26 18:15:14,312 [INFO] feature_engineering: Calculating centrality features dynamically (Ignoring any dataset pre-computations)...
2026-09-26 18:15:14,316 [INFO] feature_engineering: Calculating Degree Centrality for 102 nodes...
2026-09-26 18:15:14,316 [INFO] feature_engineering: Calculating PageRank...
2026-09-26 18:15:14,321 [INFO] feature_engineering: Calculating K-Core...
2026-09-26 18:15:14,322 [INFO] feature_engineering: Calculating Eigenvector Centrality...
2026-09-26 18:15:14,328 [INFO] feature_engineering: Calculating Approximated Betweenness Centrality (k=50)...
2026-09-26 18:15:14,350 [INFO] feature_engineering: Dynamically calculated 10 centrality features for 2150 rows in 0.04 seconds.
2026-09-26 18:15:14,461 [INFO] community_leiden: Detecting communities using Leiden algorithm...
2026-09-26 18:15:14,467 [INFO] community_leiden: Detected 5 communities using Leiden
2026-09-26 18:15:14,576 [INFO] community_detection: Enhanced 2150 flows with community features
2026-09-26 18:15:15,518 [INFO] federated_learning: Generating embeddings for 102 nodes, 2150 edges
2026-09-26 18:15:15,644 [INFO] federated_learning: Generated 1950 flow embeddings
2026-09-26 18:15:44,920 [INFO] utils: Round 13 metrics logged
2026-09-26 18:15:44,921 [INFO] federated_learning: Round 13 completed in 109.19s, loss: 0.1969
2026-09-26 18:15:44,921 [INFO] federated_learning: Starting round 14/15 (Total System Steps: 225)
2026-09-26 18:15:44,921 [INFO] federated_learning:   -> Processing Temporal Detector...
2026-09-26 18:15:44,922 [INFO] federated_learning:     -> [87.1%] Step 196/225 | Running Client 1/5 for temporal detector...
2026-09-26 18:15:44,928 [INFO] federated_learning: Loaded 2150 records for client 1
2026-09-26 18:15:44,948 [INFO] feature_engineering: Engineered 737 new features for temporal detection
2026-09-26 18:15:44,948 [INFO] feature_engineering: Calculating centrality features dynamically (Ignoring any dataset pre-computations)...
2026-09-26 18:15:44,953 [INFO] feature_engineering: Calculating Degree Centrality for 95 nodes...
2026-09-26 18:15:44,953 [INFO] feature_engineering: Calculating PageRank...
2026-09-26 18:15:44,958 [INFO] feature_engineering: Calculating K-Core...
2026-09-26 18:15:44,959 [INFO] feature_engineering: Calculating Eigenvector Centrality...
2026-09-26 18:15:44,965 [INFO] feature_engineering: Calculating Approximated Betweenness Centrality (k=50)...
2026-09-26 18:15:44,989 [INFO] feature_engineering: Dynamically calculated 10 centrality features for 2150 rows in 0.04 seconds.
2026-09-26 18:15:45,098 [INFO] community_leiden: Detecting communities using Leiden algorithm...
2026-09-26 18:15:45,104 [INFO] community_leiden: Detected 4 communities using Leiden
2026-09-26 18:15:45,211 [INFO] community_detection: Enhanced 2150 flows with community features
2026-09-26 18:15:46,110 [INFO] federated_learning: Generating embeddings for 95 nodes, 2150 edges
2026-09-26 18:15:46,233 [INFO] federated_learning: Generated 1942 flow embeddings
2026-09-26 18:15:46,234 [INFO] federated_learning:     -> [87.6%] Step 197/225 | Running Client 2/5 for temporal detector...
2026-09-26 18:15:46,239 [INFO] federated_learning: Loaded 2150 records for client 2
2026-09-26 18:15:46,253 [INFO] feature_engineering: Engineered 748 new features for temporal detection
2026-09-26 18:15:46,254 [INFO] feature_engineering: Calculating centrality features dynamically (Ignoring any dataset pre-computations)...
2026-09-26 18:15:46,257 [INFO] feature_engineering: Calculating Degree Centrality for 111 nodes...
2026-09-26 18:15:46,258 [INFO] feature_engineering: Calculating PageRank...
2026-09-26 18:15:46,262 [INFO] feature_engineering: Calculating K-Core...
2026-09-26 18:15:46,263 [INFO] feature_engineering: Calculating Eigenvector Centrality...
2026-09-26 18:15:46,268 [INFO] feature_engineering: Calculating Approximated Betweenness Centrality (k=50)...
2026-09-26 18:15:46,289 [INFO] feature_engineering: Dynamically calculated 10 centrality features for 2150 rows in 0.04 seconds.
2026-09-26 18:15:46,398 [INFO] community_leiden: Detecting communities using Leiden algorithm...
2026-09-26 18:15:46,405 [INFO] community_leiden: Detected 5 communities using Leiden
2026-09-26 18:15:46,535 [INFO] community_detection: Enhanced 2150 flows with community features
2026-09-26 18:15:47,437 [INFO] federated_learning: Generating embeddings for 111 nodes, 2150 edges
2026-09-26 18:15:47,566 [INFO] federated_learning: Generated 1964 flow embeddings
2026-09-26 18:15:47,567 [INFO] federated_learning:     -> [88.0%] Step 198/225 | Running Client 3/5 for temporal detector...
2026-09-26 18:15:47,572 [INFO] federated_learning: Loaded 2150 records for client 3
2026-09-26 18:15:47,591 [INFO] feature_engineering: Engineered 759 new features for temporal detection
2026-09-26 18:15:47,592 [INFO] feature_engineering: Calculating centrality features dynamically (Ignoring any dataset pre-computations)...
2026-09-26 18:15:47,595 [INFO] feature_engineering: Calculating Degree Centrality for 106 nodes...
2026-09-26 18:15:47,596 [INFO] feature_engineering: Calculating PageRank...
2026-09-26 18:15:47,601 [INFO] feature_engineering: Calculating K-Core...
2026-09-26 18:15:47,602 [INFO] feature_engineering: Calculating Eigenvector Centrality...
2026-09-26 18:15:47,610 [INFO] feature_engineering: Calculating Approximated Betweenness Centrality (k=50)...
2026-09-26 18:15:47,631 [INFO] feature_engineering: Dynamically calculated 10 centrality features for 2150 rows in 0.04 seconds.
2026-09-26 18:15:47,741 [INFO] community_leiden: Detecting communities using Leiden algorithm...
2026-09-26 18:15:47,748 [INFO] community_leiden: Detected 6 communities using Leiden
2026-09-26 18:15:47,868 [INFO] community_detection: Enhanced 2150 flows with community features
2026-09-26 18:15:48,761 [INFO] federated_learning: Generating embeddings for 106 nodes, 2150 edges
2026-09-26 18:15:48,881 [INFO] federated_learning: Generated 1927 flow embeddings
2026-09-26 18:15:48,882 [INFO] federated_learning:     -> [88.4%] Step 199/225 | Running Client 4/5 for temporal detector...
2026-09-26 18:15:48,887 [INFO] federated_learning: Loaded 2150 records for client 4
2026-09-26 18:15:48,901 [INFO] feature_engineering: Engineered 770 new features for temporal detection
2026-09-26 18:15:48,902 [INFO] feature_engineering: Calculating centrality features dynamically (Ignoring any dataset pre-computations)...
2026-09-26 18:15:48,905 [INFO] feature_engineering: Calculating Degree Centrality for 105 nodes...
2026-09-26 18:15:48,906 [INFO] feature_engineering: Calculating PageRank...
2026-09-26 18:15:48,911 [INFO] feature_engineering: Calculating K-Core...
2026-09-26 18:15:48,911 [INFO] feature_engineering: Calculating Eigenvector Centrality...
2026-09-26 18:15:48,917 [INFO] feature_engineering: Calculating Approximated Betweenness Centrality (k=50)...
2026-09-26 18:15:48,938 [INFO] feature_engineering: Dynamically calculated 10 centrality features for 2150 rows in 0.04 seconds.
2026-09-26 18:15:49,048 [INFO] community_leiden: Detecting communities using Leiden algorithm...
2026-09-26 18:15:49,055 [INFO] community_leiden: Detected 5 communities using Leiden
2026-09-26 18:15:49,169 [INFO] community_detection: Enhanced 2150 flows with community features
2026-09-26 18:15:50,061 [INFO] federated_learning: Generating embeddings for 105 nodes, 2150 edges
2026-09-26 18:15:50,189 [INFO] federated_learning: Generated 1957 flow embeddings
2026-09-26 18:15:50,189 [INFO] federated_learning:     -> [88.9%] Step 200/225 | Running Client 5/5 for temporal detector...
2026-09-26 18:15:50,195 [INFO] federated_learning: Loaded 2150 records for client 5
2026-09-26 18:15:50,212 [INFO] feature_engineering: Engineered 781 new features for temporal detection
2026-09-26 18:15:50,213 [INFO] feature_engineering: Calculating centrality features dynamically (Ignoring any dataset pre-computations)...
2026-09-26 18:15:50,217 [INFO] feature_engineering: Calculating Degree Centrality for 102 nodes...
2026-09-26 18:15:50,217 [INFO] feature_engineering: Calculating PageRank...
2026-09-26 18:15:50,223 [INFO] feature_engineering: Calculating K-Core...
2026-09-26 18:15:50,224 [INFO] feature_engineering: Calculating Eigenvector Centrality...
2026-09-26 18:15:50,230 [INFO] feature_engineering: Calculating Approximated Betweenness Centrality (k=50)...
2026-09-26 18:15:50,250 [INFO] feature_engineering: Dynamically calculated 10 centrality features for 2150 rows in 0.04 seconds.
2026-09-26 18:15:50,358 [INFO] community_leiden: Detecting communities using Leiden algorithm...
2026-09-26 18:15:50,364 [INFO] community_leiden: Detected 5 communities using Leiden
2026-09-26 18:15:50,478 [INFO] community_detection: Enhanced 2150 flows with community features
2026-09-26 18:15:51,357 [INFO] federated_learning: Generating embeddings for 102 nodes, 2150 edges
2026-09-26 18:15:51,478 [INFO] federated_learning: Generated 1950 flow embeddings
2026-09-26 18:16:20,865 [INFO] federated_learning:   -> Processing Content Detector...
2026-09-26 18:16:20,866 [INFO] federated_learning:     -> [89.3%] Step 201/225 | Running Client 1/5 for content detector...
2026-09-26 18:16:20,877 [INFO] federated_learning: Loaded 2150 records for client 1
2026-09-26 18:16:20,889 [INFO] feature_engineering: Engineered 594 new features for content detection
2026-09-26 18:16:20,889 [INFO] feature_engineering: Calculating centrality features dynamically (Ignoring any dataset pre-computations)...
2026-09-26 18:16:20,893 [INFO] feature_engineering: Calculating Degree Centrality for 95 nodes...
2026-09-26 18:16:20,894 [INFO] feature_engineering: Calculating PageRank...
2026-09-26 18:16:20,898 [INFO] feature_engineering: Calculating K-Core...
2026-09-26 18:16:20,899 [INFO] feature_engineering: Calculating Eigenvector Centrality...
2026-09-26 18:16:20,904 [INFO] feature_engineering: Calculating Approximated Betweenness Centrality (k=50)...
2026-09-26 18:16:20,923 [INFO] feature_engineering: Dynamically calculated 10 centrality features for 2150 rows in 0.03 seconds.
2026-09-26 18:16:21,031 [INFO] community_leiden: Detecting communities using Leiden algorithm...
2026-09-26 18:16:21,038 [INFO] community_leiden: Detected 4 communities using Leiden
2026-09-26 18:16:21,133 [INFO] community_detection: Enhanced 2150 flows with community features
2026-09-26 18:16:22,279 [INFO] federated_learning: Generating embeddings for 95 nodes, 2150 edges
2026-09-26 18:16:22,424 [INFO] federated_learning: Generated 1942 flow embeddings
2026-09-26 18:16:22,425 [INFO] federated_learning:     -> [89.8%] Step 202/225 | Running Client 2/5 for content detector...
2026-09-26 18:16:22,430 [INFO] federated_learning: Loaded 2150 records for client 2
2026-09-26 18:16:22,442 [INFO] feature_engineering: Engineered 603 new features for content detection
2026-09-26 18:16:22,443 [INFO] feature_engineering: Calculating centrality features dynamically (Ignoring any dataset pre-computations)...
2026-09-26 18:16:22,447 [INFO] feature_engineering: Calculating Degree Centrality for 111 nodes...
2026-09-26 18:16:22,447 [INFO] feature_engineering: Calculating PageRank...
2026-09-26 18:16:22,452 [INFO] feature_engineering: Calculating K-Core...
2026-09-26 18:16:22,452 [INFO] feature_engineering: Calculating Eigenvector Centrality...
2026-09-26 18:16:22,458 [INFO] feature_engineering: Calculating Approximated Betweenness Centrality (k=50)...
2026-09-26 18:16:22,479 [INFO] feature_engineering: Dynamically calculated 10 centrality features for 2150 rows in 0.04 seconds.
2026-09-26 18:16:22,586 [INFO] community_leiden: Detecting communities using Leiden algorithm...
2026-09-26 18:16:22,593 [INFO] community_leiden: Detected 5 communities using Leiden
2026-09-26 18:16:22,725 [INFO] community_detection: Enhanced 2150 flows with community features
2026-09-26 18:16:23,921 [INFO] federated_learning: Generating embeddings for 111 nodes, 2150 edges
2026-09-26 18:16:24,064 [INFO] federated_learning: Generated 1964 flow embeddings
2026-09-26 18:16:24,064 [INFO] federated_learning:     -> [90.2%] Step 203/225 | Running Client 3/5 for content detector...
2026-09-26 18:16:24,070 [INFO] federated_learning: Loaded 2150 records for client 3
2026-09-26 18:16:24,081 [INFO] feature_engineering: Engineered 612 new features for content detection
2026-09-26 18:16:24,082 [INFO] feature_engineering: Calculating centrality features dynamically (Ignoring any dataset pre-computations)...
2026-09-26 18:16:24,085 [INFO] feature_engineering: Calculating Degree Centrality for 106 nodes...
2026-09-26 18:16:24,086 [INFO] feature_engineering: Calculating PageRank...
2026-09-26 18:16:24,091 [INFO] feature_engineering: Calculating K-Core...
2026-09-26 18:16:24,091 [INFO] feature_engineering: Calculating Eigenvector Centrality...
2026-09-26 18:16:24,097 [INFO] feature_engineering: Calculating Approximated Betweenness Centrality (k=50)...
2026-09-26 18:16:24,116 [INFO] feature_engineering: Dynamically calculated 10 centrality features for 2150 rows in 0.03 seconds.
2026-09-26 18:16:24,223 [INFO] community_leiden: Detecting communities using Leiden algorithm...
2026-09-26 18:16:24,230 [INFO] community_leiden: Detected 6 communities using Leiden
2026-09-26 18:16:24,348 [INFO] community_detection: Enhanced 2150 flows with community features
2026-09-26 18:16:25,548 [INFO] federated_learning: Generating embeddings for 106 nodes, 2150 edges
2026-09-26 18:16:25,694 [INFO] federated_learning: Generated 1927 flow embeddings
2026-09-26 18:16:25,695 [INFO] federated_learning:     -> [90.7%] Step 204/225 | Running Client 4/5 for content detector...
2026-09-26 18:16:25,700 [INFO] federated_learning: Loaded 2150 records for client 4
2026-09-26 18:16:25,712 [INFO] feature_engineering: Engineered 621 new features for content detection
2026-09-26 18:16:25,712 [INFO] feature_engineering: Calculating centrality features dynamically (Ignoring any dataset pre-computations)...
2026-09-26 18:16:25,716 [INFO] feature_engineering: Calculating Degree Centrality for 105 nodes...
2026-09-26 18:16:25,716 [INFO] feature_engineering: Calculating PageRank...
2026-09-26 18:16:25,721 [INFO] feature_engineering: Calculating K-Core...
2026-09-26 18:16:25,722 [INFO] feature_engineering: Calculating Eigenvector Centrality...
2026-09-26 18:16:25,727 [INFO] feature_engineering: Calculating Approximated Betweenness Centrality (k=50)...
2026-09-26 18:16:25,747 [INFO] feature_engineering: Dynamically calculated 10 centrality features for 2150 rows in 0.03 seconds.
2026-09-26 18:16:25,855 [INFO] community_leiden: Detecting communities using Leiden algorithm...
2026-09-26 18:16:25,862 [INFO] community_leiden: Detected 5 communities using Leiden
2026-09-26 18:16:25,976 [INFO] community_detection: Enhanced 2150 flows with community features
2026-09-26 18:16:27,142 [INFO] federated_learning: Generating embeddings for 105 nodes, 2150 edges
2026-09-26 18:16:27,290 [INFO] federated_learning: Generated 1957 flow embeddings
2026-09-26 18:16:27,290 [INFO] federated_learning:     -> [91.1%] Step 205/225 | Running Client 5/5 for content detector...
2026-09-26 18:16:27,296 [INFO] federated_learning: Loaded 2150 records for client 5
2026-09-26 18:16:27,310 [INFO] feature_engineering: Engineered 630 new features for content detection
2026-09-26 18:16:27,311 [INFO] feature_engineering: Calculating centrality features dynamically (Ignoring any dataset pre-computations)...
2026-09-26 18:16:27,314 [INFO] feature_engineering: Calculating Degree Centrality for 102 nodes...
2026-09-26 18:16:27,315 [INFO] feature_engineering: Calculating PageRank...
2026-09-26 18:16:27,320 [INFO] feature_engineering: Calculating K-Core...
2026-09-26 18:16:27,321 [INFO] feature_engineering: Calculating Eigenvector Centrality...
2026-09-26 18:16:27,327 [INFO] feature_engineering: Calculating Approximated Betweenness Centrality (k=50)...
2026-09-26 18:16:27,347 [INFO] feature_engineering: Dynamically calculated 10 centrality features for 2150 rows in 0.04 seconds.
2026-09-26 18:16:27,456 [INFO] community_leiden: Detecting communities using Leiden algorithm...
2026-09-26 18:16:27,463 [INFO] community_leiden: Detected 4 communities using Leiden
2026-09-26 18:16:27,575 [INFO] community_detection: Enhanced 2150 flows with community features
2026-09-26 18:16:28,732 [INFO] federated_learning: Generating embeddings for 102 nodes, 2150 edges
2026-09-26 18:16:28,874 [INFO] federated_learning: Generated 1950 flow embeddings
2026-09-26 18:16:58,325 [INFO] federated_learning:   -> Processing Behavioral Detector...
2026-09-26 18:16:58,326 [INFO] federated_learning:     -> [91.6%] Step 206/225 | Running Client 1/5 for behavioral detector...
2026-09-26 18:16:58,334 [INFO] federated_learning: Loaded 2150 records for client 1
2026-09-26 18:16:58,366 [INFO] feature_engineering: Engineered 660 new features for behavioral detection
2026-09-26 18:16:58,366 [INFO] feature_engineering: Calculating centrality features dynamically (Ignoring any dataset pre-computations)...
2026-09-26 18:16:58,370 [INFO] feature_engineering: Calculating Degree Centrality for 95 nodes...
2026-09-26 18:16:58,370 [INFO] feature_engineering: Calculating PageRank...
2026-09-26 18:16:58,375 [INFO] feature_engineering: Calculating K-Core...
2026-09-26 18:16:58,376 [INFO] feature_engineering: Calculating Eigenvector Centrality...
2026-09-26 18:16:58,381 [INFO] feature_engineering: Calculating Approximated Betweenness Centrality (k=50)...
2026-09-26 18:16:58,400 [INFO] feature_engineering: Dynamically calculated 10 centrality features for 2150 rows in 0.03 seconds.
2026-09-26 18:16:58,510 [INFO] community_leiden: Detecting communities using Leiden algorithm...
2026-09-26 18:16:58,516 [INFO] community_leiden: Detected 4 communities using Leiden
2026-09-26 18:16:58,616 [INFO] community_detection: Enhanced 2150 flows with community features
2026-09-26 18:16:59,506 [INFO] federated_learning: Generating embeddings for 95 nodes, 2150 edges
2026-09-26 18:16:59,627 [INFO] federated_learning: Generated 1942 flow embeddings
2026-09-26 18:16:59,627 [INFO] federated_learning:     -> [92.0%] Step 207/225 | Running Client 2/5 for behavioral detector...
2026-09-26 18:16:59,636 [INFO] federated_learning: Loaded 2150 records for client 2
2026-09-26 18:16:59,675 [INFO] feature_engineering: Engineered 670 new features for behavioral detection
2026-09-26 18:16:59,675 [INFO] feature_engineering: Calculating centrality features dynamically (Ignoring any dataset pre-computations)...
2026-09-26 18:16:59,679 [INFO] feature_engineering: Calculating Degree Centrality for 111 nodes...
2026-09-26 18:16:59,679 [INFO] feature_engineering: Calculating PageRank...
2026-09-26 18:16:59,685 [INFO] feature_engineering: Calculating K-Core...
2026-09-26 18:16:59,686 [INFO] feature_engineering: Calculating Eigenvector Centrality...
2026-09-26 18:16:59,693 [INFO] feature_engineering: Calculating Approximated Betweenness Centrality (k=50)...
2026-09-26 18:16:59,715 [INFO] feature_engineering: Dynamically calculated 10 centrality features for 2150 rows in 0.04 seconds.
2026-09-26 18:16:59,823 [INFO] community_leiden: Detecting communities using Leiden algorithm...
2026-09-26 18:16:59,830 [INFO] community_leiden: Detected 5 communities using Leiden
2026-09-26 18:16:59,962 [INFO] community_detection: Enhanced 2150 flows with community features
2026-09-26 18:17:00,890 [INFO] federated_learning: Generating embeddings for 111 nodes, 2150 edges
2026-09-26 18:17:01,020 [INFO] federated_learning: Generated 1964 flow embeddings
2026-09-26 18:17:01,020 [INFO] federated_learning:     -> [92.4%] Step 208/225 | Running Client 3/5 for behavioral detector...
2026-09-26 18:17:01,026 [INFO] federated_learning: Loaded 2150 records for client 3
2026-09-26 18:17:01,055 [INFO] feature_engineering: Engineered 680 new features for behavioral detection
2026-09-26 18:17:01,055 [INFO] feature_engineering: Calculating centrality features dynamically (Ignoring any dataset pre-computations)...
2026-09-26 18:17:01,058 [INFO] feature_engineering: Calculating Degree Centrality for 106 nodes...
2026-09-26 18:17:01,059 [INFO] feature_engineering: Calculating PageRank...
2026-09-26 18:17:01,064 [INFO] feature_engineering: Calculating K-Core...
2026-09-26 18:17:01,064 [INFO] feature_engineering: Calculating Eigenvector Centrality...
2026-09-26 18:17:01,070 [INFO] feature_engineering: Calculating Approximated Betweenness Centrality (k=50)...
2026-09-26 18:17:01,090 [INFO] feature_engineering: Dynamically calculated 10 centrality features for 2150 rows in 0.03 seconds.
2026-09-26 18:17:01,196 [INFO] community_leiden: Detecting communities using Leiden algorithm...
2026-09-26 18:17:01,204 [INFO] community_leiden: Detected 6 communities using Leiden
2026-09-26 18:17:01,322 [INFO] community_detection: Enhanced 2150 flows with community features
2026-09-26 18:17:02,214 [INFO] federated_learning: Generating embeddings for 106 nodes, 2150 edges
2026-09-26 18:17:02,339 [INFO] federated_learning: Generated 1927 flow embeddings
2026-09-26 18:17:02,340 [INFO] federated_learning:     -> [92.9%] Step 209/225 | Running Client 4/5 for behavioral detector...
2026-09-26 18:17:02,345 [INFO] federated_learning: Loaded 2150 records for client 4
2026-09-26 18:17:02,375 [INFO] feature_engineering: Engineered 690 new features for behavioral detection
2026-09-26 18:17:02,375 [INFO] feature_engineering: Calculating centrality features dynamically (Ignoring any dataset pre-computations)...
2026-09-26 18:17:02,381 [INFO] feature_engineering: Calculating Degree Centrality for 105 nodes...
2026-09-26 18:17:02,381 [INFO] feature_engineering: Calculating PageRank...
2026-09-26 18:17:02,387 [INFO] feature_engineering: Calculating K-Core...
2026-09-26 18:17:02,388 [INFO] feature_engineering: Calculating Eigenvector Centrality...
2026-09-26 18:17:02,394 [INFO] feature_engineering: Calculating Approximated Betweenness Centrality (k=50)...
2026-09-26 18:17:02,415 [INFO] feature_engineering: Dynamically calculated 10 centrality features for 2150 rows in 0.04 seconds.
2026-09-26 18:17:02,522 [INFO] community_leiden: Detecting communities using Leiden algorithm...
2026-09-26 18:17:02,529 [INFO] community_leiden: Detected 5 communities using Leiden
2026-09-26 18:17:02,643 [INFO] community_detection: Enhanced 2150 flows with community features
2026-09-26 18:17:03,578 [INFO] federated_learning: Generating embeddings for 105 nodes, 2150 edges
2026-09-26 18:17:03,704 [INFO] federated_learning: Generated 1957 flow embeddings
2026-09-26 18:17:03,705 [INFO] federated_learning:     -> [93.3%] Step 210/225 | Running Client 5/5 for behavioral detector...
2026-09-26 18:17:03,711 [INFO] federated_learning: Loaded 2150 records for client 5
2026-09-26 18:17:03,741 [INFO] feature_engineering: Engineered 700 new features for behavioral detection
2026-09-26 18:17:03,741 [INFO] feature_engineering: Calculating centrality features dynamically (Ignoring any dataset pre-computations)...
2026-09-26 18:17:03,745 [INFO] feature_engineering: Calculating Degree Centrality for 102 nodes...
2026-09-26 18:17:03,745 [INFO] feature_engineering: Calculating PageRank...
2026-09-26 18:17:03,750 [INFO] feature_engineering: Calculating K-Core...
2026-09-26 18:17:03,751 [INFO] feature_engineering: Calculating Eigenvector Centrality...
2026-09-26 18:17:03,757 [INFO] feature_engineering: Calculating Approximated Betweenness Centrality (k=50)...
2026-09-26 18:17:03,776 [INFO] feature_engineering: Dynamically calculated 10 centrality features for 2150 rows in 0.03 seconds.
2026-09-26 18:17:03,882 [INFO] community_leiden: Detecting communities using Leiden algorithm...
2026-09-26 18:17:03,889 [INFO] community_leiden: Detected 5 communities using Leiden
2026-09-26 18:17:04,002 [INFO] community_detection: Enhanced 2150 flows with community features
2026-09-26 18:17:04,959 [INFO] federated_learning: Generating embeddings for 102 nodes, 2150 edges
2026-09-26 18:17:05,099 [INFO] federated_learning: Generated 1950 flow embeddings
2026-09-26 18:17:34,490 [INFO] utils: Round 14 metrics logged
2026-09-26 18:17:34,490 [INFO] federated_learning: Round 14 completed in 109.57s, loss: 0.2248
2026-09-26 18:17:34,491 [INFO] federated_learning: Starting round 15/15 (Total System Steps: 225)
2026-09-26 18:17:34,491 [INFO] federated_learning:   -> Processing Temporal Detector...
2026-09-26 18:17:34,491 [INFO] federated_learning:     -> [93.8%] Step 211/225 | Running Client 1/5 for temporal detector...
2026-09-26 18:17:34,497 [INFO] federated_learning: Loaded 2150 records for client 1
2026-09-26 18:17:34,511 [INFO] feature_engineering: Engineered 792 new features for temporal detection
2026-09-26 18:17:34,511 [INFO] feature_engineering: Calculating centrality features dynamically (Ignoring any dataset pre-computations)...
2026-09-26 18:17:34,515 [INFO] feature_engineering: Calculating Degree Centrality for 95 nodes...
2026-09-26 18:17:34,516 [INFO] feature_engineering: Calculating PageRank...
2026-09-26 18:17:34,521 [INFO] feature_engineering: Calculating K-Core...
2026-09-26 18:17:34,522 [INFO] feature_engineering: Calculating Eigenvector Centrality...
2026-09-26 18:17:34,527 [INFO] feature_engineering: Calculating Approximated Betweenness Centrality (k=50)...
2026-09-26 18:17:34,546 [INFO] feature_engineering: Dynamically calculated 10 centrality features for 2150 rows in 0.03 seconds.
2026-09-26 18:17:34,655 [INFO] community_leiden: Detecting communities using Leiden algorithm...
2026-09-26 18:17:34,662 [INFO] community_leiden: Detected 4 communities using Leiden
2026-09-26 18:17:34,786 [INFO] community_detection: Enhanced 2150 flows with community features
2026-09-26 18:17:35,684 [INFO] federated_learning: Generating embeddings for 95 nodes, 2150 edges
2026-09-26 18:17:35,809 [INFO] federated_learning: Generated 1942 flow embeddings
2026-09-26 18:17:35,810 [INFO] federated_learning:     -> [94.2%] Step 212/225 | Running Client 2/5 for temporal detector...
2026-09-26 18:17:35,816 [INFO] federated_learning: Loaded 2150 records for client 2
2026-09-26 18:17:35,831 [INFO] feature_engineering: Engineered 803 new features for temporal detection
2026-09-26 18:17:35,831 [INFO] feature_engineering: Calculating centrality features dynamically (Ignoring any dataset pre-computations)...
2026-09-26 18:17:35,836 [INFO] feature_engineering: Calculating Degree Centrality for 111 nodes...
2026-09-26 18:17:35,836 [INFO] feature_engineering: Calculating PageRank...
2026-09-26 18:17:35,842 [INFO] feature_engineering: Calculating K-Core...
2026-09-26 18:17:35,843 [INFO] feature_engineering: Calculating Eigenvector Centrality...
2026-09-26 18:17:35,850 [INFO] feature_engineering: Calculating Approximated Betweenness Centrality (k=50)...
2026-09-26 18:17:35,870 [INFO] feature_engineering: Dynamically calculated 10 centrality features for 2150 rows in 0.04 seconds.
2026-09-26 18:17:35,981 [INFO] community_leiden: Detecting communities using Leiden algorithm...
2026-09-26 18:17:35,988 [INFO] community_leiden: Detected 5 communities using Leiden
2026-09-26 18:17:36,117 [INFO] community_detection: Enhanced 2150 flows with community features
2026-09-26 18:17:37,036 [INFO] federated_learning: Generating embeddings for 111 nodes, 2150 edges
2026-09-26 18:17:37,164 [INFO] federated_learning: Generated 1964 flow embeddings
2026-09-26 18:17:37,164 [INFO] federated_learning:     -> [94.7%] Step 213/225 | Running Client 3/5 for temporal detector...
2026-09-26 18:17:37,170 [INFO] federated_learning: Loaded 2150 records for client 3
2026-09-26 18:17:37,184 [INFO] feature_engineering: Engineered 814 new features for temporal detection
2026-09-26 18:17:37,184 [INFO] feature_engineering: Calculating centrality features dynamically (Ignoring any dataset pre-computations)...
2026-09-26 18:17:37,188 [INFO] feature_engineering: Calculating Degree Centrality for 106 nodes...
2026-09-26 18:17:37,188 [INFO] feature_engineering: Calculating PageRank...
2026-09-26 18:17:37,193 [INFO] feature_engineering: Calculating K-Core...
2026-09-26 18:17:37,194 [INFO] feature_engineering: Calculating Eigenvector Centrality...
2026-09-26 18:17:37,200 [INFO] feature_engineering: Calculating Approximated Betweenness Centrality (k=50)...
2026-09-26 18:17:37,220 [INFO] feature_engineering: Dynamically calculated 10 centrality features for 2150 rows in 0.04 seconds.
2026-09-26 18:17:37,329 [INFO] community_leiden: Detecting communities using Leiden algorithm...
2026-09-26 18:17:37,336 [INFO] community_leiden: Detected 6 communities using Leiden
2026-09-26 18:17:37,459 [INFO] community_detection: Enhanced 2150 flows with community features
2026-09-26 18:17:38,359 [INFO] federated_learning: Generating embeddings for 106 nodes, 2150 edges
2026-09-26 18:17:38,485 [INFO] federated_learning: Generated 1927 flow embeddings
2026-09-26 18:17:38,486 [INFO] federated_learning:     -> [95.1%] Step 214/225 | Running Client 4/5 for temporal detector...
2026-09-26 18:17:38,491 [INFO] federated_learning: Loaded 2150 records for client 4
2026-09-26 18:17:38,507 [INFO] feature_engineering: Engineered 825 new features for temporal detection
2026-09-26 18:17:38,507 [INFO] feature_engineering: Calculating centrality features dynamically (Ignoring any dataset pre-computations)...
2026-09-26 18:17:38,511 [INFO] feature_engineering: Calculating Degree Centrality for 105 nodes...
2026-09-26 18:17:38,512 [INFO] feature_engineering: Calculating PageRank...
2026-09-26 18:17:38,517 [INFO] feature_engineering: Calculating K-Core...
2026-09-26 18:17:38,518 [INFO] feature_engineering: Calculating Eigenvector Centrality...
2026-09-26 18:17:38,524 [INFO] feature_engineering: Calculating Approximated Betweenness Centrality (k=50)...
2026-09-26 18:17:38,544 [INFO] feature_engineering: Dynamically calculated 10 centrality features for 2150 rows in 0.04 seconds.
2026-09-26 18:17:38,653 [INFO] community_leiden: Detecting communities using Leiden algorithm...
2026-09-26 18:17:38,661 [INFO] community_leiden: Detected 5 communities using Leiden
2026-09-26 18:17:38,778 [INFO] community_detection: Enhanced 2150 flows with community features
2026-09-26 18:17:39,674 [INFO] federated_learning: Generating embeddings for 105 nodes, 2150 edges
2026-09-26 18:17:39,798 [INFO] federated_learning: Generated 1957 flow embeddings
2026-09-26 18:17:39,799 [INFO] federated_learning:     -> [95.6%] Step 215/225 | Running Client 5/5 for temporal detector...
2026-09-26 18:17:39,806 [INFO] federated_learning: Loaded 2150 records for client 5
2026-09-26 18:17:39,821 [INFO] feature_engineering: Engineered 836 new features for temporal detection
2026-09-26 18:17:39,821 [INFO] feature_engineering: Calculating centrality features dynamically (Ignoring any dataset pre-computations)...
2026-09-26 18:17:39,825 [INFO] feature_engineering: Calculating Degree Centrality for 102 nodes...
2026-09-26 18:17:39,825 [INFO] feature_engineering: Calculating PageRank...
2026-09-26 18:17:39,830 [INFO] feature_engineering: Calculating K-Core...
2026-09-26 18:17:39,831 [INFO] feature_engineering: Calculating Eigenvector Centrality...
2026-09-26 18:17:39,837 [INFO] feature_engineering: Calculating Approximated Betweenness Centrality (k=50)...
2026-09-26 18:17:39,856 [INFO] feature_engineering: Dynamically calculated 10 centrality features for 2150 rows in 0.03 seconds.
2026-09-26 18:17:39,967 [INFO] community_leiden: Detecting communities using Leiden algorithm...
2026-09-26 18:17:39,973 [INFO] community_leiden: Detected 5 communities using Leiden
2026-09-26 18:17:40,089 [INFO] community_detection: Enhanced 2150 flows with community features
2026-09-26 18:17:40,985 [INFO] federated_learning: Generating embeddings for 102 nodes, 2150 edges
2026-09-26 18:17:41,109 [INFO] federated_learning: Generated 1950 flow embeddings
2026-09-26 18:18:10,316 [INFO] federated_learning:   -> Processing Content Detector...
2026-09-26 18:18:10,316 [INFO] federated_learning:     -> [96.0%] Step 216/225 | Running Client 1/5 for content detector...
2026-09-26 18:18:10,321 [INFO] federated_learning: Loaded 2150 records for client 1
2026-09-26 18:18:10,333 [INFO] feature_engineering: Engineered 639 new features for content detection
2026-09-26 18:18:10,333 [INFO] feature_engineering: Calculating centrality features dynamically (Ignoring any dataset pre-computations)...
2026-09-26 18:18:10,337 [INFO] feature_engineering: Calculating Degree Centrality for 95 nodes...
2026-09-26 18:18:10,337 [INFO] feature_engineering: Calculating PageRank...
2026-09-26 18:18:10,341 [INFO] feature_engineering: Calculating K-Core...
2026-09-26 18:18:10,342 [INFO] feature_engineering: Calculating Eigenvector Centrality...
2026-09-26 18:18:10,347 [INFO] feature_engineering: Calculating Approximated Betweenness Centrality (k=50)...
2026-09-26 18:18:10,367 [INFO] feature_engineering: Dynamically calculated 10 centrality features for 2150 rows in 0.03 seconds.
2026-09-26 18:18:10,475 [INFO] community_leiden: Detecting communities using Leiden algorithm...
2026-09-26 18:18:10,482 [INFO] community_leiden: Detected 4 communities using Leiden
2026-09-26 18:18:10,595 [INFO] community_detection: Enhanced 2150 flows with community features
2026-09-26 18:18:11,741 [INFO] federated_learning: Generating embeddings for 95 nodes, 2150 edges
2026-09-26 18:18:11,885 [INFO] federated_learning: Generated 1942 flow embeddings
2026-09-26 18:18:11,885 [INFO] federated_learning:     -> [96.4%] Step 217/225 | Running Client 2/5 for content detector...
2026-09-26 18:18:11,892 [INFO] federated_learning: Loaded 2150 records for client 2
2026-09-26 18:18:11,906 [INFO] feature_engineering: Engineered 648 new features for content detection
2026-09-26 18:18:11,907 [INFO] feature_engineering: Calculating centrality features dynamically (Ignoring any dataset pre-computations)...
2026-09-26 18:18:11,910 [INFO] feature_engineering: Calculating Degree Centrality for 111 nodes...
2026-09-26 18:18:11,910 [INFO] feature_engineering: Calculating PageRank...
2026-09-26 18:18:11,915 [INFO] feature_engineering: Calculating K-Core...
2026-09-26 18:18:11,916 [INFO] feature_engineering: Calculating Eigenvector Centrality...
2026-09-26 18:18:11,922 [INFO] feature_engineering: Calculating Approximated Betweenness Centrality (k=50)...
2026-09-26 18:18:11,942 [INFO] feature_engineering: Dynamically calculated 10 centrality features for 2150 rows in 0.04 seconds.
2026-09-26 18:18:12,049 [INFO] community_leiden: Detecting communities using Leiden algorithm...
2026-09-26 18:18:12,056 [INFO] community_leiden: Detected 5 communities using Leiden
2026-09-26 18:18:12,186 [INFO] community_detection: Enhanced 2150 flows with community features
2026-09-26 18:18:13,363 [INFO] federated_learning: Generating embeddings for 111 nodes, 2150 edges
2026-09-26 18:18:13,511 [INFO] federated_learning: Generated 1964 flow embeddings
2026-09-26 18:18:13,512 [INFO] federated_learning:     -> [96.9%] Step 218/225 | Running Client 3/5 for content detector...
2026-09-26 18:18:13,517 [INFO] federated_learning: Loaded 2150 records for client 3
2026-09-26 18:18:13,529 [INFO] feature_engineering: Engineered 657 new features for content detection
2026-09-26 18:18:13,529 [INFO] feature_engineering: Calculating centrality features dynamically (Ignoring any dataset pre-computations)...
2026-09-26 18:18:13,533 [INFO] feature_engineering: Calculating Degree Centrality for 106 nodes...
2026-09-26 18:18:13,533 [INFO] feature_engineering: Calculating PageRank...
2026-09-26 18:18:13,538 [INFO] feature_engineering: Calculating K-Core...
2026-09-26 18:18:13,539 [INFO] feature_engineering: Calculating Eigenvector Centrality...
2026-09-26 18:18:13,544 [INFO] feature_engineering: Calculating Approximated Betweenness Centrality (k=50)...
2026-09-26 18:18:13,565 [INFO] feature_engineering: Dynamically calculated 10 centrality features for 2150 rows in 0.04 seconds.
2026-09-26 18:18:13,672 [INFO] community_leiden: Detecting communities using Leiden algorithm...
2026-09-26 18:18:13,680 [INFO] community_leiden: Detected 6 communities using Leiden
2026-09-26 18:18:13,803 [INFO] community_detection: Enhanced 2150 flows with community features
2026-09-26 18:18:15,006 [INFO] federated_learning: Generating embeddings for 106 nodes, 2150 edges
2026-09-26 18:18:15,152 [INFO] federated_learning: Generated 1927 flow embeddings
2026-09-26 18:18:15,152 [INFO] federated_learning:     -> [97.3%] Step 219/225 | Running Client 4/5 for content detector...
2026-09-26 18:18:15,158 [INFO] federated_learning: Loaded 2150 records for client 4
2026-09-26 18:18:15,170 [INFO] feature_engineering: Engineered 666 new features for content detection
2026-09-26 18:18:15,170 [INFO] feature_engineering: Calculating centrality features dynamically (Ignoring any dataset pre-computations)...
2026-09-26 18:18:15,173 [INFO] feature_engineering: Calculating Degree Centrality for 105 nodes...
2026-09-26 18:18:15,174 [INFO] feature_engineering: Calculating PageRank...
2026-09-26 18:18:15,179 [INFO] feature_engineering: Calculating K-Core...
2026-09-26 18:18:15,179 [INFO] feature_engineering: Calculating Eigenvector Centrality...
2026-09-26 18:18:15,185 [INFO] feature_engineering: Calculating Approximated Betweenness Centrality (k=50)...
2026-09-26 18:18:15,205 [INFO] feature_engineering: Dynamically calculated 10 centrality features for 2150 rows in 0.04 seconds.
2026-09-26 18:18:15,312 [INFO] community_leiden: Detecting communities using Leiden algorithm...
2026-09-26 18:18:15,319 [INFO] community_leiden: Detected 5 communities using Leiden
2026-09-26 18:18:15,435 [INFO] community_detection: Enhanced 2150 flows with community features
2026-09-26 18:18:16,612 [INFO] federated_learning: Generating embeddings for 105 nodes, 2150 edges
2026-09-26 18:18:16,758 [INFO] federated_learning: Generated 1957 flow embeddings
2026-09-26 18:18:16,759 [INFO] federated_learning:     -> [97.8%] Step 220/225 | Running Client 5/5 for content detector...
2026-09-26 18:18:16,765 [INFO] federated_learning: Loaded 2150 records for client 5
2026-09-26 18:18:16,776 [INFO] feature_engineering: Engineered 675 new features for content detection
2026-09-26 18:18:16,777 [INFO] feature_engineering: Calculating centrality features dynamically (Ignoring any dataset pre-computations)...
2026-09-26 18:18:16,780 [INFO] feature_engineering: Calculating Degree Centrality for 102 nodes...
2026-09-26 18:18:16,780 [INFO] feature_engineering: Calculating PageRank...
2026-09-26 18:18:16,785 [INFO] feature_engineering: Calculating K-Core...
2026-09-26 18:18:16,786 [INFO] feature_engineering: Calculating Eigenvector Centrality...
2026-09-26 18:18:16,791 [INFO] feature_engineering: Calculating Approximated Betweenness Centrality (k=50)...
2026-09-26 18:18:16,811 [INFO] feature_engineering: Dynamically calculated 10 centrality features for 2150 rows in 0.03 seconds.
2026-09-26 18:18:16,919 [INFO] community_leiden: Detecting communities using Leiden algorithm...
2026-09-26 18:18:16,925 [INFO] community_leiden: Detected 5 communities using Leiden
2026-09-26 18:18:17,033 [INFO] community_detection: Enhanced 2150 flows with community features
2026-09-26 18:18:18,196 [INFO] federated_learning: Generating embeddings for 102 nodes, 2150 edges
2026-09-26 18:18:18,342 [INFO] federated_learning: Generated 1950 flow embeddings
2026-09-26 18:18:47,810 [INFO] federated_learning:   -> Processing Behavioral Detector...
2026-09-26 18:18:47,810 [INFO] federated_learning:     -> [98.2%] Step 221/225 | Running Client 1/5 for behavioral detector...
2026-09-26 18:18:47,824 [INFO] federated_learning: Loaded 2150 records for client 1
2026-09-26 18:18:47,856 [INFO] feature_engineering: Engineered 710 new features for behavioral detection
2026-09-26 18:18:47,856 [INFO] feature_engineering: Calculating centrality features dynamically (Ignoring any dataset pre-computations)...
2026-09-26 18:18:47,860 [INFO] feature_engineering: Calculating Degree Centrality for 95 nodes...
2026-09-26 18:18:47,860 [INFO] feature_engineering: Calculating PageRank...
2026-09-26 18:18:47,865 [INFO] feature_engineering: Calculating K-Core...
2026-09-26 18:18:47,866 [INFO] feature_engineering: Calculating Eigenvector Centrality...
2026-09-26 18:18:47,871 [INFO] feature_engineering: Calculating Approximated Betweenness Centrality (k=50)...
2026-09-26 18:18:47,890 [INFO] feature_engineering: Dynamically calculated 10 centrality features for 2150 rows in 0.03 seconds.
2026-09-26 18:18:47,999 [INFO] community_leiden: Detecting communities using Leiden algorithm...
2026-09-26 18:18:48,006 [INFO] community_leiden: Detected 4 communities using Leiden
2026-09-26 18:18:48,112 [INFO] community_detection: Enhanced 2150 flows with community features
2026-09-26 18:18:49,003 [INFO] federated_learning: Generating embeddings for 95 nodes, 2150 edges
2026-09-26 18:18:49,125 [INFO] federated_learning: Generated 1942 flow embeddings
2026-09-26 18:18:49,125 [INFO] federated_learning:     -> [98.7%] Step 222/225 | Running Client 2/5 for behavioral detector...
2026-09-26 18:18:49,131 [INFO] federated_learning: Loaded 2150 records for client 2
2026-09-26 18:18:49,172 [INFO] feature_engineering: Engineered 720 new features for behavioral detection
2026-09-26 18:18:49,172 [INFO] feature_engineering: Calculating centrality features dynamically (Ignoring any dataset pre-computations)...
2026-09-26 18:18:49,175 [INFO] feature_engineering: Calculating Degree Centrality for 111 nodes...
2026-09-26 18:18:49,176 [INFO] feature_engineering: Calculating PageRank...
2026-09-26 18:18:49,181 [INFO] feature_engineering: Calculating K-Core...
2026-09-26 18:18:49,182 [INFO] feature_engineering: Calculating Eigenvector Centrality...
2026-09-26 18:18:49,188 [INFO] feature_engineering: Calculating Approximated Betweenness Centrality (k=50)...
2026-09-26 18:18:49,211 [INFO] feature_engineering: Dynamically calculated 10 centrality features for 2150 rows in 0.04 seconds.
2026-09-26 18:18:49,319 [INFO] community_leiden: Detecting communities using Leiden algorithm...
2026-09-26 18:18:49,326 [INFO] community_leiden: Detected 5 communities using Leiden
2026-09-26 18:18:49,455 [INFO] community_detection: Enhanced 2150 flows with community features
2026-09-26 18:18:50,377 [INFO] federated_learning: Generating embeddings for 111 nodes, 2150 edges
2026-09-26 18:18:50,501 [INFO] federated_learning: Generated 1964 flow embeddings
2026-09-26 18:18:50,502 [INFO] federated_learning:     -> [99.1%] Step 223/225 | Running Client 3/5 for behavioral detector...
2026-09-26 18:18:50,507 [INFO] federated_learning: Loaded 2150 records for client 3
2026-09-26 18:18:50,537 [INFO] feature_engineering: Engineered 730 new features for behavioral detection
2026-09-26 18:18:50,537 [INFO] feature_engineering: Calculating centrality features dynamically (Ignoring any dataset pre-computations)...
2026-09-26 18:18:50,540 [INFO] feature_engineering: Calculating Degree Centrality for 106 nodes...
2026-09-26 18:18:50,541 [INFO] feature_engineering: Calculating PageRank...
2026-09-26 18:18:50,546 [INFO] feature_engineering: Calculating K-Core...
2026-09-26 18:18:50,547 [INFO] feature_engineering: Calculating Eigenvector Centrality...
2026-09-26 18:18:50,552 [INFO] feature_engineering: Calculating Approximated Betweenness Centrality (k=50)...
2026-09-26 18:18:50,572 [INFO] feature_engineering: Dynamically calculated 10 centrality features for 2150 rows in 0.03 seconds.
2026-09-26 18:18:50,680 [INFO] community_leiden: Detecting communities using Leiden algorithm...
2026-09-26 18:18:50,687 [INFO] community_leiden: Detected 6 communities using Leiden
2026-09-26 18:18:50,805 [INFO] community_detection: Enhanced 2150 flows with community features
2026-09-26 18:18:51,720 [INFO] federated_learning: Generating embeddings for 106 nodes, 2150 edges
2026-09-26 18:18:51,842 [INFO] federated_learning: Generated 1927 flow embeddings
2026-09-26 18:18:51,842 [INFO] federated_learning:     -> [99.6%] Step 224/225 | Running Client 4/5 for behavioral detector...
2026-09-26 18:18:51,849 [INFO] federated_learning: Loaded 2150 records for client 4
2026-09-26 18:18:51,879 [INFO] feature_engineering: Engineered 740 new features for behavioral detection
2026-09-26 18:18:51,879 [INFO] feature_engineering: Calculating centrality features dynamically (Ignoring any dataset pre-computations)...
2026-09-26 18:18:51,882 [INFO] feature_engineering: Calculating Degree Centrality for 105 nodes...
2026-09-26 18:18:51,883 [INFO] feature_engineering: Calculating PageRank...
2026-09-26 18:18:51,888 [INFO] feature_engineering: Calculating K-Core...
2026-09-26 18:18:51,888 [INFO] feature_engineering: Calculating Eigenvector Centrality...
2026-09-26 18:18:51,894 [INFO] feature_engineering: Calculating Approximated Betweenness Centrality (k=50)...
2026-09-26 18:18:51,914 [INFO] feature_engineering: Dynamically calculated 10 centrality features for 2150 rows in 0.03 seconds.
2026-09-26 18:18:52,022 [INFO] community_leiden: Detecting communities using Leiden algorithm...
2026-09-26 18:18:52,029 [INFO] community_leiden: Detected 5 communities using Leiden
2026-09-26 18:18:52,145 [INFO] community_detection: Enhanced 2150 flows with community features
2026-09-26 18:18:53,046 [INFO] federated_learning: Generating embeddings for 105 nodes, 2150 edges
2026-09-26 18:18:53,171 [INFO] federated_learning: Generated 1957 flow embeddings
2026-09-26 18:18:53,172 [INFO] federated_learning:     -> [100.0%] Step 225/225 | Running Client 5/5 for behavioral detector...
2026-09-26 18:18:53,178 [INFO] federated_learning: Loaded 2150 records for client 5
2026-09-26 18:18:53,211 [INFO] feature_engineering: Engineered 750 new features for behavioral detection
2026-09-26 18:18:53,211 [INFO] feature_engineering: Calculating centrality features dynamically (Ignoring any dataset pre-computations)...
2026-09-26 18:18:53,214 [INFO] feature_engineering: Calculating Degree Centrality for 102 nodes...
2026-09-26 18:18:53,215 [INFO] feature_engineering: Calculating PageRank...
2026-09-26 18:18:53,220 [INFO] feature_engineering: Calculating K-Core...
2026-09-26 18:18:53,220 [INFO] feature_engineering: Calculating Eigenvector Centrality...
2026-09-26 18:18:53,226 [INFO] feature_engineering: Calculating Approximated Betweenness Centrality (k=50)...
2026-09-26 18:18:53,246 [INFO] feature_engineering: Dynamically calculated 10 centrality features for 2150 rows in 0.03 seconds.
2026-09-26 18:18:53,354 [INFO] community_leiden: Detecting communities using Leiden algorithm...
2026-09-26 18:18:53,362 [INFO] community_leiden: Detected 5 communities using Leiden
2026-09-26 18:18:53,471 [INFO] community_detection: Enhanced 2150 flows with community features
2026-09-26 18:18:54,365 [INFO] federated_learning: Generating embeddings for 102 nodes, 2150 edges
2026-09-26 18:18:54,490 [INFO] federated_learning: Generated 1950 flow embeddings
2026-09-26 18:19:23,896 [INFO] utils: Round 15 metrics logged
2026-09-26 18:19:23,896 [INFO] federated_learning: Round 15 completed in 109.41s, loss: 0.1978
2026-09-26 18:19:23,897 [INFO] federated_learning: Federated training completed
2026-09-26 18:19:23,897 [INFO] __main__: Saving trained models to disk...
2026-09-26 18:19:23,904 [INFO] __main__: Saved temporal model to results_nftoniot/temporal_model.pt
2026-09-26 18:19:23,912 [INFO] __main__: Saved content model to results_nftoniot/content_model.pt
2026-09-26 18:19:23,917 [INFO] __main__: Saved behavioral model to results_nftoniot/behavioral_model.pt
2026-09-26 18:19:23,918 [INFO] __main__: Evaluating trained federated system
2026-09-26 18:19:23,934 [INFO] feature_engineering: Engineered 847 new features for temporal detection
2026-09-26 18:19:23,935 [INFO] feature_engineering: Calculating centrality features dynamically (Ignoring any dataset pre-computations)...
2026-09-26 18:19:23,938 [INFO] feature_engineering: Calculating Degree Centrality for 74 nodes...
2026-09-26 18:19:23,938 [INFO] feature_engineering: Calculating PageRank...
2026-09-26 18:19:23,943 [INFO] feature_engineering: Calculating K-Core...
2026-09-26 18:19:23,944 [INFO] feature_engineering: Calculating Eigenvector Centrality...
2026-09-26 18:19:23,948 [INFO] feature_engineering: Calculating Approximated Betweenness Centrality (k=50)...
2026-09-26 18:19:23,964 [INFO] feature_engineering: Dynamically calculated 10 centrality features for 1344 rows in 0.03 seconds.
2026-09-26 18:19:24,031 [INFO] community_leiden: Detecting communities using Leiden algorithm...
2026-09-26 18:19:24,036 [INFO] community_leiden: Detected 5 communities using Leiden
2026-09-26 18:19:24,095 [INFO] community_detection: Enhanced 1344 flows with community features
2026-09-26 18:19:24,831 [INFO] ensemble_evaluator: ============================================================
2026-09-26 18:19:24,832 [INFO] ensemble_evaluator: Starting Random Forest Ensemble Evaluation
2026-09-26 18:19:24,832 [INFO] ensemble_evaluator: ============================================================
2026-09-26 18:19:24,832 [INFO] ensemble_evaluator: [STEP 1/5] Loading and processing val.csv: data_nftoniot/temporal_detector/val.csv
2026-09-26 18:19:24,851 [INFO] feature_engineering: Engineered 858 new features for temporal detection
2026-09-26 18:19:24,851 [INFO] feature_engineering: Calculating centrality features dynamically (Ignoring any dataset pre-computations)...
2026-09-26 18:19:24,855 [INFO] feature_engineering: Calculating Degree Centrality for 77 nodes...
2026-09-26 18:19:24,856 [INFO] feature_engineering: Calculating PageRank...
2026-09-26 18:19:24,861 [INFO] feature_engineering: Calculating K-Core...
2026-09-26 18:19:24,861 [INFO] feature_engineering: Calculating Eigenvector Centrality...
2026-09-26 18:19:24,865 [INFO] feature_engineering: Calculating Approximated Betweenness Centrality (k=50)...
2026-09-26 18:19:24,882 [INFO] feature_engineering: Dynamically calculated 10 centrality features for 1343 rows in 0.03 seconds.
2026-09-26 18:19:24,965 [INFO] community_leiden: Detecting communities using Leiden algorithm...
2026-09-26 18:19:24,972 [INFO] community_leiden: Detected 5 communities using Leiden
2026-09-26 18:19:25,043 [INFO] community_detection: Enhanced 1343 flows with community features
2026-09-26 18:19:25,255 [INFO] ensemble_evaluator: [STEP 2/5] Running all 3 GATs on validation data to build RF training set
2026-09-26 18:19:25,326 [INFO] ensemble_evaluator: [STEP 3/5] Loading and processing test.csv: data_nftoniot/temporal_detector/test.csv
2026-09-26 18:19:25,344 [INFO] feature_engineering: Engineered 869 new features for temporal detection
2026-09-26 18:19:25,344 [INFO] feature_engineering: Calculating centrality features dynamically (Ignoring any dataset pre-computations)...
2026-09-26 18:19:25,346 [INFO] feature_engineering: Calculating Degree Centrality for 74 nodes...
2026-09-26 18:19:25,347 [INFO] feature_engineering: Calculating PageRank...
2026-09-26 18:19:25,352 [INFO] feature_engineering: Calculating K-Core...
2026-09-26 18:19:25,352 [INFO] feature_engineering: Calculating Eigenvector Centrality...
2026-09-26 18:19:25,356 [INFO] feature_engineering: Calculating Approximated Betweenness Centrality (k=50)...
2026-09-26 18:19:25,373 [INFO] feature_engineering: Dynamically calculated 10 centrality features for 1344 rows in 0.03 seconds.
2026-09-26 18:19:25,442 [INFO] community_leiden: Detecting communities using Leiden algorithm...
2026-09-26 18:19:25,447 [INFO] community_leiden: Detected 4 communities using Leiden
2026-09-26 18:19:25,511 [INFO] community_detection: Enhanced 1344 flows with community features
2026-09-26 18:19:25,726 [INFO] ensemble_evaluator: [STEP 4/5] Running all 3 GATs on test data to build RF evaluation set
2026-09-26 18:19:25,806 [INFO] ensemble_evaluator: [STEP 5/5] Evaluating individual GATs and training + evaluating the Random Forest
2026-09-26 18:19:25,807 [INFO] ensemble_evaluator: --- Individual GAT Performance (on test set) ---
2026-09-26 18:19:25,814 [INFO] ensemble_evaluator: Temporal GAT — Balanced Acc: 0.4728 | Acc: 0.4152 | Macro F1: 0.3135
2026-09-26 18:19:26,686 [INFO] utils: Confusion matrix saved to results_nftoniot/temporal_confusion_matrix.png
2026-09-26 18:19:26,688 [INFO] ensemble_evaluator: Temporal confusion matrix saved: PNG + CSV
2026-09-26 18:19:26,692 [INFO] ensemble_evaluator: Content GAT — Balanced Acc: 0.5901 | Acc: 0.5327 | Macro F1: 0.5396
2026-09-26 18:19:27,485 [INFO] utils: Confusion matrix saved to results_nftoniot/content_confusion_matrix.png
2026-09-26 18:19:27,487 [INFO] ensemble_evaluator: Content confusion matrix saved: PNG + CSV
2026-09-26 18:19:27,491 [INFO] ensemble_evaluator: Behavioral GAT — Balanced Acc: 0.5564 | Acc: 0.5030 | Macro F1: 0.4803
2026-09-26 18:19:28,276 [INFO] utils: Confusion matrix saved to results_nftoniot/behavioral_confusion_matrix.png
2026-09-26 18:19:28,278 [INFO] ensemble_evaluator: Behavioral confusion matrix saved: PNG + CSV
2026-09-26 18:19:28,278 [INFO] ensemble_evaluator: --- Training Random Forest on 1343 validation meta-features ---
2026-09-26 18:19:28,591 [INFO] ensemble_evaluator: --- Evaluating Random Forest on 1344 test meta-features ---
2026-09-26 18:19:28,613 [INFO] ensemble_evaluator: Ensemble (RF) Result — Balanced Acc: 0.4840 | Acc: 0.4338 | Macro F1: 0.4481
2026-09-26 18:19:29,391 [INFO] utils: Confusion matrix saved to results_nftoniot/confusion_matrix.png
2026-09-26 18:19:29,392 [INFO] ensemble_evaluator: Ensemble confusion matrix saved: PNG + CSV
2026-09-26 18:19:29,431 [INFO] ensemble_evaluator: Random Forest model saved to results_nftoniot/rf_model.joblib
2026-09-26 18:19:29,436 [INFO] utils: Round 15 metrics logged
2026-09-26 18:19:29,437 [INFO] utils: Results saved to results_nftoniot/result.json
2026-09-26 18:19:30,681 [INFO] __main__: Creating visualization plots
2026-09-26 18:19:31,434 [INFO] utils: Training progress plot saved to results_nftoniot/training_progress.png
2026-09-26 18:19:31,434 [INFO] __main__: Experiment completed successfully!
