2026-09-26 18:19:49,775 [INFO] utils: Random seeds set to 42
2026-09-26 18:19:49,776 [INFO] __main__: Using device: cpu
2026-09-26 18:19:49,776 [INFO] __main__: Experiment arguments: {'data_dir': 'data_nftoniot_fhf', 'input_file': None, 'dataset': 'cic_ton_iot', 'num_clients': 5, 'num_rounds': 15, 'detector_types': ['temporal', 'content', 'behavioral'], 'device': 'auto', 'output_dir': 'results_nftoniot_fhf', 'seed': 42, 'log_level': 'INFO', 'demo_mode': False, 'preprocess': False, 'community': 'leiden', 'pure_fedavg': False}
2026-09-26 18:19:49,776 [INFO] __main__: === DEMONSTRATING COMMUNITY ABSTRACTION ===
2026-09-26 18:19:49,776 [INFO] __main__: Demonstrating community detection on temporal detector data
2026-09-26 18:19:49,879 [INFO] community_leiden: Detecting communities using Leiden algorithm...
2026-09-26 18:19:49,884 [INFO] community_leiden: Detected 5 communities using Leiden
2026-09-26 18:19:49,951 [INFO] community_detection: Enhanced 1000 flows with community features
2026-09-26 18:19:49,951 [INFO] __main__: Found 5 communities in sample data
2026-09-26 18:19:49,952 [INFO] __main__: Community sizes: {0: np.int64(29), 1: np.int64(17), 3: np.int64(15), 2: np.int64(15), 4: np.int64(3)}
2026-09-26 18:19:49,952 [INFO] __main__: === COMMUNITY ABSTRACTION DEMONSTRATION COMPLETE ===
2026-09-26 18:19:49,953 [INFO] __main__: Starting FedGATSage federated learning experiment
2026-09-26 18:19:49,953 [INFO] utils: Experiment tracker initialized: fedgatsage_cic_ton_iot_5clients_15rounds
2026-09-26 18:19:49,953 [INFO] utils: Experiment 'fedgatsage_cic_ton_iot_5clients_15rounds' started
2026-09-26 18:19:49,967 [INFO] utils: Dataset info loaded: 3 detector types found
2026-09-26 18:19:49,967 [INFO] __main__: Dataset info: {'detector_types': ['temporal', 'content', 'behavioral'], 'client_counts': {'temporal': 5, 'content': 5, 'behavioral': 5}, 'attack_distributions': {'temporal': {'xss': 162, 'backdoor': 157, 'Benign': 157, 'injection': 149, 'mitm': 146, 'ddos': 143, 'password': 140, 'scanning': 137, 'dos': 32, 'ransomware': 16}, 'content': {'xss': 162, 'backdoor': 157, 'Benign': 157, 'injection': 149, 'mitm': 146, 'ddos': 143, 'password': 140, 'scanning': 137, 'dos': 32, 'ransomware': 16}, 'behavioral': {'xss': 162, 'backdoor': 157, 'Benign': 157, 'injection': 149, 'mitm': 146, 'ddos': 143, 'password': 140, 'scanning': 137, 'dos': 32, 'ransomware': 16}}}
2026-09-26 18:19:54,158 [INFO] __main__: Logged 11 preprocessing parameters to Comet ML from data_nftoniot_fhf/preprocess_config.json
2026-09-26 18:19:54,159 [INFO] federated_learning: Initialized FedGATSage with 3 detector types
2026-09-26 18:19:54,164 [INFO] federated_learning: Loaded 1982 records for client 1
2026-09-26 18:19:54,164 [INFO] federated_learning: Loaded pre-computed global label mapper with 10 classes from data_nftoniot_fhf/label_mapper.json
2026-09-26 18:19:54,179 [INFO] feature_engineering: Engineered 11 new features for temporal detection
2026-09-26 18:19:54,180 [INFO] feature_engineering: Calculating centrality features dynamically (Ignoring any dataset pre-computations)...
2026-09-26 18:19:54,183 [INFO] feature_engineering: Calculating Degree Centrality for 115 nodes...
2026-09-26 18:19:54,184 [INFO] feature_engineering: Calculating PageRank...
2026-09-26 18:19:54,190 [INFO] feature_engineering: Calculating K-Core...
2026-09-26 18:19:54,191 [INFO] feature_engineering: Calculating Eigenvector Centrality...
2026-09-26 18:19:54,200 [INFO] feature_engineering: Calculating Approximated Betweenness Centrality (k=50)...
2026-09-26 18:19:54,221 [INFO] feature_engineering: Dynamically calculated 10 centrality features for 1982 rows in 0.04 seconds.
2026-09-26 18:19:54,324 [INFO] community_leiden: Detecting communities using Leiden algorithm...
2026-09-26 18:19:54,331 [INFO] community_leiden: Detected 5 communities using Leiden
2026-09-26 18:19:54,463 [INFO] community_detection: Enhanced 1982 flows with community features
2026-09-26 18:19:54,811 [INFO] __main__: Model configuration: input_dim=12, num_classes=10
2026-09-26 18:19:55,165 [INFO] federated_learning: Loaded 1982 records for client 1
2026-09-26 18:19:55,166 [INFO] federated_learning: Loaded pre-computed global label mapper with 10 classes from data_nftoniot_fhf/label_mapper.json
2026-09-26 18:19:55,180 [INFO] feature_engineering: Engineered 11 new features for temporal detection
2026-09-26 18:19:55,180 [INFO] feature_engineering: Calculating centrality features dynamically (Ignoring any dataset pre-computations)...
2026-09-26 18:19:55,183 [INFO] feature_engineering: Calculating Degree Centrality for 115 nodes...
2026-09-26 18:19:55,184 [INFO] feature_engineering: Calculating PageRank...
2026-09-26 18:19:55,189 [INFO] feature_engineering: Calculating K-Core...
2026-09-26 18:19:55,189 [INFO] feature_engineering: Calculating Eigenvector Centrality...
2026-09-26 18:19:55,197 [INFO] feature_engineering: Calculating Approximated Betweenness Centrality (k=50)...
2026-09-26 18:19:55,218 [INFO] feature_engineering: Dynamically calculated 10 centrality features for 1982 rows in 0.04 seconds.
2026-09-26 18:19:55,317 [INFO] community_leiden: Detecting communities using Leiden algorithm...
2026-09-26 18:19:55,324 [INFO] community_leiden: Detected 5 communities using Leiden
2026-09-26 18:19:55,454 [INFO] community_detection: Enhanced 1982 flows with community features
2026-09-26 18:19:55,775 [INFO] federated_learning: Generating embeddings for 115 nodes, 1982 edges
2026-09-26 18:19:55,889 [INFO] federated_learning: Generated 1657 flow embeddings
2026-09-26 18:19:55,969 [INFO] federated_learning: Initialized global models with flow embedding dim: 1024
2026-09-26 18:19:55,969 [INFO] federated_learning: Starting federated training for 15 rounds
2026-09-26 18:19:55,969 [INFO] federated_learning: Starting round 1/15 (Total System Steps: 225)
2026-09-26 18:19:55,969 [INFO] federated_learning:   -> Processing Temporal Detector...
2026-09-26 18:19:55,970 [INFO] federated_learning:     -> [0.4%] Step 1/225 | Running Client 1/5 for temporal detector...
2026-09-26 18:19:55,974 [INFO] federated_learning: Loaded 1982 records for client 1
2026-09-26 18:19:55,989 [INFO] feature_engineering: Engineered 22 new features for temporal detection
2026-09-26 18:19:55,990 [INFO] feature_engineering: Calculating centrality features dynamically (Ignoring any dataset pre-computations)...
2026-09-26 18:19:55,993 [INFO] feature_engineering: Calculating Degree Centrality for 115 nodes...
2026-09-26 18:19:55,993 [INFO] feature_engineering: Calculating PageRank...
2026-09-26 18:19:55,998 [INFO] feature_engineering: Calculating K-Core...
2026-09-26 18:19:55,999 [INFO] feature_engineering: Calculating Eigenvector Centrality...
2026-09-26 18:19:56,007 [INFO] feature_engineering: Calculating Approximated Betweenness Centrality (k=50)...
2026-09-26 18:19:56,029 [INFO] feature_engineering: Dynamically calculated 10 centrality features for 1982 rows in 0.04 seconds.
2026-09-26 18:19:56,127 [INFO] community_leiden: Detecting communities using Leiden algorithm...
2026-09-26 18:19:56,134 [INFO] community_leiden: Detected 5 communities using Leiden
2026-09-26 18:19:56,264 [INFO] community_detection: Enhanced 1982 flows with community features
2026-09-26 18:19:57,106 [INFO] federated_learning: Generating embeddings for 115 nodes, 1982 edges
2026-09-26 18:19:57,220 [INFO] federated_learning: Generated 1657 flow embeddings
2026-09-26 18:19:57,221 [INFO] federated_learning:     -> [0.9%] Step 2/225 | Running Client 2/5 for temporal detector...
2026-09-26 18:19:57,232 [INFO] federated_learning: Loaded 1982 records for client 2
2026-09-26 18:19:57,246 [INFO] feature_engineering: Engineered 33 new features for temporal detection
2026-09-26 18:19:57,246 [INFO] feature_engineering: Calculating centrality features dynamically (Ignoring any dataset pre-computations)...
2026-09-26 18:19:57,249 [INFO] feature_engineering: Calculating Degree Centrality for 106 nodes...
2026-09-26 18:19:57,250 [INFO] feature_engineering: Calculating PageRank...
2026-09-26 18:19:57,257 [INFO] feature_engineering: Calculating K-Core...
2026-09-26 18:19:57,259 [INFO] feature_engineering: Calculating Eigenvector Centrality...
2026-09-26 18:19:57,265 [INFO] feature_engineering: Calculating Approximated Betweenness Centrality (k=50)...
2026-09-26 18:19:57,289 [INFO] feature_engineering: Dynamically calculated 10 centrality features for 1982 rows in 0.04 seconds.
2026-09-26 18:19:57,396 [INFO] community_leiden: Detecting communities using Leiden algorithm...
2026-09-26 18:19:57,403 [INFO] community_leiden: Detected 3 communities using Leiden
2026-09-26 18:19:57,520 [INFO] community_detection: Enhanced 1982 flows with community features
2026-09-26 18:19:58,319 [INFO] federated_learning: Generating embeddings for 106 nodes, 1982 edges
2026-09-26 18:19:58,429 [INFO] federated_learning: Generated 1656 flow embeddings
2026-09-26 18:19:58,429 [INFO] federated_learning:     -> [1.3%] Step 3/225 | Running Client 3/5 for temporal detector...
2026-09-26 18:19:58,435 [INFO] federated_learning: Loaded 1982 records for client 3
2026-09-26 18:19:58,451 [INFO] feature_engineering: Engineered 44 new features for temporal detection
2026-09-26 18:19:58,452 [INFO] feature_engineering: Calculating centrality features dynamically (Ignoring any dataset pre-computations)...
2026-09-26 18:19:58,455 [INFO] feature_engineering: Calculating Degree Centrality for 94 nodes...
2026-09-26 18:19:58,456 [INFO] feature_engineering: Calculating PageRank...
2026-09-26 18:19:58,460 [INFO] feature_engineering: Calculating K-Core...
2026-09-26 18:19:58,461 [INFO] feature_engineering: Calculating Eigenvector Centrality...
2026-09-26 18:19:58,465 [INFO] feature_engineering: Calculating Approximated Betweenness Centrality (k=50)...
2026-09-26 18:19:58,485 [INFO] feature_engineering: Dynamically calculated 10 centrality features for 1982 rows in 0.03 seconds.
2026-09-26 18:19:58,589 [INFO] community_leiden: Detecting communities using Leiden algorithm...
2026-09-26 18:19:58,595 [INFO] community_leiden: Detected 5 communities using Leiden
2026-09-26 18:19:58,687 [INFO] community_detection: Enhanced 1982 flows with community features
2026-09-26 18:19:59,487 [INFO] federated_learning: Generating embeddings for 94 nodes, 1982 edges
2026-09-26 18:19:59,597 [INFO] federated_learning: Generated 1662 flow embeddings
2026-09-26 18:19:59,598 [INFO] federated_learning:     -> [1.8%] Step 4/225 | Running Client 4/5 for temporal detector...
2026-09-26 18:19:59,603 [INFO] federated_learning: Loaded 1981 records for client 4
2026-09-26 18:19:59,625 [INFO] feature_engineering: Engineered 55 new features for temporal detection
2026-09-26 18:19:59,625 [INFO] feature_engineering: Calculating centrality features dynamically (Ignoring any dataset pre-computations)...
2026-09-26 18:19:59,628 [INFO] feature_engineering: Calculating Degree Centrality for 116 nodes...
2026-09-26 18:19:59,629 [INFO] feature_engineering: Calculating PageRank...
2026-09-26 18:19:59,634 [INFO] feature_engineering: Calculating K-Core...
2026-09-26 18:19:59,634 [INFO] feature_engineering: Calculating Eigenvector Centrality...
2026-09-26 18:19:59,641 [INFO] feature_engineering: Calculating Approximated Betweenness Centrality (k=50)...
2026-09-26 18:19:59,664 [INFO] feature_engineering: Dynamically calculated 10 centrality features for 1981 rows in 0.04 seconds.
2026-09-26 18:19:59,767 [INFO] community_leiden: Detecting communities using Leiden algorithm...
2026-09-26 18:19:59,774 [INFO] community_leiden: Detected 4 communities using Leiden
2026-09-26 18:19:59,907 [INFO] community_detection: Enhanced 1981 flows with community features
2026-09-26 18:20:00,762 [INFO] federated_learning: Generating embeddings for 116 nodes, 1981 edges
2026-09-26 18:20:00,867 [INFO] federated_learning: Generated 1643 flow embeddings
2026-09-26 18:20:00,867 [INFO] federated_learning:     -> [2.2%] Step 5/225 | Running Client 5/5 for temporal detector...
2026-09-26 18:20:00,873 [INFO] federated_learning: Loaded 1981 records for client 5
2026-09-26 18:20:00,890 [INFO] feature_engineering: Engineered 66 new features for temporal detection
2026-09-26 18:20:00,890 [INFO] feature_engineering: Calculating centrality features dynamically (Ignoring any dataset pre-computations)...
2026-09-26 18:20:00,893 [INFO] feature_engineering: Calculating Degree Centrality for 106 nodes...
2026-09-26 18:20:00,894 [INFO] feature_engineering: Calculating PageRank...
2026-09-26 18:20:00,898 [INFO] feature_engineering: Calculating K-Core...
2026-09-26 18:20:00,899 [INFO] feature_engineering: Calculating Eigenvector Centrality...
2026-09-26 18:20:00,905 [INFO] feature_engineering: Calculating Approximated Betweenness Centrality (k=50)...
2026-09-26 18:20:00,924 [INFO] feature_engineering: Dynamically calculated 10 centrality features for 1981 rows in 0.03 seconds.
2026-09-26 18:20:01,024 [INFO] community_leiden: Detecting communities using Leiden algorithm...
2026-09-26 18:20:01,031 [INFO] community_leiden: Detected 3 communities using Leiden
2026-09-26 18:20:01,140 [INFO] community_detection: Enhanced 1981 flows with community features
2026-09-26 18:20:01,953 [INFO] federated_learning: Generating embeddings for 106 nodes, 1981 edges
2026-09-26 18:20:02,060 [INFO] federated_learning: Generated 1635 flow embeddings
2026-09-26 18:20:26,684 [INFO] federated_learning:   -> Processing Content Detector...
2026-09-26 18:20:26,684 [INFO] federated_learning:     -> [2.7%] Step 6/225 | Running Client 1/5 for content detector...
2026-09-26 18:20:26,689 [INFO] federated_learning: Loaded 1982 records for client 1
2026-09-26 18:20:26,690 [INFO] federated_learning: Loaded pre-computed global label mapper with 10 classes from data_nftoniot_fhf/label_mapper.json
2026-09-26 18:20:26,703 [INFO] feature_engineering: Engineered 9 new features for content detection
2026-09-26 18:20:26,707 [INFO] feature_engineering: Calculating centrality features dynamically (Ignoring any dataset pre-computations)...
2026-09-26 18:20:26,710 [INFO] feature_engineering: Calculating Degree Centrality for 115 nodes...
2026-09-26 18:20:26,711 [INFO] feature_engineering: Calculating PageRank...
2026-09-26 18:20:26,716 [INFO] feature_engineering: Calculating K-Core...
2026-09-26 18:20:26,716 [INFO] feature_engineering: Calculating Eigenvector Centrality...
2026-09-26 18:20:26,725 [INFO] feature_engineering: Calculating Approximated Betweenness Centrality (k=50)...
2026-09-26 18:20:26,745 [INFO] feature_engineering: Dynamically calculated 10 centrality features for 1982 rows in 0.04 seconds.
2026-09-26 18:20:26,845 [INFO] community_leiden: Detecting communities using Leiden algorithm...
2026-09-26 18:20:26,851 [INFO] community_leiden: Detected 5 communities using Leiden
2026-09-26 18:20:26,995 [INFO] community_detection: Enhanced 1982 flows with community features
2026-09-26 18:20:28,076 [INFO] federated_learning: Generating embeddings for 115 nodes, 1982 edges
2026-09-26 18:20:28,203 [INFO] federated_learning: Generated 1657 flow embeddings
2026-09-26 18:20:28,204 [INFO] federated_learning:     -> [3.1%] Step 7/225 | Running Client 2/5 for content detector...
2026-09-26 18:20:28,210 [INFO] federated_learning: Loaded 1982 records for client 2
2026-09-26 18:20:28,223 [INFO] feature_engineering: Engineered 18 new features for content detection
2026-09-26 18:20:28,223 [INFO] feature_engineering: Calculating centrality features dynamically (Ignoring any dataset pre-computations)...
2026-09-26 18:20:28,227 [INFO] feature_engineering: Calculating Degree Centrality for 106 nodes...
2026-09-26 18:20:28,227 [INFO] feature_engineering: Calculating PageRank...
2026-09-26 18:20:28,232 [INFO] feature_engineering: Calculating K-Core...
2026-09-26 18:20:28,232 [INFO] feature_engineering: Calculating Eigenvector Centrality...
2026-09-26 18:20:28,238 [INFO] feature_engineering: Calculating Approximated Betweenness Centrality (k=50)...
2026-09-26 18:20:28,258 [INFO] feature_engineering: Dynamically calculated 10 centrality features for 1982 rows in 0.03 seconds.
2026-09-26 18:20:28,359 [INFO] community_leiden: Detecting communities using Leiden algorithm...
2026-09-26 18:20:28,366 [INFO] community_leiden: Detected 3 communities using Leiden
2026-09-26 18:20:28,478 [INFO] community_detection: Enhanced 1982 flows with community features
2026-09-26 18:20:29,531 [INFO] federated_learning: Generating embeddings for 106 nodes, 1982 edges
2026-09-26 18:20:29,658 [INFO] federated_learning: Generated 1656 flow embeddings
2026-09-26 18:20:29,658 [INFO] federated_learning:     -> [3.6%] Step 8/225 | Running Client 3/5 for content detector...
2026-09-26 18:20:29,664 [INFO] federated_learning: Loaded 1982 records for client 3
2026-09-26 18:20:29,676 [INFO] feature_engineering: Engineered 27 new features for content detection
2026-09-26 18:20:29,676 [INFO] feature_engineering: Calculating centrality features dynamically (Ignoring any dataset pre-computations)...
2026-09-26 18:20:29,679 [INFO] feature_engineering: Calculating Degree Centrality for 94 nodes...
2026-09-26 18:20:29,680 [INFO] feature_engineering: Calculating PageRank...
2026-09-26 18:20:29,684 [INFO] feature_engineering: Calculating K-Core...
2026-09-26 18:20:29,685 [INFO] feature_engineering: Calculating Eigenvector Centrality...
2026-09-26 18:20:29,689 [INFO] feature_engineering: Calculating Approximated Betweenness Centrality (k=50)...
2026-09-26 18:20:29,708 [INFO] feature_engineering: Dynamically calculated 10 centrality features for 1982 rows in 0.03 seconds.
2026-09-26 18:20:29,809 [INFO] community_leiden: Detecting communities using Leiden algorithm...
2026-09-26 18:20:29,817 [INFO] community_leiden: Detected 5 communities using Leiden
2026-09-26 18:20:29,908 [INFO] community_detection: Enhanced 1982 flows with community features
2026-09-26 18:20:30,932 [INFO] federated_learning: Generating embeddings for 94 nodes, 1982 edges
2026-09-26 18:20:31,059 [INFO] federated_learning: Generated 1662 flow embeddings
2026-09-26 18:20:31,059 [INFO] federated_learning:     -> [4.0%] Step 9/225 | Running Client 4/5 for content detector...
2026-09-26 18:20:31,065 [INFO] federated_learning: Loaded 1981 records for client 4
2026-09-26 18:20:31,078 [INFO] feature_engineering: Engineered 36 new features for content detection
2026-09-26 18:20:31,079 [INFO] feature_engineering: Calculating centrality features dynamically (Ignoring any dataset pre-computations)...
2026-09-26 18:20:31,082 [INFO] feature_engineering: Calculating Degree Centrality for 116 nodes...
2026-09-26 18:20:31,083 [INFO] feature_engineering: Calculating PageRank...
2026-09-26 18:20:31,089 [INFO] feature_engineering: Calculating K-Core...
2026-09-26 18:20:31,090 [INFO] feature_engineering: Calculating Eigenvector Centrality...
2026-09-26 18:20:31,097 [INFO] feature_engineering: Calculating Approximated Betweenness Centrality (k=50)...
2026-09-26 18:20:31,119 [INFO] feature_engineering: Dynamically calculated 10 centrality features for 1981 rows in 0.04 seconds.
2026-09-26 18:20:31,219 [INFO] community_leiden: Detecting communities using Leiden algorithm...
2026-09-26 18:20:31,227 [INFO] community_leiden: Detected 4 communities using Leiden
2026-09-26 18:20:31,358 [INFO] community_detection: Enhanced 1981 flows with community features
2026-09-26 18:20:32,448 [INFO] federated_learning: Generating embeddings for 116 nodes, 1981 edges
2026-09-26 18:20:32,576 [INFO] federated_learning: Generated 1643 flow embeddings
2026-09-26 18:20:32,576 [INFO] federated_learning:     -> [4.4%] Step 10/225 | Running Client 5/5 for content detector...
2026-09-26 18:20:32,581 [INFO] federated_learning: Loaded 1981 records for client 5
2026-09-26 18:20:32,593 [INFO] feature_engineering: Engineered 45 new features for content detection
2026-09-26 18:20:32,594 [INFO] feature_engineering: Calculating centrality features dynamically (Ignoring any dataset pre-computations)...
2026-09-26 18:20:32,597 [INFO] feature_engineering: Calculating Degree Centrality for 106 nodes...
2026-09-26 18:20:32,598 [INFO] feature_engineering: Calculating PageRank...
2026-09-26 18:20:32,603 [INFO] feature_engineering: Calculating K-Core...
2026-09-26 18:20:32,604 [INFO] feature_engineering: Calculating Eigenvector Centrality...
2026-09-26 18:20:32,609 [INFO] feature_engineering: Calculating Approximated Betweenness Centrality (k=50)...
2026-09-26 18:20:32,633 [INFO] feature_engineering: Dynamically calculated 10 centrality features for 1981 rows in 0.04 seconds.
2026-09-26 18:20:32,734 [INFO] community_leiden: Detecting communities using Leiden algorithm...
2026-09-26 18:20:32,741 [INFO] community_leiden: Detected 3 communities using Leiden
2026-09-26 18:20:32,853 [INFO] community_detection: Enhanced 1981 flows with community features
2026-09-26 18:20:33,907 [INFO] federated_learning: Generating embeddings for 106 nodes, 1981 edges
2026-09-26 18:20:34,032 [INFO] federated_learning: Generated 1635 flow embeddings
2026-09-26 18:20:58,727 [INFO] federated_learning:   -> Processing Behavioral Detector...
2026-09-26 18:20:58,728 [INFO] federated_learning:     -> [4.9%] Step 11/225 | Running Client 1/5 for behavioral detector...
2026-09-26 18:20:58,740 [INFO] federated_learning: Loaded 1982 records for client 1
2026-09-26 18:20:58,741 [INFO] federated_learning: Loaded pre-computed global label mapper with 10 classes from data_nftoniot_fhf/label_mapper.json
2026-09-26 18:20:58,773 [INFO] feature_engineering: Engineered 10 new features for behavioral detection
2026-09-26 18:20:58,773 [INFO] feature_engineering: Calculating centrality features dynamically (Ignoring any dataset pre-computations)...
2026-09-26 18:20:58,777 [INFO] feature_engineering: Calculating Degree Centrality for 115 nodes...
2026-09-26 18:20:58,777 [INFO] feature_engineering: Calculating PageRank...
2026-09-26 18:20:58,782 [INFO] feature_engineering: Calculating K-Core...
2026-09-26 18:20:58,782 [INFO] feature_engineering: Calculating Eigenvector Centrality...
2026-09-26 18:20:58,791 [INFO] feature_engineering: Calculating Approximated Betweenness Centrality (k=50)...
2026-09-26 18:20:58,811 [INFO] feature_engineering: Dynamically calculated 10 centrality features for 1982 rows in 0.04 seconds.
2026-09-26 18:20:58,911 [INFO] community_leiden: Detecting communities using Leiden algorithm...
2026-09-26 18:20:58,918 [INFO] community_leiden: Detected 5 communities using Leiden
2026-09-26 18:20:59,062 [INFO] community_detection: Enhanced 1982 flows with community features
2026-09-26 18:20:59,934 [INFO] federated_learning: Generating embeddings for 115 nodes, 1982 edges
2026-09-26 18:21:00,039 [INFO] federated_learning: Generated 1657 flow embeddings
2026-09-26 18:21:00,039 [INFO] federated_learning:     -> [5.3%] Step 12/225 | Running Client 2/5 for behavioral detector...
2026-09-26 18:21:00,044 [INFO] federated_learning: Loaded 1982 records for client 2
2026-09-26 18:21:00,085 [INFO] feature_engineering: Engineered 20 new features for behavioral detection
2026-09-26 18:21:00,085 [INFO] feature_engineering: Calculating centrality features dynamically (Ignoring any dataset pre-computations)...
2026-09-26 18:21:00,090 [INFO] feature_engineering: Calculating Degree Centrality for 106 nodes...
2026-09-26 18:21:00,091 [INFO] feature_engineering: Calculating PageRank...
2026-09-26 18:21:00,096 [INFO] feature_engineering: Calculating K-Core...
2026-09-26 18:21:00,096 [INFO] feature_engineering: Calculating Eigenvector Centrality...
2026-09-26 18:21:00,104 [INFO] feature_engineering: Calculating Approximated Betweenness Centrality (k=50)...
2026-09-26 18:21:00,125 [INFO] feature_engineering: Dynamically calculated 10 centrality features for 1982 rows in 0.04 seconds.
2026-09-26 18:21:00,225 [INFO] community_leiden: Detecting communities using Leiden algorithm...
2026-09-26 18:21:00,232 [INFO] community_leiden: Detected 3 communities using Leiden
2026-09-26 18:21:00,345 [INFO] community_detection: Enhanced 1982 flows with community features
2026-09-26 18:21:01,178 [INFO] federated_learning: Generating embeddings for 106 nodes, 1982 edges
2026-09-26 18:21:01,282 [INFO] federated_learning: Generated 1656 flow embeddings
2026-09-26 18:21:01,282 [INFO] federated_learning:     -> [5.8%] Step 13/225 | Running Client 3/5 for behavioral detector...
2026-09-26 18:21:01,288 [INFO] federated_learning: Loaded 1982 records for client 3
2026-09-26 18:21:01,326 [INFO] feature_engineering: Engineered 30 new features for behavioral detection
2026-09-26 18:21:01,326 [INFO] feature_engineering: Calculating centrality features dynamically (Ignoring any dataset pre-computations)...
2026-09-26 18:21:01,329 [INFO] feature_engineering: Calculating Degree Centrality for 94 nodes...
2026-09-26 18:21:01,330 [INFO] feature_engineering: Calculating PageRank...
2026-09-26 18:21:01,334 [INFO] feature_engineering: Calculating K-Core...
2026-09-26 18:21:01,335 [INFO] feature_engineering: Calculating Eigenvector Centrality...
2026-09-26 18:21:01,339 [INFO] feature_engineering: Calculating Approximated Betweenness Centrality (k=50)...
2026-09-26 18:21:01,358 [INFO] feature_engineering: Dynamically calculated 10 centrality features for 1982 rows in 0.03 seconds.
2026-09-26 18:21:01,459 [INFO] community_leiden: Detecting communities using Leiden algorithm...
2026-09-26 18:21:01,465 [INFO] community_leiden: Detected 5 communities using Leiden
2026-09-26 18:21:01,555 [INFO] community_detection: Enhanced 1982 flows with community features
2026-09-26 18:21:02,356 [INFO] federated_learning: Generating embeddings for 94 nodes, 1982 edges
2026-09-26 18:21:02,461 [INFO] federated_learning: Generated 1662 flow embeddings
2026-09-26 18:21:02,462 [INFO] federated_learning:     -> [6.2%] Step 14/225 | Running Client 4/5 for behavioral detector...
2026-09-26 18:21:02,468 [INFO] federated_learning: Loaded 1981 records for client 4
2026-09-26 18:21:02,516 [INFO] feature_engineering: Engineered 40 new features for behavioral detection
2026-09-26 18:21:02,517 [INFO] feature_engineering: Calculating centrality features dynamically (Ignoring any dataset pre-computations)...
2026-09-26 18:21:02,520 [INFO] feature_engineering: Calculating Degree Centrality for 116 nodes...
2026-09-26 18:21:02,521 [INFO] feature_engineering: Calculating PageRank...
2026-09-26 18:21:02,526 [INFO] feature_engineering: Calculating K-Core...
2026-09-26 18:21:02,527 [INFO] feature_engineering: Calculating Eigenvector Centrality...
2026-09-26 18:21:02,533 [INFO] feature_engineering: Calculating Approximated Betweenness Centrality (k=50)...
2026-09-26 18:21:02,554 [INFO] feature_engineering: Dynamically calculated 10 centrality features for 1981 rows in 0.04 seconds.
2026-09-26 18:21:02,658 [INFO] community_leiden: Detecting communities using Leiden algorithm...
2026-09-26 18:21:02,665 [INFO] community_leiden: Detected 4 communities using Leiden
2026-09-26 18:21:02,798 [INFO] community_detection: Enhanced 1981 flows with community features
2026-09-26 18:21:03,644 [INFO] federated_learning: Generating embeddings for 116 nodes, 1981 edges
2026-09-26 18:21:03,748 [INFO] federated_learning: Generated 1643 flow embeddings
2026-09-26 18:21:03,748 [INFO] federated_learning:     -> [6.7%] Step 15/225 | Running Client 5/5 for behavioral detector...
2026-09-26 18:21:03,753 [INFO] federated_learning: Loaded 1981 records for client 5
2026-09-26 18:21:03,799 [INFO] feature_engineering: Engineered 50 new features for behavioral detection
2026-09-26 18:21:03,799 [INFO] feature_engineering: Calculating centrality features dynamically (Ignoring any dataset pre-computations)...
2026-09-26 18:21:03,803 [INFO] feature_engineering: Calculating Degree Centrality for 106 nodes...
2026-09-26 18:21:03,803 [INFO] feature_engineering: Calculating PageRank...
2026-09-26 18:21:03,808 [INFO] feature_engineering: Calculating K-Core...
2026-09-26 18:21:03,809 [INFO] feature_engineering: Calculating Eigenvector Centrality...
2026-09-26 18:21:03,814 [INFO] feature_engineering: Calculating Approximated Betweenness Centrality (k=50)...
2026-09-26 18:21:03,834 [INFO] feature_engineering: Dynamically calculated 10 centrality features for 1981 rows in 0.03 seconds.
2026-09-26 18:21:03,936 [INFO] community_leiden: Detecting communities using Leiden algorithm...
2026-09-26 18:21:03,942 [INFO] community_leiden: Detected 3 communities using Leiden
2026-09-26 18:21:04,053 [INFO] community_detection: Enhanced 1981 flows with community features
2026-09-26 18:21:04,891 [INFO] federated_learning: Generating embeddings for 106 nodes, 1981 edges
2026-09-26 18:21:05,038 [INFO] federated_learning: Generated 1635 flow embeddings
2026-09-26 18:21:29,638 [INFO] utils: Round 1 metrics logged
2026-09-26 18:21:29,639 [INFO] federated_learning: Round 1 completed in 93.67s, loss: 0.7817
2026-09-26 18:21:29,639 [INFO] federated_learning: Starting round 2/15 (Total System Steps: 225)
2026-09-26 18:21:29,639 [INFO] federated_learning:   -> Processing Temporal Detector...
2026-09-26 18:21:29,640 [INFO] federated_learning:     -> [7.1%] Step 16/225 | Running Client 1/5 for temporal detector...
2026-09-26 18:21:29,645 [INFO] federated_learning: Loaded 1982 records for client 1
2026-09-26 18:21:29,661 [INFO] feature_engineering: Engineered 77 new features for temporal detection
2026-09-26 18:21:29,662 [INFO] feature_engineering: Calculating centrality features dynamically (Ignoring any dataset pre-computations)...
2026-09-26 18:21:29,666 [INFO] feature_engineering: Calculating Degree Centrality for 115 nodes...
2026-09-26 18:21:29,667 [INFO] feature_engineering: Calculating PageRank...
2026-09-26 18:21:29,672 [INFO] feature_engineering: Calculating K-Core...
2026-09-26 18:21:29,673 [INFO] feature_engineering: Calculating Eigenvector Centrality...
2026-09-26 18:21:29,682 [INFO] feature_engineering: Calculating Approximated Betweenness Centrality (k=50)...
2026-09-26 18:21:29,703 [INFO] feature_engineering: Dynamically calculated 10 centrality features for 1982 rows in 0.04 seconds.
2026-09-26 18:21:29,803 [INFO] community_leiden: Detecting communities using Leiden algorithm...
2026-09-26 18:21:29,812 [INFO] community_leiden: Detected 5 communities using Leiden
2026-09-26 18:21:29,950 [INFO] community_detection: Enhanced 1982 flows with community features
2026-09-26 18:21:30,827 [INFO] federated_learning: Generating embeddings for 115 nodes, 1982 edges
2026-09-26 18:21:30,931 [INFO] federated_learning: Generated 1657 flow embeddings
2026-09-26 18:21:30,932 [INFO] federated_learning:     -> [7.6%] Step 17/225 | Running Client 2/5 for temporal detector...
2026-09-26 18:21:30,938 [INFO] federated_learning: Loaded 1982 records for client 2
2026-09-26 18:21:30,955 [INFO] feature_engineering: Engineered 88 new features for temporal detection
2026-09-26 18:21:30,956 [INFO] feature_engineering: Calculating centrality features dynamically (Ignoring any dataset pre-computations)...
2026-09-26 18:21:30,959 [INFO] feature_engineering: Calculating Degree Centrality for 106 nodes...
2026-09-26 18:21:30,959 [INFO] feature_engineering: Calculating PageRank...
2026-09-26 18:21:30,964 [INFO] feature_engineering: Calculating K-Core...
2026-09-26 18:21:30,965 [INFO] feature_engineering: Calculating Eigenvector Centrality...
2026-09-26 18:21:30,971 [INFO] feature_engineering: Calculating Approximated Betweenness Centrality (k=50)...
2026-09-26 18:21:30,992 [INFO] feature_engineering: Dynamically calculated 10 centrality features for 1982 rows in 0.04 seconds.
2026-09-26 18:21:31,093 [INFO] community_leiden: Detecting communities using Leiden algorithm...
2026-09-26 18:21:31,100 [INFO] community_leiden: Detected 3 communities using Leiden
2026-09-26 18:21:31,213 [INFO] community_detection: Enhanced 1982 flows with community features
2026-09-26 18:21:32,032 [INFO] federated_learning: Generating embeddings for 106 nodes, 1982 edges
2026-09-26 18:21:32,137 [INFO] federated_learning: Generated 1656 flow embeddings
2026-09-26 18:21:32,138 [INFO] federated_learning:     -> [8.0%] Step 18/225 | Running Client 3/5 for temporal detector...
2026-09-26 18:21:32,143 [INFO] federated_learning: Loaded 1982 records for client 3
2026-09-26 18:21:32,165 [INFO] feature_engineering: Engineered 99 new features for temporal detection
2026-09-26 18:21:32,166 [INFO] feature_engineering: Calculating centrality features dynamically (Ignoring any dataset pre-computations)...
2026-09-26 18:21:32,169 [INFO] feature_engineering: Calculating Degree Centrality for 94 nodes...
2026-09-26 18:21:32,169 [INFO] feature_engineering: Calculating PageRank...
2026-09-26 18:21:32,174 [INFO] feature_engineering: Calculating K-Core...
2026-09-26 18:21:32,174 [INFO] feature_engineering: Calculating Eigenvector Centrality...
2026-09-26 18:21:32,179 [INFO] feature_engineering: Calculating Approximated Betweenness Centrality (k=50)...
2026-09-26 18:21:32,201 [INFO] feature_engineering: Dynamically calculated 10 centrality features for 1982 rows in 0.03 seconds.
2026-09-26 18:21:32,305 [INFO] community_leiden: Detecting communities using Leiden algorithm...
2026-09-26 18:21:32,312 [INFO] community_leiden: Detected 5 communities using Leiden
2026-09-26 18:21:32,403 [INFO] community_detection: Enhanced 1982 flows with community features
2026-09-26 18:21:33,195 [INFO] federated_learning: Generating embeddings for 94 nodes, 1982 edges
2026-09-26 18:21:33,299 [INFO] federated_learning: Generated 1662 flow embeddings
2026-09-26 18:21:33,300 [INFO] federated_learning:     -> [8.4%] Step 19/225 | Running Client 4/5 for temporal detector...
2026-09-26 18:21:33,306 [INFO] federated_learning: Loaded 1981 records for client 4
2026-09-26 18:21:33,324 [INFO] feature_engineering: Engineered 110 new features for temporal detection
2026-09-26 18:21:33,324 [INFO] feature_engineering: Calculating centrality features dynamically (Ignoring any dataset pre-computations)...
2026-09-26 18:21:33,328 [INFO] feature_engineering: Calculating Degree Centrality for 116 nodes...
2026-09-26 18:21:33,328 [INFO] feature_engineering: Calculating PageRank...
2026-09-26 18:21:33,333 [INFO] feature_engineering: Calculating K-Core...
2026-09-26 18:21:33,334 [INFO] feature_engineering: Calculating Eigenvector Centrality...
2026-09-26 18:21:33,340 [INFO] feature_engineering: Calculating Approximated Betweenness Centrality (k=50)...
2026-09-26 18:21:33,360 [INFO] feature_engineering: Dynamically calculated 10 centrality features for 1981 rows in 0.04 seconds.
2026-09-26 18:21:33,464 [INFO] community_leiden: Detecting communities using Leiden algorithm...
2026-09-26 18:21:33,471 [INFO] community_leiden: Detected 4 communities using Leiden
2026-09-26 18:21:33,601 [INFO] community_detection: Enhanced 1981 flows with community features
2026-09-26 18:21:34,437 [INFO] federated_learning: Generating embeddings for 116 nodes, 1981 edges
2026-09-26 18:21:34,542 [INFO] federated_learning: Generated 1643 flow embeddings
2026-09-26 18:21:34,543 [INFO] federated_learning:     -> [8.9%] Step 20/225 | Running Client 5/5 for temporal detector...
2026-09-26 18:21:34,549 [INFO] federated_learning: Loaded 1981 records for client 5
2026-09-26 18:21:34,571 [INFO] feature_engineering: Engineered 121 new features for temporal detection
2026-09-26 18:21:34,572 [INFO] feature_engineering: Calculating centrality features dynamically (Ignoring any dataset pre-computations)...
2026-09-26 18:21:34,575 [INFO] feature_engineering: Calculating Degree Centrality for 106 nodes...
2026-09-26 18:21:34,575 [INFO] feature_engineering: Calculating PageRank...
2026-09-26 18:21:34,580 [INFO] feature_engineering: Calculating K-Core...
2026-09-26 18:21:34,581 [INFO] feature_engineering: Calculating Eigenvector Centrality...
2026-09-26 18:21:34,587 [INFO] feature_engineering: Calculating Approximated Betweenness Centrality (k=50)...
2026-09-26 18:21:34,610 [INFO] feature_engineering: Dynamically calculated 10 centrality features for 1981 rows in 0.04 seconds.
2026-09-26 18:21:34,718 [INFO] community_leiden: Detecting communities using Leiden algorithm...
2026-09-26 18:21:34,724 [INFO] community_leiden: Detected 3 communities using Leiden
2026-09-26 18:21:34,846 [INFO] community_detection: Enhanced 1981 flows with community features
2026-09-26 18:21:35,701 [INFO] federated_learning: Generating embeddings for 106 nodes, 1981 edges
2026-09-26 18:21:35,808 [INFO] federated_learning: Generated 1635 flow embeddings
2026-09-26 18:22:00,243 [INFO] federated_learning:   -> Processing Content Detector...
2026-09-26 18:22:00,243 [INFO] federated_learning:     -> [9.3%] Step 21/225 | Running Client 1/5 for content detector...
2026-09-26 18:22:00,253 [INFO] federated_learning: Loaded 1982 records for client 1
2026-09-26 18:22:00,265 [INFO] feature_engineering: Engineered 54 new features for content detection
2026-09-26 18:22:00,265 [INFO] feature_engineering: Calculating centrality features dynamically (Ignoring any dataset pre-computations)...
2026-09-26 18:22:00,268 [INFO] feature_engineering: Calculating Degree Centrality for 115 nodes...
2026-09-26 18:22:00,269 [INFO] feature_engineering: Calculating PageRank...
2026-09-26 18:22:00,274 [INFO] feature_engineering: Calculating K-Core...
2026-09-26 18:22:00,274 [INFO] feature_engineering: Calculating Eigenvector Centrality...
2026-09-26 18:22:00,282 [INFO] feature_engineering: Calculating Approximated Betweenness Centrality (k=50)...
2026-09-26 18:22:00,304 [INFO] feature_engineering: Dynamically calculated 10 centrality features for 1982 rows in 0.04 seconds.
2026-09-26 18:22:00,402 [INFO] community_leiden: Detecting communities using Leiden algorithm...
2026-09-26 18:22:00,410 [INFO] community_leiden: Detected 5 communities using Leiden
2026-09-26 18:22:00,550 [INFO] community_detection: Enhanced 1982 flows with community features
2026-09-26 18:22:01,650 [INFO] federated_learning: Generating embeddings for 115 nodes, 1982 edges
2026-09-26 18:22:01,786 [INFO] federated_learning: Generated 1657 flow embeddings
2026-09-26 18:22:01,787 [INFO] federated_learning:     -> [9.8%] Step 22/225 | Running Client 2/5 for content detector...
2026-09-26 18:22:01,792 [INFO] federated_learning: Loaded 1982 records for client 2
2026-09-26 18:22:01,804 [INFO] feature_engineering: Engineered 63 new features for content detection
2026-09-26 18:22:01,805 [INFO] feature_engineering: Calculating centrality features dynamically (Ignoring any dataset pre-computations)...
2026-09-26 18:22:01,808 [INFO] feature_engineering: Calculating Degree Centrality for 106 nodes...
2026-09-26 18:22:01,808 [INFO] feature_engineering: Calculating PageRank...
2026-09-26 18:22:01,813 [INFO] feature_engineering: Calculating K-Core...
2026-09-26 18:22:01,814 [INFO] feature_engineering: Calculating Eigenvector Centrality...
2026-09-26 18:22:01,820 [INFO] feature_engineering: Calculating Approximated Betweenness Centrality (k=50)...
2026-09-26 18:22:01,840 [INFO] feature_engineering: Dynamically calculated 10 centrality features for 1982 rows in 0.04 seconds.
2026-09-26 18:22:01,943 [INFO] community_leiden: Detecting communities using Leiden algorithm...
2026-09-26 18:22:01,949 [INFO] community_leiden: Detected 3 communities using Leiden
2026-09-26 18:22:02,058 [INFO] community_detection: Enhanced 1982 flows with community features
2026-09-26 18:22:03,129 [INFO] federated_learning: Generating embeddings for 106 nodes, 1982 edges
2026-09-26 18:22:03,255 [INFO] federated_learning: Generated 1656 flow embeddings
2026-09-26 18:22:03,256 [INFO] federated_learning:     -> [10.2%] Step 23/225 | Running Client 3/5 for content detector...
2026-09-26 18:22:03,261 [INFO] federated_learning: Loaded 1982 records for client 3
2026-09-26 18:22:03,273 [INFO] feature_engineering: Engineered 72 new features for content detection
2026-09-26 18:22:03,273 [INFO] feature_engineering: Calculating centrality features dynamically (Ignoring any dataset pre-computations)...
2026-09-26 18:22:03,276 [INFO] feature_engineering: Calculating Degree Centrality for 94 nodes...
2026-09-26 18:22:03,277 [INFO] feature_engineering: Calculating PageRank...
2026-09-26 18:22:03,281 [INFO] feature_engineering: Calculating K-Core...
2026-09-26 18:22:03,282 [INFO] feature_engineering: Calculating Eigenvector Centrality...
2026-09-26 18:22:03,286 [INFO] feature_engineering: Calculating Approximated Betweenness Centrality (k=50)...
2026-09-26 18:22:03,305 [INFO] feature_engineering: Dynamically calculated 10 centrality features for 1982 rows in 0.03 seconds.
2026-09-26 18:22:03,405 [INFO] community_leiden: Detecting communities using Leiden algorithm...
2026-09-26 18:22:03,412 [INFO] community_leiden: Detected 5 communities using Leiden
2026-09-26 18:22:03,504 [INFO] community_detection: Enhanced 1982 flows with community features
2026-09-26 18:22:04,538 [INFO] federated_learning: Generating embeddings for 94 nodes, 1982 edges
2026-09-26 18:22:04,663 [INFO] federated_learning: Generated 1662 flow embeddings
2026-09-26 18:22:04,664 [INFO] federated_learning:     -> [10.7%] Step 24/225 | Running Client 4/5 for content detector...
2026-09-26 18:22:04,670 [INFO] federated_learning: Loaded 1981 records for client 4
2026-09-26 18:22:04,684 [INFO] feature_engineering: Engineered 81 new features for content detection
2026-09-26 18:22:04,684 [INFO] feature_engineering: Calculating centrality features dynamically (Ignoring any dataset pre-computations)...
2026-09-26 18:22:04,687 [INFO] feature_engineering: Calculating Degree Centrality for 116 nodes...
2026-09-26 18:22:04,687 [INFO] feature_engineering: Calculating PageRank...
2026-09-26 18:22:04,693 [INFO] feature_engineering: Calculating K-Core...
2026-09-26 18:22:04,694 [INFO] feature_engineering: Calculating Eigenvector Centrality...
2026-09-26 18:22:04,700 [INFO] feature_engineering: Calculating Approximated Betweenness Centrality (k=50)...
2026-09-26 18:22:04,720 [INFO] feature_engineering: Dynamically calculated 10 centrality features for 1981 rows in 0.04 seconds.
2026-09-26 18:22:04,828 [INFO] community_leiden: Detecting communities using Leiden algorithm...
2026-09-26 18:22:04,835 [INFO] community_leiden: Detected 4 communities using Leiden
2026-09-26 18:22:04,998 [INFO] community_detection: Enhanced 1981 flows with community features
2026-09-26 18:22:06,080 [INFO] federated_learning: Generating embeddings for 116 nodes, 1981 edges
2026-09-26 18:22:06,207 [INFO] federated_learning: Generated 1643 flow embeddings
2026-09-26 18:22:06,207 [INFO] federated_learning:     -> [11.1%] Step 25/225 | Running Client 5/5 for content detector...
2026-09-26 18:22:06,213 [INFO] federated_learning: Loaded 1981 records for client 5
2026-09-26 18:22:06,225 [INFO] feature_engineering: Engineered 90 new features for content detection
2026-09-26 18:22:06,226 [INFO] feature_engineering: Calculating centrality features dynamically (Ignoring any dataset pre-computations)...
2026-09-26 18:22:06,229 [INFO] feature_engineering: Calculating Degree Centrality for 106 nodes...
2026-09-26 18:22:06,229 [INFO] feature_engineering: Calculating PageRank...
2026-09-26 18:22:06,234 [INFO] feature_engineering: Calculating K-Core...
2026-09-26 18:22:06,235 [INFO] feature_engineering: Calculating Eigenvector Centrality...
2026-09-26 18:22:06,241 [INFO] feature_engineering: Calculating Approximated Betweenness Centrality (k=50)...
2026-09-26 18:22:06,265 [INFO] feature_engineering: Dynamically calculated 10 centrality features for 1981 rows in 0.04 seconds.
2026-09-26 18:22:06,366 [INFO] community_leiden: Detecting communities using Leiden algorithm...
2026-09-26 18:22:06,373 [INFO] community_leiden: Detected 3 communities using Leiden
2026-09-26 18:22:06,487 [INFO] community_detection: Enhanced 1981 flows with community features
2026-09-26 18:22:07,551 [INFO] federated_learning: Generating embeddings for 106 nodes, 1981 edges
2026-09-26 18:22:07,685 [INFO] federated_learning: Generated 1635 flow embeddings
2026-09-26 18:22:31,981 [INFO] federated_learning:   -> Processing Behavioral Detector...
2026-09-26 18:22:31,981 [INFO] federated_learning:     -> [11.6%] Step 26/225 | Running Client 1/5 for behavioral detector...
2026-09-26 18:22:31,990 [INFO] federated_learning: Loaded 1982 records for client 1
2026-09-26 18:22:32,024 [INFO] feature_engineering: Engineered 60 new features for behavioral detection
2026-09-26 18:22:32,024 [INFO] feature_engineering: Calculating centrality features dynamically (Ignoring any dataset pre-computations)...
2026-09-26 18:22:32,028 [INFO] feature_engineering: Calculating Degree Centrality for 115 nodes...
2026-09-26 18:22:32,028 [INFO] feature_engineering: Calculating PageRank...
2026-09-26 18:22:32,033 [INFO] feature_engineering: Calculating K-Core...
2026-09-26 18:22:32,034 [INFO] feature_engineering: Calculating Eigenvector Centrality...
2026-09-26 18:22:32,042 [INFO] feature_engineering: Calculating Approximated Betweenness Centrality (k=50)...
2026-09-26 18:22:32,065 [INFO] feature_engineering: Dynamically calculated 10 centrality features for 1982 rows in 0.04 seconds.
2026-09-26 18:22:32,173 [INFO] community_leiden: Detecting communities using Leiden algorithm...
2026-09-26 18:22:32,180 [INFO] community_leiden: Detected 5 communities using Leiden
2026-09-26 18:22:32,328 [INFO] community_detection: Enhanced 1982 flows with community features
2026-09-26 18:22:33,204 [INFO] federated_learning: Generating embeddings for 115 nodes, 1982 edges
2026-09-26 18:22:33,308 [INFO] federated_learning: Generated 1657 flow embeddings
2026-09-26 18:22:33,309 [INFO] federated_learning:     -> [12.0%] Step 27/225 | Running Client 2/5 for behavioral detector...
2026-09-26 18:22:33,314 [INFO] federated_learning: Loaded 1982 records for client 2
2026-09-26 18:22:33,354 [INFO] feature_engineering: Engineered 70 new features for behavioral detection
2026-09-26 18:22:33,355 [INFO] feature_engineering: Calculating centrality features dynamically (Ignoring any dataset pre-computations)...
2026-09-26 18:22:33,358 [INFO] feature_engineering: Calculating Degree Centrality for 106 nodes...
2026-09-26 18:22:33,358 [INFO] feature_engineering: Calculating PageRank...
2026-09-26 18:22:33,363 [INFO] feature_engineering: Calculating K-Core...
2026-09-26 18:22:33,363 [INFO] feature_engineering: Calculating Eigenvector Centrality...
2026-09-26 18:22:33,369 [INFO] feature_engineering: Calculating Approximated Betweenness Centrality (k=50)...
2026-09-26 18:22:33,389 [INFO] feature_engineering: Dynamically calculated 10 centrality features for 1982 rows in 0.03 seconds.
2026-09-26 18:22:33,492 [INFO] community_leiden: Detecting communities using Leiden algorithm...
2026-09-26 18:22:33,499 [INFO] community_leiden: Detected 3 communities using Leiden
2026-09-26 18:22:33,611 [INFO] community_detection: Enhanced 1982 flows with community features
2026-09-26 18:22:34,437 [INFO] federated_learning: Generating embeddings for 106 nodes, 1982 edges
2026-09-26 18:22:34,542 [INFO] federated_learning: Generated 1656 flow embeddings
2026-09-26 18:22:34,543 [INFO] federated_learning:     -> [12.4%] Step 28/225 | Running Client 3/5 for behavioral detector...
2026-09-26 18:22:34,549 [INFO] federated_learning: Loaded 1982 records for client 3
2026-09-26 18:22:34,589 [INFO] feature_engineering: Engineered 80 new features for behavioral detection
2026-09-26 18:22:34,589 [INFO] feature_engineering: Calculating centrality features dynamically (Ignoring any dataset pre-computations)...
2026-09-26 18:22:34,593 [INFO] feature_engineering: Calculating Degree Centrality for 94 nodes...
2026-09-26 18:22:34,593 [INFO] feature_engineering: Calculating PageRank...
2026-09-26 18:22:34,598 [INFO] feature_engineering: Calculating K-Core...
2026-09-26 18:22:34,599 [INFO] feature_engineering: Calculating Eigenvector Centrality...
2026-09-26 18:22:34,604 [INFO] feature_engineering: Calculating Approximated Betweenness Centrality (k=50)...
2026-09-26 18:22:34,626 [INFO] feature_engineering: Dynamically calculated 10 centrality features for 1982 rows in 0.04 seconds.
2026-09-26 18:22:34,731 [INFO] community_leiden: Detecting communities using Leiden algorithm...
2026-09-26 18:22:34,737 [INFO] community_leiden: Detected 5 communities using Leiden
2026-09-26 18:22:34,829 [INFO] community_detection: Enhanced 1982 flows with community features
2026-09-26 18:22:35,662 [INFO] federated_learning: Generating embeddings for 94 nodes, 1982 edges
2026-09-26 18:22:35,764 [INFO] federated_learning: Generated 1662 flow embeddings
2026-09-26 18:22:35,765 [INFO] federated_learning:     -> [12.9%] Step 29/225 | Running Client 4/5 for behavioral detector...
2026-09-26 18:22:35,770 [INFO] federated_learning: Loaded 1981 records for client 4
2026-09-26 18:22:35,815 [INFO] feature_engineering: Engineered 90 new features for behavioral detection
2026-09-26 18:22:35,815 [INFO] feature_engineering: Calculating centrality features dynamically (Ignoring any dataset pre-computations)...
2026-09-26 18:22:35,819 [INFO] feature_engineering: Calculating Degree Centrality for 116 nodes...
2026-09-26 18:22:35,819 [INFO] feature_engineering: Calculating PageRank...
2026-09-26 18:22:35,824 [INFO] feature_engineering: Calculating K-Core...
2026-09-26 18:22:35,825 [INFO] feature_engineering: Calculating Eigenvector Centrality...
2026-09-26 18:22:35,830 [INFO] feature_engineering: Calculating Approximated Betweenness Centrality (k=50)...
2026-09-26 18:22:35,852 [INFO] feature_engineering: Dynamically calculated 10 centrality features for 1981 rows in 0.04 seconds.
2026-09-26 18:22:35,956 [INFO] community_leiden: Detecting communities using Leiden algorithm...
2026-09-26 18:22:35,964 [INFO] community_leiden: Detected 4 communities using Leiden
2026-09-26 18:22:36,096 [INFO] community_detection: Enhanced 1981 flows with community features
2026-09-26 18:22:36,953 [INFO] federated_learning: Generating embeddings for 116 nodes, 1981 edges
2026-09-26 18:22:37,059 [INFO] federated_learning: Generated 1643 flow embeddings
2026-09-26 18:22:37,060 [INFO] federated_learning:     -> [13.3%] Step 30/225 | Running Client 5/5 for behavioral detector...
2026-09-26 18:22:37,065 [INFO] federated_learning: Loaded 1981 records for client 5
2026-09-26 18:22:37,113 [INFO] feature_engineering: Engineered 100 new features for behavioral detection
2026-09-26 18:22:37,113 [INFO] feature_engineering: Calculating centrality features dynamically (Ignoring any dataset pre-computations)...
2026-09-26 18:22:37,117 [INFO] feature_engineering: Calculating Degree Centrality for 106 nodes...
2026-09-26 18:22:37,117 [INFO] feature_engineering: Calculating PageRank...
2026-09-26 18:22:37,122 [INFO] feature_engineering: Calculating K-Core...
2026-09-26 18:22:37,122 [INFO] feature_engineering: Calculating Eigenvector Centrality...
2026-09-26 18:22:37,128 [INFO] feature_engineering: Calculating Approximated Betweenness Centrality (k=50)...
2026-09-26 18:22:37,152 [INFO] feature_engineering: Dynamically calculated 10 centrality features for 1981 rows in 0.04 seconds.
2026-09-26 18:22:37,256 [INFO] community_leiden: Detecting communities using Leiden algorithm...
2026-09-26 18:22:37,263 [INFO] community_leiden: Detected 3 communities using Leiden
2026-09-26 18:22:37,373 [INFO] community_detection: Enhanced 1981 flows with community features
2026-09-26 18:22:38,229 [INFO] federated_learning: Generating embeddings for 106 nodes, 1981 edges
2026-09-26 18:22:38,330 [INFO] federated_learning: Generated 1635 flow embeddings
2026-09-26 18:23:02,900 [INFO] utils: Round 2 metrics logged
2026-09-26 18:23:02,900 [INFO] federated_learning: Round 2 completed in 93.26s, loss: 0.7184
2026-09-26 18:23:02,901 [INFO] federated_learning: Starting round 3/15 (Total System Steps: 225)
2026-09-26 18:23:02,901 [INFO] federated_learning:   -> Processing Temporal Detector...
2026-09-26 18:23:02,901 [INFO] federated_learning:     -> [13.8%] Step 31/225 | Running Client 1/5 for temporal detector...
2026-09-26 18:23:02,906 [INFO] federated_learning: Loaded 1982 records for client 1
2026-09-26 18:23:02,920 [INFO] feature_engineering: Engineered 132 new features for temporal detection
2026-09-26 18:23:02,921 [INFO] feature_engineering: Calculating centrality features dynamically (Ignoring any dataset pre-computations)...
2026-09-26 18:23:02,924 [INFO] feature_engineering: Calculating Degree Centrality for 115 nodes...
2026-09-26 18:23:02,925 [INFO] feature_engineering: Calculating PageRank...
2026-09-26 18:23:02,930 [INFO] feature_engineering: Calculating K-Core...
2026-09-26 18:23:02,930 [INFO] feature_engineering: Calculating Eigenvector Centrality...
2026-09-26 18:23:02,938 [INFO] feature_engineering: Calculating Approximated Betweenness Centrality (k=50)...
2026-09-26 18:23:02,959 [INFO] feature_engineering: Dynamically calculated 10 centrality features for 1982 rows in 0.04 seconds.
2026-09-26 18:23:03,059 [INFO] community_leiden: Detecting communities using Leiden algorithm...
2026-09-26 18:23:03,067 [INFO] community_leiden: Detected 5 communities using Leiden
2026-09-26 18:23:03,201 [INFO] community_detection: Enhanced 1982 flows with community features
2026-09-26 18:23:04,089 [INFO] federated_learning: Generating embeddings for 115 nodes, 1982 edges
2026-09-26 18:23:04,196 [INFO] federated_learning: Generated 1657 flow embeddings
2026-09-26 18:23:04,196 [INFO] federated_learning:     -> [14.2%] Step 32/225 | Running Client 2/5 for temporal detector...
2026-09-26 18:23:04,202 [INFO] federated_learning: Loaded 1982 records for client 2
2026-09-26 18:23:04,221 [INFO] feature_engineering: Engineered 143 new features for temporal detection
2026-09-26 18:23:04,221 [INFO] feature_engineering: Calculating centrality features dynamically (Ignoring any dataset pre-computations)...
2026-09-26 18:23:04,224 [INFO] feature_engineering: Calculating Degree Centrality for 106 nodes...
2026-09-26 18:23:04,225 [INFO] feature_engineering: Calculating PageRank...
2026-09-26 18:23:04,229 [INFO] feature_engineering: Calculating K-Core...
2026-09-26 18:23:04,230 [INFO] feature_engineering: Calculating Eigenvector Centrality...
2026-09-26 18:23:04,236 [INFO] feature_engineering: Calculating Approximated Betweenness Centrality (k=50)...
2026-09-26 18:23:04,256 [INFO] feature_engineering: Dynamically calculated 10 centrality features for 1982 rows in 0.03 seconds.
2026-09-26 18:23:04,356 [INFO] community_leiden: Detecting communities using Leiden algorithm...
2026-09-26 18:23:04,363 [INFO] community_leiden: Detected 3 communities using Leiden
2026-09-26 18:23:04,474 [INFO] community_detection: Enhanced 1982 flows with community features
2026-09-26 18:23:05,332 [INFO] federated_learning: Generating embeddings for 106 nodes, 1982 edges
2026-09-26 18:23:05,436 [INFO] federated_learning: Generated 1656 flow embeddings
2026-09-26 18:23:05,436 [INFO] federated_learning:     -> [14.7%] Step 33/225 | Running Client 3/5 for temporal detector...
2026-09-26 18:23:05,442 [INFO] federated_learning: Loaded 1982 records for client 3
2026-09-26 18:23:05,463 [INFO] feature_engineering: Engineered 154 new features for temporal detection
2026-09-26 18:23:05,465 [INFO] feature_engineering: Calculating centrality features dynamically (Ignoring any dataset pre-computations)...
2026-09-26 18:23:05,469 [INFO] feature_engineering: Calculating Degree Centrality for 94 nodes...
2026-09-26 18:23:05,469 [INFO] feature_engineering: Calculating PageRank...
2026-09-26 18:23:05,474 [INFO] feature_engineering: Calculating K-Core...
2026-09-26 18:23:05,475 [INFO] feature_engineering: Calculating Eigenvector Centrality...
2026-09-26 18:23:05,479 [INFO] feature_engineering: Calculating Approximated Betweenness Centrality (k=50)...
2026-09-26 18:23:05,502 [INFO] feature_engineering: Dynamically calculated 10 centrality features for 1982 rows in 0.04 seconds.
2026-09-26 18:23:05,604 [INFO] community_leiden: Detecting communities using Leiden algorithm...
2026-09-26 18:23:05,611 [INFO] community_leiden: Detected 5 communities using Leiden
2026-09-26 18:23:05,702 [INFO] community_detection: Enhanced 1982 flows with community features
2026-09-26 18:23:06,502 [INFO] federated_learning: Generating embeddings for 94 nodes, 1982 edges
2026-09-26 18:23:06,607 [INFO] federated_learning: Generated 1662 flow embeddings
2026-09-26 18:23:06,608 [INFO] federated_learning:     -> [15.1%] Step 34/225 | Running Client 4/5 for temporal detector...
2026-09-26 18:23:06,613 [INFO] federated_learning: Loaded 1981 records for client 4
2026-09-26 18:23:06,630 [INFO] feature_engineering: Engineered 165 new features for temporal detection
2026-09-26 18:23:06,630 [INFO] feature_engineering: Calculating centrality features dynamically (Ignoring any dataset pre-computations)...
2026-09-26 18:23:06,634 [INFO] feature_engineering: Calculating Degree Centrality for 116 nodes...
2026-09-26 18:23:06,634 [INFO] feature_engineering: Calculating PageRank...
2026-09-26 18:23:06,639 [INFO] feature_engineering: Calculating K-Core...
2026-09-26 18:23:06,640 [INFO] feature_engineering: Calculating Eigenvector Centrality...
2026-09-26 18:23:06,646 [INFO] feature_engineering: Calculating Approximated Betweenness Centrality (k=50)...
2026-09-26 18:23:06,667 [INFO] feature_engineering: Dynamically calculated 10 centrality features for 1981 rows in 0.04 seconds.
2026-09-26 18:23:06,766 [INFO] community_leiden: Detecting communities using Leiden algorithm...
2026-09-26 18:23:06,773 [INFO] community_leiden: Detected 4 communities using Leiden
2026-09-26 18:23:06,901 [INFO] community_detection: Enhanced 1981 flows with community features
2026-09-26 18:23:07,747 [INFO] federated_learning: Generating embeddings for 116 nodes, 1981 edges
2026-09-26 18:23:07,851 [INFO] federated_learning: Generated 1643 flow embeddings
2026-09-26 18:23:07,851 [INFO] federated_learning:     -> [15.6%] Step 35/225 | Running Client 5/5 for temporal detector...
2026-09-26 18:23:07,857 [INFO] federated_learning: Loaded 1981 records for client 5
2026-09-26 18:23:07,872 [INFO] feature_engineering: Engineered 176 new features for temporal detection
2026-09-26 18:23:07,872 [INFO] feature_engineering: Calculating centrality features dynamically (Ignoring any dataset pre-computations)...
2026-09-26 18:23:07,880 [INFO] feature_engineering: Calculating Degree Centrality for 106 nodes...
2026-09-26 18:23:07,881 [INFO] feature_engineering: Calculating PageRank...
2026-09-26 18:23:07,887 [INFO] feature_engineering: Calculating K-Core...
2026-09-26 18:23:07,888 [INFO] feature_engineering: Calculating Eigenvector Centrality...
2026-09-26 18:23:07,893 [INFO] feature_engineering: Calculating Approximated Betweenness Centrality (k=50)...
2026-09-26 18:23:07,916 [INFO] feature_engineering: Dynamically calculated 10 centrality features for 1981 rows in 0.04 seconds.
2026-09-26 18:23:08,019 [INFO] community_leiden: Detecting communities using Leiden algorithm...
2026-09-26 18:23:08,026 [INFO] community_leiden: Detected 3 communities using Leiden
2026-09-26 18:23:08,137 [INFO] community_detection: Enhanced 1981 flows with community features
2026-09-26 18:23:08,964 [INFO] federated_learning: Generating embeddings for 106 nodes, 1981 edges
2026-09-26 18:23:09,065 [INFO] federated_learning: Generated 1635 flow embeddings
2026-09-26 18:23:33,528 [INFO] federated_learning:   -> Processing Content Detector...
2026-09-26 18:23:33,528 [INFO] federated_learning:     -> [16.0%] Step 36/225 | Running Client 1/5 for content detector...
2026-09-26 18:23:33,537 [INFO] federated_learning: Loaded 1982 records for client 1
2026-09-26 18:23:33,549 [INFO] feature_engineering: Engineered 99 new features for content detection
2026-09-26 18:23:33,550 [INFO] feature_engineering: Calculating centrality features dynamically (Ignoring any dataset pre-computations)...
2026-09-26 18:23:33,553 [INFO] feature_engineering: Calculating Degree Centrality for 115 nodes...
2026-09-26 18:23:33,554 [INFO] feature_engineering: Calculating PageRank...
2026-09-26 18:23:33,558 [INFO] feature_engineering: Calculating K-Core...
2026-09-26 18:23:33,559 [INFO] feature_engineering: Calculating Eigenvector Centrality...
2026-09-26 18:23:33,567 [INFO] feature_engineering: Calculating Approximated Betweenness Centrality (k=50)...
2026-09-26 18:23:33,591 [INFO] feature_engineering: Dynamically calculated 10 centrality features for 1982 rows in 0.04 seconds.
2026-09-26 18:23:33,695 [INFO] community_leiden: Detecting communities using Leiden algorithm...
2026-09-26 18:23:33,702 [INFO] community_leiden: Detected 5 communities using Leiden
2026-09-26 18:23:33,838 [INFO] community_detection: Enhanced 1982 flows with community features
2026-09-26 18:23:34,962 [INFO] federated_learning: Generating embeddings for 115 nodes, 1982 edges
2026-09-26 18:23:35,107 [INFO] federated_learning: Generated 1657 flow embeddings
2026-09-26 18:23:35,108 [INFO] federated_learning:     -> [16.4%] Step 37/225 | Running Client 2/5 for content detector...
2026-09-26 18:23:35,113 [INFO] federated_learning: Loaded 1982 records for client 2
2026-09-26 18:23:35,124 [INFO] feature_engineering: Engineered 108 new features for content detection
2026-09-26 18:23:35,125 [INFO] feature_engineering: Calculating centrality features dynamically (Ignoring any dataset pre-computations)...
2026-09-26 18:23:35,128 [INFO] feature_engineering: Calculating Degree Centrality for 106 nodes...
2026-09-26 18:23:35,128 [INFO] feature_engineering: Calculating PageRank...
2026-09-26 18:23:35,133 [INFO] feature_engineering: Calculating K-Core...
2026-09-26 18:23:35,134 [INFO] feature_engineering: Calculating Eigenvector Centrality...
2026-09-26 18:23:35,139 [INFO] feature_engineering: Calculating Approximated Betweenness Centrality (k=50)...
2026-09-26 18:23:35,160 [INFO] feature_engineering: Dynamically calculated 10 centrality features for 1982 rows in 0.03 seconds.
2026-09-26 18:23:35,262 [INFO] community_leiden: Detecting communities using Leiden algorithm...
2026-09-26 18:23:35,269 [INFO] community_leiden: Detected 3 communities using Leiden
2026-09-26 18:23:35,381 [INFO] community_detection: Enhanced 1982 flows with community features
2026-09-26 18:23:36,441 [INFO] federated_learning: Generating embeddings for 106 nodes, 1982 edges
2026-09-26 18:23:36,570 [INFO] federated_learning: Generated 1656 flow embeddings
2026-09-26 18:23:36,570 [INFO] federated_learning:     -> [16.9%] Step 38/225 | Running Client 3/5 for content detector...
2026-09-26 18:23:36,576 [INFO] federated_learning: Loaded 1982 records for client 3
2026-09-26 18:23:36,591 [INFO] feature_engineering: Engineered 117 new features for content detection
2026-09-26 18:23:36,591 [INFO] feature_engineering: Calculating centrality features dynamically (Ignoring any dataset pre-computations)...
2026-09-26 18:23:36,594 [INFO] feature_engineering: Calculating Degree Centrality for 94 nodes...
2026-09-26 18:23:36,595 [INFO] feature_engineering: Calculating PageRank...
2026-09-26 18:23:36,600 [INFO] feature_engineering: Calculating K-Core...
2026-09-26 18:23:36,600 [INFO] feature_engineering: Calculating Eigenvector Centrality...
2026-09-26 18:23:36,605 [INFO] feature_engineering: Calculating Approximated Betweenness Centrality (k=50)...
2026-09-26 18:23:36,624 [INFO] feature_engineering: Dynamically calculated 10 centrality features for 1982 rows in 0.03 seconds.
2026-09-26 18:23:36,725 [INFO] community_leiden: Detecting communities using Leiden algorithm...
2026-09-26 18:23:36,731 [INFO] community_leiden: Detected 5 communities using Leiden
2026-09-26 18:23:36,823 [INFO] community_detection: Enhanced 1982 flows with community features
2026-09-26 18:23:37,850 [INFO] federated_learning: Generating embeddings for 94 nodes, 1982 edges
2026-09-26 18:23:37,971 [INFO] federated_learning: Generated 1662 flow embeddings
2026-09-26 18:23:37,972 [INFO] federated_learning:     -> [17.3%] Step 39/225 | Running Client 4/5 for content detector...
2026-09-26 18:23:37,981 [INFO] federated_learning: Loaded 1981 records for client 4
2026-09-26 18:23:37,994 [INFO] feature_engineering: Engineered 126 new features for content detection
2026-09-26 18:23:37,994 [INFO] feature_engineering: Calculating centrality features dynamically (Ignoring any dataset pre-computations)...
2026-09-26 18:23:37,998 [INFO] feature_engineering: Calculating Degree Centrality for 116 nodes...
2026-09-26 18:23:37,998 [INFO] feature_engineering: Calculating PageRank...
2026-09-26 18:23:38,003 [INFO] feature_engineering: Calculating K-Core...
2026-09-26 18:23:38,004 [INFO] feature_engineering: Calculating Eigenvector Centrality...
2026-09-26 18:23:38,010 [INFO] feature_engineering: Calculating Approximated Betweenness Centrality (k=50)...
2026-09-26 18:23:38,031 [INFO] feature_engineering: Dynamically calculated 10 centrality features for 1981 rows in 0.04 seconds.
2026-09-26 18:23:38,130 [INFO] community_leiden: Detecting communities using Leiden algorithm...
2026-09-26 18:23:38,138 [INFO] community_leiden: Detected 4 communities using Leiden
2026-09-26 18:23:38,269 [INFO] community_detection: Enhanced 1981 flows with community features
2026-09-26 18:23:39,348 [INFO] federated_learning: Generating embeddings for 116 nodes, 1981 edges
2026-09-26 18:23:39,474 [INFO] federated_learning: Generated 1643 flow embeddings
2026-09-26 18:23:39,474 [INFO] federated_learning:     -> [17.8%] Step 40/225 | Running Client 5/5 for content detector...
2026-09-26 18:23:39,480 [INFO] federated_learning: Loaded 1981 records for client 5
2026-09-26 18:23:39,492 [INFO] feature_engineering: Engineered 135 new features for content detection
2026-09-26 18:23:39,493 [INFO] feature_engineering: Calculating centrality features dynamically (Ignoring any dataset pre-computations)...
2026-09-26 18:23:39,498 [INFO] feature_engineering: Calculating Degree Centrality for 106 nodes...
2026-09-26 18:23:39,498 [INFO] feature_engineering: Calculating PageRank...
2026-09-26 18:23:39,504 [INFO] feature_engineering: Calculating K-Core...
2026-09-26 18:23:39,505 [INFO] feature_engineering: Calculating Eigenvector Centrality...
2026-09-26 18:23:39,511 [INFO] feature_engineering: Calculating Approximated Betweenness Centrality (k=50)...
2026-09-26 18:23:39,534 [INFO] feature_engineering: Dynamically calculated 10 centrality features for 1981 rows in 0.04 seconds.
2026-09-26 18:23:39,640 [INFO] community_leiden: Detecting communities using Leiden algorithm...
2026-09-26 18:23:39,647 [INFO] community_leiden: Detected 3 communities using Leiden
2026-09-26 18:23:39,760 [INFO] community_detection: Enhanced 1981 flows with community features
2026-09-26 18:23:40,850 [INFO] federated_learning: Generating embeddings for 106 nodes, 1981 edges
2026-09-26 18:23:40,980 [INFO] federated_learning: Generated 1635 flow embeddings
2026-09-26 18:24:05,544 [INFO] federated_learning:   -> Processing Behavioral Detector...
2026-09-26 18:24:05,545 [INFO] federated_learning:     -> [18.2%] Step 41/225 | Running Client 1/5 for behavioral detector...
2026-09-26 18:24:05,550 [INFO] federated_learning: Loaded 1982 records for client 1
2026-09-26 18:24:05,585 [INFO] feature_engineering: Engineered 110 new features for behavioral detection
2026-09-26 18:24:05,585 [INFO] feature_engineering: Calculating centrality features dynamically (Ignoring any dataset pre-computations)...
2026-09-26 18:24:05,590 [INFO] feature_engineering: Calculating Degree Centrality for 115 nodes...
2026-09-26 18:24:05,591 [INFO] feature_engineering: Calculating PageRank...
2026-09-26 18:24:05,596 [INFO] feature_engineering: Calculating K-Core...
2026-09-26 18:24:05,597 [INFO] feature_engineering: Calculating Eigenvector Centrality...
2026-09-26 18:24:05,606 [INFO] feature_engineering: Calculating Approximated Betweenness Centrality (k=50)...
2026-09-26 18:24:05,627 [INFO] feature_engineering: Dynamically calculated 10 centrality features for 1982 rows in 0.04 seconds.
2026-09-26 18:24:05,728 [INFO] community_leiden: Detecting communities using Leiden algorithm...
2026-09-26 18:24:05,735 [INFO] community_leiden: Detected 5 communities using Leiden
2026-09-26 18:24:05,873 [INFO] community_detection: Enhanced 1982 flows with community features
2026-09-26 18:24:06,742 [INFO] federated_learning: Generating embeddings for 115 nodes, 1982 edges
2026-09-26 18:24:06,847 [INFO] federated_learning: Generated 1657 flow embeddings
2026-09-26 18:24:06,847 [INFO] federated_learning:     -> [18.7%] Step 42/225 | Running Client 2/5 for behavioral detector...
2026-09-26 18:24:06,853 [INFO] federated_learning: Loaded 1982 records for client 2
2026-09-26 18:24:06,893 [INFO] feature_engineering: Engineered 120 new features for behavioral detection
2026-09-26 18:24:06,894 [INFO] feature_engineering: Calculating centrality features dynamically (Ignoring any dataset pre-computations)...
2026-09-26 18:24:06,898 [INFO] feature_engineering: Calculating Degree Centrality for 106 nodes...
2026-09-26 18:24:06,898 [INFO] feature_engineering: Calculating PageRank...
2026-09-26 18:24:06,903 [INFO] feature_engineering: Calculating K-Core...
2026-09-26 18:24:06,904 [INFO] feature_engineering: Calculating Eigenvector Centrality...
2026-09-26 18:24:06,910 [INFO] feature_engineering: Calculating Approximated Betweenness Centrality (k=50)...
2026-09-26 18:24:06,930 [INFO] feature_engineering: Dynamically calculated 10 centrality features for 1982 rows in 0.04 seconds.
2026-09-26 18:24:07,030 [INFO] community_leiden: Detecting communities using Leiden algorithm...
2026-09-26 18:24:07,037 [INFO] community_leiden: Detected 3 communities using Leiden
2026-09-26 18:24:07,149 [INFO] community_detection: Enhanced 1982 flows with community features
2026-09-26 18:24:07,974 [INFO] federated_learning: Generating embeddings for 106 nodes, 1982 edges
2026-09-26 18:24:08,075 [INFO] federated_learning: Generated 1656 flow embeddings
2026-09-26 18:24:08,076 [INFO] federated_learning:     -> [19.1%] Step 43/225 | Running Client 3/5 for behavioral detector...
2026-09-26 18:24:08,081 [INFO] federated_learning: Loaded 1982 records for client 3
2026-09-26 18:24:08,120 [INFO] feature_engineering: Engineered 130 new features for behavioral detection
2026-09-26 18:24:08,120 [INFO] feature_engineering: Calculating centrality features dynamically (Ignoring any dataset pre-computations)...
2026-09-26 18:24:08,124 [INFO] feature_engineering: Calculating Degree Centrality for 94 nodes...
2026-09-26 18:24:08,124 [INFO] feature_engineering: Calculating PageRank...
2026-09-26 18:24:08,129 [INFO] feature_engineering: Calculating K-Core...
2026-09-26 18:24:08,129 [INFO] feature_engineering: Calculating Eigenvector Centrality...
2026-09-26 18:24:08,134 [INFO] feature_engineering: Calculating Approximated Betweenness Centrality (k=50)...
2026-09-26 18:24:08,155 [INFO] feature_engineering: Dynamically calculated 10 centrality features for 1982 rows in 0.03 seconds.
2026-09-26 18:24:08,257 [INFO] community_leiden: Detecting communities using Leiden algorithm...
2026-09-26 18:24:08,264 [INFO] community_leiden: Detected 5 communities using Leiden
2026-09-26 18:24:08,356 [INFO] community_detection: Enhanced 1982 flows with community features
2026-09-26 18:24:09,155 [INFO] federated_learning: Generating embeddings for 94 nodes, 1982 edges
2026-09-26 18:24:09,259 [INFO] federated_learning: Generated 1662 flow embeddings
2026-09-26 18:24:09,260 [INFO] federated_learning:     -> [19.6%] Step 44/225 | Running Client 4/5 for behavioral detector...
2026-09-26 18:24:09,265 [INFO] federated_learning: Loaded 1981 records for client 4
2026-09-26 18:24:09,313 [INFO] feature_engineering: Engineered 140 new features for behavioral detection
2026-09-26 18:24:09,314 [INFO] feature_engineering: Calculating centrality features dynamically (Ignoring any dataset pre-computations)...
2026-09-26 18:24:09,317 [INFO] feature_engineering: Calculating Degree Centrality for 116 nodes...
2026-09-26 18:24:09,317 [INFO] feature_engineering: Calculating PageRank...
2026-09-26 18:24:09,322 [INFO] feature_engineering: Calculating K-Core...
2026-09-26 18:24:09,323 [INFO] feature_engineering: Calculating Eigenvector Centrality...
2026-09-26 18:24:09,330 [INFO] feature_engineering: Calculating Approximated Betweenness Centrality (k=50)...
2026-09-26 18:24:09,352 [INFO] feature_engineering: Dynamically calculated 10 centrality features for 1981 rows in 0.04 seconds.
2026-09-26 18:24:09,453 [INFO] community_leiden: Detecting communities using Leiden algorithm...
2026-09-26 18:24:09,460 [INFO] community_leiden: Detected 4 communities using Leiden
2026-09-26 18:24:09,591 [INFO] community_detection: Enhanced 1981 flows with community features
2026-09-26 18:24:10,449 [INFO] federated_learning: Generating embeddings for 116 nodes, 1981 edges
2026-09-26 18:24:10,554 [INFO] federated_learning: Generated 1643 flow embeddings
2026-09-26 18:24:10,555 [INFO] federated_learning:     -> [20.0%] Step 45/225 | Running Client 5/5 for behavioral detector...
2026-09-26 18:24:10,561 [INFO] federated_learning: Loaded 1981 records for client 5
2026-09-26 18:24:10,607 [INFO] feature_engineering: Engineered 150 new features for behavioral detection
2026-09-26 18:24:10,607 [INFO] feature_engineering: Calculating centrality features dynamically (Ignoring any dataset pre-computations)...
2026-09-26 18:24:10,611 [INFO] feature_engineering: Calculating Degree Centrality for 106 nodes...
2026-09-26 18:24:10,611 [INFO] feature_engineering: Calculating PageRank...
2026-09-26 18:24:10,617 [INFO] feature_engineering: Calculating K-Core...
2026-09-26 18:24:10,617 [INFO] feature_engineering: Calculating Eigenvector Centrality...
2026-09-26 18:24:10,624 [INFO] feature_engineering: Calculating Approximated Betweenness Centrality (k=50)...
2026-09-26 18:24:10,644 [INFO] feature_engineering: Dynamically calculated 10 centrality features for 1981 rows in 0.04 seconds.
2026-09-26 18:24:10,746 [INFO] community_leiden: Detecting communities using Leiden algorithm...
2026-09-26 18:24:10,753 [INFO] community_leiden: Detected 3 communities using Leiden
2026-09-26 18:24:10,862 [INFO] community_detection: Enhanced 1981 flows with community features
2026-09-26 18:24:11,706 [INFO] federated_learning: Generating embeddings for 106 nodes, 1981 edges
2026-09-26 18:24:11,810 [INFO] federated_learning: Generated 1635 flow embeddings
2026-09-26 18:24:36,487 [INFO] utils: Round 3 metrics logged
2026-09-26 18:24:36,487 [INFO] federated_learning: Round 3 completed in 93.59s, loss: 0.5023
2026-09-26 18:24:36,487 [INFO] federated_learning: Starting round 4/15 (Total System Steps: 225)
2026-09-26 18:24:36,488 [INFO] federated_learning:   -> Processing Temporal Detector...
2026-09-26 18:24:36,488 [INFO] federated_learning:     -> [20.4%] Step 46/225 | Running Client 1/5 for temporal detector...
2026-09-26 18:24:36,493 [INFO] federated_learning: Loaded 1982 records for client 1
2026-09-26 18:24:36,511 [INFO] feature_engineering: Engineered 187 new features for temporal detection
2026-09-26 18:24:36,511 [INFO] feature_engineering: Calculating centrality features dynamically (Ignoring any dataset pre-computations)...
2026-09-26 18:24:36,515 [INFO] feature_engineering: Calculating Degree Centrality for 115 nodes...
2026-09-26 18:24:36,516 [INFO] feature_engineering: Calculating PageRank...
2026-09-26 18:24:36,521 [INFO] feature_engineering: Calculating K-Core...
2026-09-26 18:24:36,522 [INFO] feature_engineering: Calculating Eigenvector Centrality...
2026-09-26 18:24:36,531 [INFO] feature_engineering: Calculating Approximated Betweenness Centrality (k=50)...
2026-09-26 18:24:36,553 [INFO] feature_engineering: Dynamically calculated 10 centrality features for 1982 rows in 0.04 seconds.
2026-09-26 18:24:36,653 [INFO] community_leiden: Detecting communities using Leiden algorithm...
2026-09-26 18:24:36,660 [INFO] community_leiden: Detected 5 communities using Leiden
2026-09-26 18:24:36,793 [INFO] community_detection: Enhanced 1982 flows with community features
2026-09-26 18:24:37,658 [INFO] federated_learning: Generating embeddings for 115 nodes, 1982 edges
2026-09-26 18:24:37,764 [INFO] federated_learning: Generated 1657 flow embeddings
2026-09-26 18:24:37,764 [INFO] federated_learning:     -> [20.9%] Step 47/225 | Running Client 2/5 for temporal detector...
2026-09-26 18:24:37,770 [INFO] federated_learning: Loaded 1982 records for client 2
2026-09-26 18:24:37,788 [INFO] feature_engineering: Engineered 198 new features for temporal detection
2026-09-26 18:24:37,789 [INFO] feature_engineering: Calculating centrality features dynamically (Ignoring any dataset pre-computations)...
2026-09-26 18:24:37,792 [INFO] feature_engineering: Calculating Degree Centrality for 106 nodes...
2026-09-26 18:24:37,792 [INFO] feature_engineering: Calculating PageRank...
2026-09-26 18:24:37,797 [INFO] feature_engineering: Calculating K-Core...
2026-09-26 18:24:37,798 [INFO] feature_engineering: Calculating Eigenvector Centrality...
2026-09-26 18:24:37,804 [INFO] feature_engineering: Calculating Approximated Betweenness Centrality (k=50)...
2026-09-26 18:24:37,824 [INFO] feature_engineering: Dynamically calculated 10 centrality features for 1982 rows in 0.04 seconds.
2026-09-26 18:24:37,925 [INFO] community_leiden: Detecting communities using Leiden algorithm...
2026-09-26 18:24:37,931 [INFO] community_leiden: Detected 3 communities using Leiden
2026-09-26 18:24:38,041 [INFO] community_detection: Enhanced 1982 flows with community features
2026-09-26 18:24:38,865 [INFO] federated_learning: Generating embeddings for 106 nodes, 1982 edges
2026-09-26 18:24:38,972 [INFO] federated_learning: Generated 1656 flow embeddings
2026-09-26 18:24:38,972 [INFO] federated_learning:     -> [21.3%] Step 48/225 | Running Client 3/5 for temporal detector...
2026-09-26 18:24:38,978 [INFO] federated_learning: Loaded 1982 records for client 3
2026-09-26 18:24:39,002 [INFO] feature_engineering: Engineered 209 new features for temporal detection
2026-09-26 18:24:39,002 [INFO] feature_engineering: Calculating centrality features dynamically (Ignoring any dataset pre-computations)...
2026-09-26 18:24:39,006 [INFO] feature_engineering: Calculating Degree Centrality for 94 nodes...
2026-09-26 18:24:39,006 [INFO] feature_engineering: Calculating PageRank...
2026-09-26 18:24:39,011 [INFO] feature_engineering: Calculating K-Core...
2026-09-26 18:24:39,011 [INFO] feature_engineering: Calculating Eigenvector Centrality...
2026-09-26 18:24:39,016 [INFO] feature_engineering: Calculating Approximated Betweenness Centrality (k=50)...
2026-09-26 18:24:39,038 [INFO] feature_engineering: Dynamically calculated 10 centrality features for 1982 rows in 0.04 seconds.
2026-09-26 18:24:39,142 [INFO] community_leiden: Detecting communities using Leiden algorithm...
2026-09-26 18:24:39,149 [INFO] community_leiden: Detected 5 communities using Leiden
2026-09-26 18:24:39,242 [INFO] community_detection: Enhanced 1982 flows with community features
2026-09-26 18:24:40,054 [INFO] federated_learning: Generating embeddings for 94 nodes, 1982 edges
2026-09-26 18:24:40,159 [INFO] federated_learning: Generated 1662 flow embeddings
2026-09-26 18:24:40,159 [INFO] federated_learning:     -> [21.8%] Step 49/225 | Running Client 4/5 for temporal detector...
2026-09-26 18:24:40,165 [INFO] federated_learning: Loaded 1981 records for client 4
2026-09-26 18:24:40,181 [INFO] feature_engineering: Engineered 220 new features for temporal detection
2026-09-26 18:24:40,182 [INFO] feature_engineering: Calculating centrality features dynamically (Ignoring any dataset pre-computations)...
2026-09-26 18:24:40,185 [INFO] feature_engineering: Calculating Degree Centrality for 116 nodes...
2026-09-26 18:24:40,185 [INFO] feature_engineering: Calculating PageRank...
2026-09-26 18:24:40,192 [INFO] feature_engineering: Calculating K-Core...
2026-09-26 18:24:40,192 [INFO] feature_engineering: Calculating Eigenvector Centrality...
2026-09-26 18:24:40,200 [INFO] feature_engineering: Calculating Approximated Betweenness Centrality (k=50)...
2026-09-26 18:24:40,223 [INFO] feature_engineering: Dynamically calculated 10 centrality features for 1981 rows in 0.04 seconds.
2026-09-26 18:24:40,326 [INFO] community_leiden: Detecting communities using Leiden algorithm...
2026-09-26 18:24:40,334 [INFO] community_leiden: Detected 4 communities using Leiden
2026-09-26 18:24:40,468 [INFO] community_detection: Enhanced 1981 flows with community features
2026-09-26 18:24:41,331 [INFO] federated_learning: Generating embeddings for 116 nodes, 1981 edges
2026-09-26 18:24:41,441 [INFO] federated_learning: Generated 1643 flow embeddings
2026-09-26 18:24:41,441 [INFO] federated_learning:     -> [22.2%] Step 50/225 | Running Client 5/5 for temporal detector...
2026-09-26 18:24:41,453 [INFO] federated_learning: Loaded 1981 records for client 5
2026-09-26 18:24:41,468 [INFO] feature_engineering: Engineered 231 new features for temporal detection
2026-09-26 18:24:41,469 [INFO] feature_engineering: Calculating centrality features dynamically (Ignoring any dataset pre-computations)...
2026-09-26 18:24:41,473 [INFO] feature_engineering: Calculating Degree Centrality for 106 nodes...
2026-09-26 18:24:41,474 [INFO] feature_engineering: Calculating PageRank...
2026-09-26 18:24:41,479 [INFO] feature_engineering: Calculating K-Core...
2026-09-26 18:24:41,480 [INFO] feature_engineering: Calculating Eigenvector Centrality...
2026-09-26 18:24:41,486 [INFO] feature_engineering: Calculating Approximated Betweenness Centrality (k=50)...
2026-09-26 18:24:41,508 [INFO] feature_engineering: Dynamically calculated 10 centrality features for 1981 rows in 0.04 seconds.
2026-09-26 18:24:41,613 [INFO] community_leiden: Detecting communities using Leiden algorithm...
2026-09-26 18:24:41,620 [INFO] community_leiden: Detected 3 communities using Leiden
2026-09-26 18:24:41,733 [INFO] community_detection: Enhanced 1981 flows with community features
2026-09-26 18:24:42,571 [INFO] federated_learning: Generating embeddings for 106 nodes, 1981 edges
2026-09-26 18:24:42,676 [INFO] federated_learning: Generated 1635 flow embeddings
2026-09-26 18:25:07,474 [INFO] federated_learning:   -> Processing Content Detector...
2026-09-26 18:25:07,475 [INFO] federated_learning:     -> [22.7%] Step 51/225 | Running Client 1/5 for content detector...
2026-09-26 18:25:07,485 [INFO] federated_learning: Loaded 1982 records for client 1
2026-09-26 18:25:07,497 [INFO] feature_engineering: Engineered 144 new features for content detection
2026-09-26 18:25:07,498 [INFO] feature_engineering: Calculating centrality features dynamically (Ignoring any dataset pre-computations)...
2026-09-26 18:25:07,501 [INFO] feature_engineering: Calculating Degree Centrality for 115 nodes...
2026-09-26 18:25:07,502 [INFO] feature_engineering: Calculating PageRank...
2026-09-26 18:25:07,507 [INFO] feature_engineering: Calculating K-Core...
2026-09-26 18:25:07,507 [INFO] feature_engineering: Calculating Eigenvector Centrality...
2026-09-26 18:25:07,517 [INFO] feature_engineering: Calculating Approximated Betweenness Centrality (k=50)...
2026-09-26 18:25:07,538 [INFO] feature_engineering: Dynamically calculated 10 centrality features for 1982 rows in 0.04 seconds.
2026-09-26 18:25:07,638 [INFO] community_leiden: Detecting communities using Leiden algorithm...
2026-09-26 18:25:07,645 [INFO] community_leiden: Detected 5 communities using Leiden
2026-09-26 18:25:07,788 [INFO] community_detection: Enhanced 1982 flows with community features
2026-09-26 18:25:08,901 [INFO] federated_learning: Generating embeddings for 115 nodes, 1982 edges
2026-09-26 18:25:09,029 [INFO] federated_learning: Generated 1657 flow embeddings
2026-09-26 18:25:09,030 [INFO] federated_learning:     -> [23.1%] Step 52/225 | Running Client 2/5 for content detector...
2026-09-26 18:25:09,035 [INFO] federated_learning: Loaded 1982 records for client 2
2026-09-26 18:25:09,046 [INFO] feature_engineering: Engineered 153 new features for content detection
2026-09-26 18:25:09,047 [INFO] feature_engineering: Calculating centrality features dynamically (Ignoring any dataset pre-computations)...
2026-09-26 18:25:09,051 [INFO] feature_engineering: Calculating Degree Centrality for 106 nodes...
2026-09-26 18:25:09,052 [INFO] feature_engineering: Calculating PageRank...
2026-09-26 18:25:09,057 [INFO] feature_engineering: Calculating K-Core...
2026-09-26 18:25:09,058 [INFO] feature_engineering: Calculating Eigenvector Centrality...
2026-09-26 18:25:09,065 [INFO] feature_engineering: Calculating Approximated Betweenness Centrality (k=50)...
2026-09-26 18:25:09,086 [INFO] feature_engineering: Dynamically calculated 10 centrality features for 1982 rows in 0.04 seconds.
2026-09-26 18:25:09,186 [INFO] community_leiden: Detecting communities using Leiden algorithm...
2026-09-26 18:25:09,193 [INFO] community_leiden: Detected 3 communities using Leiden
2026-09-26 18:25:09,307 [INFO] community_detection: Enhanced 1982 flows with community features
2026-09-26 18:25:10,377 [INFO] federated_learning: Generating embeddings for 106 nodes, 1982 edges
2026-09-26 18:25:10,500 [INFO] federated_learning: Generated 1656 flow embeddings
2026-09-26 18:25:10,501 [INFO] federated_learning:     -> [23.6%] Step 53/225 | Running Client 3/5 for content detector...
2026-09-26 18:25:10,506 [INFO] federated_learning: Loaded 1982 records for client 3
2026-09-26 18:25:10,519 [INFO] feature_engineering: Engineered 162 new features for content detection
2026-09-26 18:25:10,520 [INFO] feature_engineering: Calculating centrality features dynamically (Ignoring any dataset pre-computations)...
2026-09-26 18:25:10,524 [INFO] feature_engineering: Calculating Degree Centrality for 94 nodes...
2026-09-26 18:25:10,524 [INFO] feature_engineering: Calculating PageRank...
2026-09-26 18:25:10,529 [INFO] feature_engineering: Calculating K-Core...
2026-09-26 18:25:10,530 [INFO] feature_engineering: Calculating Eigenvector Centrality...
2026-09-26 18:25:10,534 [INFO] feature_engineering: Calculating Approximated Betweenness Centrality (k=50)...
2026-09-26 18:25:10,553 [INFO] feature_engineering: Dynamically calculated 10 centrality features for 1982 rows in 0.03 seconds.
2026-09-26 18:25:10,655 [INFO] community_leiden: Detecting communities using Leiden algorithm...
2026-09-26 18:25:10,661 [INFO] community_leiden: Detected 5 communities using Leiden
2026-09-26 18:25:10,751 [INFO] community_detection: Enhanced 1982 flows with community features
2026-09-26 18:25:11,783 [INFO] federated_learning: Generating embeddings for 94 nodes, 1982 edges
2026-09-26 18:25:11,906 [INFO] federated_learning: Generated 1662 flow embeddings
2026-09-26 18:25:11,907 [INFO] federated_learning:     -> [24.0%] Step 54/225 | Running Client 4/5 for content detector...
2026-09-26 18:25:11,915 [INFO] federated_learning: Loaded 1981 records for client 4
2026-09-26 18:25:11,927 [INFO] feature_engineering: Engineered 171 new features for content detection
2026-09-26 18:25:11,928 [INFO] feature_engineering: Calculating centrality features dynamically (Ignoring any dataset pre-computations)...
2026-09-26 18:25:11,931 [INFO] feature_engineering: Calculating Degree Centrality for 116 nodes...
2026-09-26 18:25:11,931 [INFO] feature_engineering: Calculating PageRank...
2026-09-26 18:25:11,936 [INFO] feature_engineering: Calculating K-Core...
2026-09-26 18:25:11,938 [INFO] feature_engineering: Calculating Eigenvector Centrality...
2026-09-26 18:25:11,944 [INFO] feature_engineering: Calculating Approximated Betweenness Centrality (k=50)...
2026-09-26 18:25:11,966 [INFO] feature_engineering: Dynamically calculated 10 centrality features for 1981 rows in 0.04 seconds.
2026-09-26 18:25:12,066 [INFO] community_leiden: Detecting communities using Leiden algorithm...
2026-09-26 18:25:12,073 [INFO] community_leiden: Detected 4 communities using Leiden
2026-09-26 18:25:12,201 [INFO] community_detection: Enhanced 1981 flows with community features
2026-09-26 18:25:13,311 [INFO] federated_learning: Generating embeddings for 116 nodes, 1981 edges
2026-09-26 18:25:13,441 [INFO] federated_learning: Generated 1643 flow embeddings
2026-09-26 18:25:13,442 [INFO] federated_learning:     -> [24.4%] Step 55/225 | Running Client 5/5 for content detector...
2026-09-26 18:25:13,447 [INFO] federated_learning: Loaded 1981 records for client 5
2026-09-26 18:25:13,459 [INFO] feature_engineering: Engineered 180 new features for content detection
2026-09-26 18:25:13,459 [INFO] feature_engineering: Calculating centrality features dynamically (Ignoring any dataset pre-computations)...
2026-09-26 18:25:13,462 [INFO] feature_engineering: Calculating Degree Centrality for 106 nodes...
2026-09-26 18:25:13,463 [INFO] feature_engineering: Calculating PageRank...
2026-09-26 18:25:13,468 [INFO] feature_engineering: Calculating K-Core...
2026-09-26 18:25:13,468 [INFO] feature_engineering: Calculating Eigenvector Centrality...
2026-09-26 18:25:13,474 [INFO] feature_engineering: Calculating Approximated Betweenness Centrality (k=50)...
2026-09-26 18:25:13,497 [INFO] feature_engineering: Dynamically calculated 10 centrality features for 1981 rows in 0.04 seconds.
2026-09-26 18:25:13,602 [INFO] community_leiden: Detecting communities using Leiden algorithm...
2026-09-26 18:25:13,609 [INFO] community_leiden: Detected 3 communities using Leiden
2026-09-26 18:25:13,724 [INFO] community_detection: Enhanced 1981 flows with community features
2026-09-26 18:25:14,796 [INFO] federated_learning: Generating embeddings for 106 nodes, 1981 edges
2026-09-26 18:25:14,934 [INFO] federated_learning: Generated 1635 flow embeddings
2026-09-26 18:25:39,631 [INFO] federated_learning:   -> Processing Behavioral Detector...
2026-09-26 18:25:39,632 [INFO] federated_learning:     -> [24.9%] Step 56/225 | Running Client 1/5 for behavioral detector...
2026-09-26 18:25:39,637 [INFO] federated_learning: Loaded 1982 records for client 1
2026-09-26 18:25:39,668 [INFO] feature_engineering: Engineered 160 new features for behavioral detection
2026-09-26 18:25:39,669 [INFO] feature_engineering: Calculating centrality features dynamically (Ignoring any dataset pre-computations)...
2026-09-26 18:25:39,672 [INFO] feature_engineering: Calculating Degree Centrality for 115 nodes...
2026-09-26 18:25:39,672 [INFO] feature_engineering: Calculating PageRank...
2026-09-26 18:25:39,677 [INFO] feature_engineering: Calculating K-Core...
2026-09-26 18:25:39,678 [INFO] feature_engineering: Calculating Eigenvector Centrality...
2026-09-26 18:25:39,686 [INFO] feature_engineering: Calculating Approximated Betweenness Centrality (k=50)...
2026-09-26 18:25:39,706 [INFO] feature_engineering: Dynamically calculated 10 centrality features for 1982 rows in 0.04 seconds.
2026-09-26 18:25:39,805 [INFO] community_leiden: Detecting communities using Leiden algorithm...
2026-09-26 18:25:39,813 [INFO] community_leiden: Detected 5 communities using Leiden
2026-09-26 18:25:39,962 [INFO] community_detection: Enhanced 1982 flows with community features
2026-09-26 18:25:40,835 [INFO] federated_learning: Generating embeddings for 115 nodes, 1982 edges
2026-09-26 18:25:40,940 [INFO] federated_learning: Generated 1657 flow embeddings
2026-09-26 18:25:40,940 [INFO] federated_learning:     -> [25.3%] Step 57/225 | Running Client 2/5 for behavioral detector...
2026-09-26 18:25:40,946 [INFO] federated_learning: Loaded 1982 records for client 2
2026-09-26 18:25:40,989 [INFO] feature_engineering: Engineered 170 new features for behavioral detection
2026-09-26 18:25:40,989 [INFO] feature_engineering: Calculating centrality features dynamically (Ignoring any dataset pre-computations)...
2026-09-26 18:25:40,992 [INFO] feature_engineering: Calculating Degree Centrality for 106 nodes...
2026-09-26 18:25:40,992 [INFO] feature_engineering: Calculating PageRank...
2026-09-26 18:25:40,997 [INFO] feature_engineering: Calculating K-Core...
2026-09-26 18:25:40,998 [INFO] feature_engineering: Calculating Eigenvector Centrality...
2026-09-26 18:25:41,004 [INFO] feature_engineering: Calculating Approximated Betweenness Centrality (k=50)...
2026-09-26 18:25:41,027 [INFO] feature_engineering: Dynamically calculated 10 centrality features for 1982 rows in 0.04 seconds.
2026-09-26 18:25:41,131 [INFO] community_leiden: Detecting communities using Leiden algorithm...
2026-09-26 18:25:41,137 [INFO] community_leiden: Detected 3 communities using Leiden
2026-09-26 18:25:41,251 [INFO] community_detection: Enhanced 1982 flows with community features
2026-09-26 18:25:42,088 [INFO] federated_learning: Generating embeddings for 106 nodes, 1982 edges
2026-09-26 18:25:42,192 [INFO] federated_learning: Generated 1656 flow embeddings
2026-09-26 18:25:42,193 [INFO] federated_learning:     -> [25.8%] Step 58/225 | Running Client 3/5 for behavioral detector...
2026-09-26 18:25:42,199 [INFO] federated_learning: Loaded 1982 records for client 3
2026-09-26 18:25:42,237 [INFO] feature_engineering: Engineered 180 new features for behavioral detection
2026-09-26 18:25:42,237 [INFO] feature_engineering: Calculating centrality features dynamically (Ignoring any dataset pre-computations)...
2026-09-26 18:25:42,240 [INFO] feature_engineering: Calculating Degree Centrality for 94 nodes...
2026-09-26 18:25:42,241 [INFO] feature_engineering: Calculating PageRank...
2026-09-26 18:25:42,245 [INFO] feature_engineering: Calculating K-Core...
2026-09-26 18:25:42,246 [INFO] feature_engineering: Calculating Eigenvector Centrality...
2026-09-26 18:25:42,251 [INFO] feature_engineering: Calculating Approximated Betweenness Centrality (k=50)...
2026-09-26 18:25:42,269 [INFO] feature_engineering: Dynamically calculated 10 centrality features for 1982 rows in 0.03 seconds.
2026-09-26 18:25:42,369 [INFO] community_leiden: Detecting communities using Leiden algorithm...
2026-09-26 18:25:42,375 [INFO] community_leiden: Detected 5 communities using Leiden
2026-09-26 18:25:42,467 [INFO] community_detection: Enhanced 1982 flows with community features
2026-09-26 18:25:43,270 [INFO] federated_learning: Generating embeddings for 94 nodes, 1982 edges
2026-09-26 18:25:43,373 [INFO] federated_learning: Generated 1662 flow embeddings
2026-09-26 18:25:43,373 [INFO] federated_learning:     -> [26.2%] Step 59/225 | Running Client 4/5 for behavioral detector...
2026-09-26 18:25:43,379 [INFO] federated_learning: Loaded 1981 records for client 4
2026-09-26 18:25:43,420 [INFO] feature_engineering: Engineered 190 new features for behavioral detection
2026-09-26 18:25:43,421 [INFO] feature_engineering: Calculating centrality features dynamically (Ignoring any dataset pre-computations)...
2026-09-26 18:25:43,424 [INFO] feature_engineering: Calculating Degree Centrality for 116 nodes...
2026-09-26 18:25:43,424 [INFO] feature_engineering: Calculating PageRank...
2026-09-26 18:25:43,429 [INFO] feature_engineering: Calculating K-Core...
2026-09-26 18:25:43,430 [INFO] feature_engineering: Calculating Eigenvector Centrality...
2026-09-26 18:25:43,436 [INFO] feature_engineering: Calculating Approximated Betweenness Centrality (k=50)...
2026-09-26 18:25:43,460 [INFO] feature_engineering: Dynamically calculated 10 centrality features for 1981 rows in 0.04 seconds.
2026-09-26 18:25:43,563 [INFO] community_leiden: Detecting communities using Leiden algorithm...
2026-09-26 18:25:43,571 [INFO] community_leiden: Detected 4 communities using Leiden
2026-09-26 18:25:43,703 [INFO] community_detection: Enhanced 1981 flows with community features
2026-09-26 18:25:44,562 [INFO] federated_learning: Generating embeddings for 116 nodes, 1981 edges
2026-09-26 18:25:44,668 [INFO] federated_learning: Generated 1643 flow embeddings
2026-09-26 18:25:44,668 [INFO] federated_learning:     -> [26.7%] Step 60/225 | Running Client 5/5 for behavioral detector...
2026-09-26 18:25:44,674 [INFO] federated_learning: Loaded 1981 records for client 5
2026-09-26 18:25:44,713 [INFO] feature_engineering: Engineered 200 new features for behavioral detection
2026-09-26 18:25:44,714 [INFO] feature_engineering: Calculating centrality features dynamically (Ignoring any dataset pre-computations)...
2026-09-26 18:25:44,717 [INFO] feature_engineering: Calculating Degree Centrality for 106 nodes...
2026-09-26 18:25:44,717 [INFO] feature_engineering: Calculating PageRank...
2026-09-26 18:25:44,722 [INFO] feature_engineering: Calculating K-Core...
2026-09-26 18:25:44,723 [INFO] feature_engineering: Calculating Eigenvector Centrality...
2026-09-26 18:25:44,728 [INFO] feature_engineering: Calculating Approximated Betweenness Centrality (k=50)...
2026-09-26 18:25:44,748 [INFO] feature_engineering: Dynamically calculated 10 centrality features for 1981 rows in 0.03 seconds.
2026-09-26 18:25:44,849 [INFO] community_leiden: Detecting communities using Leiden algorithm...
2026-09-26 18:25:44,856 [INFO] community_leiden: Detected 3 communities using Leiden
2026-09-26 18:25:45,005 [INFO] community_detection: Enhanced 1981 flows with community features
2026-09-26 18:25:45,837 [INFO] federated_learning: Generating embeddings for 106 nodes, 1981 edges
2026-09-26 18:25:45,938 [INFO] federated_learning: Generated 1635 flow embeddings
2026-09-26 18:26:10,644 [INFO] utils: Round 4 metrics logged
2026-09-26 18:26:10,644 [INFO] federated_learning: Round 4 completed in 94.16s, loss: 0.4071
2026-09-26 18:26:10,645 [INFO] federated_learning: Starting round 5/15 (Total System Steps: 225)
2026-09-26 18:26:10,645 [INFO] federated_learning:   -> Processing Temporal Detector...
2026-09-26 18:26:10,645 [INFO] federated_learning:     -> [27.1%] Step 61/225 | Running Client 1/5 for temporal detector...
2026-09-26 18:26:10,650 [INFO] federated_learning: Loaded 1982 records for client 1
2026-09-26 18:26:10,664 [INFO] feature_engineering: Engineered 242 new features for temporal detection
2026-09-26 18:26:10,664 [INFO] feature_engineering: Calculating centrality features dynamically (Ignoring any dataset pre-computations)...
2026-09-26 18:26:10,668 [INFO] feature_engineering: Calculating Degree Centrality for 115 nodes...
2026-09-26 18:26:10,668 [INFO] feature_engineering: Calculating PageRank...
2026-09-26 18:26:10,673 [INFO] feature_engineering: Calculating K-Core...
2026-09-26 18:26:10,674 [INFO] feature_engineering: Calculating Eigenvector Centrality...
2026-09-26 18:26:10,682 [INFO] feature_engineering: Calculating Approximated Betweenness Centrality (k=50)...
2026-09-26 18:26:10,702 [INFO] feature_engineering: Dynamically calculated 10 centrality features for 1982 rows in 0.04 seconds.
2026-09-26 18:26:10,803 [INFO] community_leiden: Detecting communities using Leiden algorithm...
2026-09-26 18:26:10,810 [INFO] community_leiden: Detected 5 communities using Leiden
2026-09-26 18:26:10,948 [INFO] community_detection: Enhanced 1982 flows with community features
2026-09-26 18:26:11,803 [INFO] federated_learning: Generating embeddings for 115 nodes, 1982 edges
2026-09-26 18:26:11,909 [INFO] federated_learning: Generated 1657 flow embeddings
2026-09-26 18:26:11,910 [INFO] federated_learning:     -> [27.6%] Step 62/225 | Running Client 2/5 for temporal detector...
2026-09-26 18:26:11,919 [INFO] federated_learning: Loaded 1982 records for client 2
2026-09-26 18:26:11,933 [INFO] feature_engineering: Engineered 253 new features for temporal detection
2026-09-26 18:26:11,934 [INFO] feature_engineering: Calculating centrality features dynamically (Ignoring any dataset pre-computations)...
2026-09-26 18:26:11,937 [INFO] feature_engineering: Calculating Degree Centrality for 106 nodes...
2026-09-26 18:26:11,937 [INFO] feature_engineering: Calculating PageRank...
2026-09-26 18:26:11,945 [INFO] feature_engineering: Calculating K-Core...
2026-09-26 18:26:11,946 [INFO] feature_engineering: Calculating Eigenvector Centrality...
2026-09-26 18:26:11,952 [INFO] feature_engineering: Calculating Approximated Betweenness Centrality (k=50)...
2026-09-26 18:26:11,975 [INFO] feature_engineering: Dynamically calculated 10 centrality features for 1982 rows in 0.04 seconds.
2026-09-26 18:26:12,077 [INFO] community_leiden: Detecting communities using Leiden algorithm...
2026-09-26 18:26:12,083 [INFO] community_leiden: Detected 3 communities using Leiden
2026-09-26 18:26:12,195 [INFO] community_detection: Enhanced 1982 flows with community features
2026-09-26 18:26:13,042 [INFO] federated_learning: Generating embeddings for 106 nodes, 1982 edges
2026-09-26 18:26:13,147 [INFO] federated_learning: Generated 1656 flow embeddings
2026-09-26 18:26:13,147 [INFO] federated_learning:     -> [28.0%] Step 63/225 | Running Client 3/5 for temporal detector...
2026-09-26 18:26:13,152 [INFO] federated_learning: Loaded 1982 records for client 3
2026-09-26 18:26:13,171 [INFO] feature_engineering: Engineered 264 new features for temporal detection
2026-09-26 18:26:13,172 [INFO] feature_engineering: Calculating centrality features dynamically (Ignoring any dataset pre-computations)...
2026-09-26 18:26:13,175 [INFO] feature_engineering: Calculating Degree Centrality for 94 nodes...
2026-09-26 18:26:13,175 [INFO] feature_engineering: Calculating PageRank...
2026-09-26 18:26:13,181 [INFO] feature_engineering: Calculating K-Core...
2026-09-26 18:26:13,182 [INFO] feature_engineering: Calculating Eigenvector Centrality...
2026-09-26 18:26:13,187 [INFO] feature_engineering: Calculating Approximated Betweenness Centrality (k=50)...
2026-09-26 18:26:13,206 [INFO] feature_engineering: Dynamically calculated 10 centrality features for 1982 rows in 0.03 seconds.
2026-09-26 18:26:13,309 [INFO] community_leiden: Detecting communities using Leiden algorithm...
2026-09-26 18:26:13,316 [INFO] community_leiden: Detected 5 communities using Leiden
2026-09-26 18:26:13,409 [INFO] community_detection: Enhanced 1982 flows with community features
2026-09-26 18:26:14,211 [INFO] federated_learning: Generating embeddings for 94 nodes, 1982 edges
2026-09-26 18:26:14,315 [INFO] federated_learning: Generated 1662 flow embeddings
2026-09-26 18:26:14,316 [INFO] federated_learning:     -> [28.4%] Step 64/225 | Running Client 4/5 for temporal detector...
2026-09-26 18:26:14,321 [INFO] federated_learning: Loaded 1981 records for client 4
2026-09-26 18:26:14,341 [INFO] feature_engineering: Engineered 275 new features for temporal detection
2026-09-26 18:26:14,341 [INFO] feature_engineering: Calculating centrality features dynamically (Ignoring any dataset pre-computations)...
2026-09-26 18:26:14,344 [INFO] feature_engineering: Calculating Degree Centrality for 116 nodes...
2026-09-26 18:26:14,345 [INFO] feature_engineering: Calculating PageRank...
2026-09-26 18:26:14,349 [INFO] feature_engineering: Calculating K-Core...
2026-09-26 18:26:14,350 [INFO] feature_engineering: Calculating Eigenvector Centrality...
2026-09-26 18:26:14,356 [INFO] feature_engineering: Calculating Approximated Betweenness Centrality (k=50)...
2026-09-26 18:26:14,378 [INFO] feature_engineering: Dynamically calculated 10 centrality features for 1981 rows in 0.04 seconds.
2026-09-26 18:26:14,484 [INFO] community_leiden: Detecting communities using Leiden algorithm...
2026-09-26 18:26:14,492 [INFO] community_leiden: Detected 4 communities using Leiden
2026-09-26 18:26:14,628 [INFO] community_detection: Enhanced 1981 flows with community features
2026-09-26 18:26:15,492 [INFO] federated_learning: Generating embeddings for 116 nodes, 1981 edges
2026-09-26 18:26:15,596 [INFO] federated_learning: Generated 1643 flow embeddings
2026-09-26 18:26:15,597 [INFO] federated_learning:     -> [28.9%] Step 65/225 | Running Client 5/5 for temporal detector...
2026-09-26 18:26:15,602 [INFO] federated_learning: Loaded 1981 records for client 5
2026-09-26 18:26:15,617 [INFO] feature_engineering: Engineered 286 new features for temporal detection
2026-09-26 18:26:15,618 [INFO] feature_engineering: Calculating centrality features dynamically (Ignoring any dataset pre-computations)...
2026-09-26 18:26:15,621 [INFO] feature_engineering: Calculating Degree Centrality for 106 nodes...
2026-09-26 18:26:15,622 [INFO] feature_engineering: Calculating PageRank...
2026-09-26 18:26:15,630 [INFO] feature_engineering: Calculating K-Core...
2026-09-26 18:26:15,632 [INFO] feature_engineering: Calculating Eigenvector Centrality...
2026-09-26 18:26:15,639 [INFO] feature_engineering: Calculating Approximated Betweenness Centrality (k=50)...
2026-09-26 18:26:15,659 [INFO] feature_engineering: Dynamically calculated 10 centrality features for 1981 rows in 0.04 seconds.
2026-09-26 18:26:15,760 [INFO] community_leiden: Detecting communities using Leiden algorithm...
2026-09-26 18:26:15,767 [INFO] community_leiden: Detected 3 communities using Leiden
2026-09-26 18:26:15,877 [INFO] community_detection: Enhanced 1981 flows with community features
2026-09-26 18:26:16,711 [INFO] federated_learning: Generating embeddings for 106 nodes, 1981 edges
2026-09-26 18:26:16,815 [INFO] federated_learning: Generated 1635 flow embeddings
2026-09-26 18:26:41,373 [INFO] federated_learning:   -> Processing Content Detector...
2026-09-26 18:26:41,373 [INFO] federated_learning:     -> [29.3%] Step 66/225 | Running Client 1/5 for content detector...
2026-09-26 18:26:41,384 [INFO] federated_learning: Loaded 1982 records for client 1
2026-09-26 18:26:41,397 [INFO] feature_engineering: Engineered 189 new features for content detection
2026-09-26 18:26:41,397 [INFO] feature_engineering: Calculating centrality features dynamically (Ignoring any dataset pre-computations)...
2026-09-26 18:26:41,401 [INFO] feature_engineering: Calculating Degree Centrality for 115 nodes...
2026-09-26 18:26:41,401 [INFO] feature_engineering: Calculating PageRank...
2026-09-26 18:26:41,407 [INFO] feature_engineering: Calculating K-Core...
2026-09-26 18:26:41,408 [INFO] feature_engineering: Calculating Eigenvector Centrality...
2026-09-26 18:26:41,417 [INFO] feature_engineering: Calculating Approximated Betweenness Centrality (k=50)...
2026-09-26 18:26:41,437 [INFO] feature_engineering: Dynamically calculated 10 centrality features for 1982 rows in 0.04 seconds.
2026-09-26 18:26:41,539 [INFO] community_leiden: Detecting communities using Leiden algorithm...
2026-09-26 18:26:41,546 [INFO] community_leiden: Detected 5 communities using Leiden
2026-09-26 18:26:41,689 [INFO] community_detection: Enhanced 1982 flows with community features
2026-09-26 18:26:42,788 [INFO] federated_learning: Generating embeddings for 115 nodes, 1982 edges
2026-09-26 18:26:42,918 [INFO] federated_learning: Generated 1657 flow embeddings
2026-09-26 18:26:42,919 [INFO] federated_learning:     -> [29.8%] Step 67/225 | Running Client 2/5 for content detector...
2026-09-26 18:26:42,924 [INFO] federated_learning: Loaded 1982 records for client 2
2026-09-26 18:26:42,939 [INFO] feature_engineering: Engineered 198 new features for content detection
2026-09-26 18:26:42,940 [INFO] feature_engineering: Calculating centrality features dynamically (Ignoring any dataset pre-computations)...
2026-09-26 18:26:42,943 [INFO] feature_engineering: Calculating Degree Centrality for 106 nodes...
2026-09-26 18:26:42,944 [INFO] feature_engineering: Calculating PageRank...
2026-09-26 18:26:42,949 [INFO] feature_engineering: Calculating K-Core...
2026-09-26 18:26:42,949 [INFO] feature_engineering: Calculating Eigenvector Centrality...
2026-09-26 18:26:42,955 [INFO] feature_engineering: Calculating Approximated Betweenness Centrality (k=50)...
2026-09-26 18:26:42,976 [INFO] feature_engineering: Dynamically calculated 10 centrality features for 1982 rows in 0.04 seconds.
2026-09-26 18:26:43,077 [INFO] community_leiden: Detecting communities using Leiden algorithm...
2026-09-26 18:26:43,084 [INFO] community_leiden: Detected 3 communities using Leiden
2026-09-26 18:26:43,194 [INFO] community_detection: Enhanced 1982 flows with community features
2026-09-26 18:26:44,263 [INFO] federated_learning: Generating embeddings for 106 nodes, 1982 edges
2026-09-26 18:26:44,390 [INFO] federated_learning: Generated 1656 flow embeddings
2026-09-26 18:26:44,391 [INFO] federated_learning:     -> [30.2%] Step 68/225 | Running Client 3/5 for content detector...
2026-09-26 18:26:44,396 [INFO] federated_learning: Loaded 1982 records for client 3
2026-09-26 18:26:44,407 [INFO] feature_engineering: Engineered 207 new features for content detection
2026-09-26 18:26:44,408 [INFO] feature_engineering: Calculating centrality features dynamically (Ignoring any dataset pre-computations)...
2026-09-26 18:26:44,411 [INFO] feature_engineering: Calculating Degree Centrality for 94 nodes...
2026-09-26 18:26:44,411 [INFO] feature_engineering: Calculating PageRank...
2026-09-26 18:26:44,415 [INFO] feature_engineering: Calculating K-Core...
2026-09-26 18:26:44,416 [INFO] feature_engineering: Calculating Eigenvector Centrality...
2026-09-26 18:26:44,421 [INFO] feature_engineering: Calculating Approximated Betweenness Centrality (k=50)...
2026-09-26 18:26:44,440 [INFO] feature_engineering: Dynamically calculated 10 centrality features for 1982 rows in 0.03 seconds.
2026-09-26 18:26:44,541 [INFO] community_leiden: Detecting communities using Leiden algorithm...
2026-09-26 18:26:44,548 [INFO] community_leiden: Detected 5 communities using Leiden
2026-09-26 18:26:44,638 [INFO] community_detection: Enhanced 1982 flows with community features
2026-09-26 18:26:45,722 [INFO] federated_learning: Generating embeddings for 94 nodes, 1982 edges
2026-09-26 18:26:45,850 [INFO] federated_learning: Generated 1662 flow embeddings
2026-09-26 18:26:45,850 [INFO] federated_learning:     -> [30.7%] Step 69/225 | Running Client 4/5 for content detector...
2026-09-26 18:26:45,856 [INFO] federated_learning: Loaded 1981 records for client 4
2026-09-26 18:26:45,867 [INFO] feature_engineering: Engineered 216 new features for content detection
2026-09-26 18:26:45,868 [INFO] feature_engineering: Calculating centrality features dynamically (Ignoring any dataset pre-computations)...
2026-09-26 18:26:45,872 [INFO] feature_engineering: Calculating Degree Centrality for 116 nodes...
2026-09-26 18:26:45,873 [INFO] feature_engineering: Calculating PageRank...
2026-09-26 18:26:45,878 [INFO] feature_engineering: Calculating K-Core...
2026-09-26 18:26:45,879 [INFO] feature_engineering: Calculating Eigenvector Centrality...
2026-09-26 18:26:45,886 [INFO] feature_engineering: Calculating Approximated Betweenness Centrality (k=50)...
2026-09-26 18:26:45,908 [INFO] feature_engineering: Dynamically calculated 10 centrality features for 1981 rows in 0.04 seconds.
2026-09-26 18:26:46,016 [INFO] community_leiden: Detecting communities using Leiden algorithm...
2026-09-26 18:26:46,023 [INFO] community_leiden: Detected 4 communities using Leiden
2026-09-26 18:26:46,159 [INFO] community_detection: Enhanced 1981 flows with community features
2026-09-26 18:26:47,260 [INFO] federated_learning: Generating embeddings for 116 nodes, 1981 edges
2026-09-26 18:26:47,385 [INFO] federated_learning: Generated 1643 flow embeddings
2026-09-26 18:26:47,386 [INFO] federated_learning:     -> [31.1%] Step 70/225 | Running Client 5/5 for content detector...
2026-09-26 18:26:47,391 [INFO] federated_learning: Loaded 1981 records for client 5
2026-09-26 18:26:47,402 [INFO] feature_engineering: Engineered 225 new features for content detection
2026-09-26 18:26:47,403 [INFO] feature_engineering: Calculating centrality features dynamically (Ignoring any dataset pre-computations)...
2026-09-26 18:26:47,406 [INFO] feature_engineering: Calculating Degree Centrality for 106 nodes...
2026-09-26 18:26:47,406 [INFO] feature_engineering: Calculating PageRank...
2026-09-26 18:26:47,411 [INFO] feature_engineering: Calculating K-Core...
2026-09-26 18:26:47,412 [INFO] feature_engineering: Calculating Eigenvector Centrality...
2026-09-26 18:26:47,418 [INFO] feature_engineering: Calculating Approximated Betweenness Centrality (k=50)...
2026-09-26 18:26:47,442 [INFO] feature_engineering: Dynamically calculated 10 centrality features for 1981 rows in 0.04 seconds.
2026-09-26 18:26:47,545 [INFO] community_leiden: Detecting communities using Leiden algorithm...
2026-09-26 18:26:47,553 [INFO] community_leiden: Detected 3 communities using Leiden
2026-09-26 18:26:47,664 [INFO] community_detection: Enhanced 1981 flows with community features
2026-09-26 18:26:48,732 [INFO] federated_learning: Generating embeddings for 106 nodes, 1981 edges
2026-09-26 18:26:48,853 [INFO] federated_learning: Generated 1635 flow embeddings
2026-09-26 18:27:13,576 [INFO] federated_learning:   -> Processing Behavioral Detector...
2026-09-26 18:27:13,576 [INFO] federated_learning:     -> [31.6%] Step 71/225 | Running Client 1/5 for behavioral detector...
2026-09-26 18:27:13,586 [INFO] federated_learning: Loaded 1982 records for client 1
2026-09-26 18:27:13,619 [INFO] feature_engineering: Engineered 210 new features for behavioral detection
2026-09-26 18:27:13,619 [INFO] feature_engineering: Calculating centrality features dynamically (Ignoring any dataset pre-computations)...
2026-09-26 18:27:13,623 [INFO] feature_engineering: Calculating Degree Centrality for 115 nodes...
2026-09-26 18:27:13,623 [INFO] feature_engineering: Calculating PageRank...
2026-09-26 18:27:13,630 [INFO] feature_engineering: Calculating K-Core...
2026-09-26 18:27:13,630 [INFO] feature_engineering: Calculating Eigenvector Centrality...
2026-09-26 18:27:13,639 [INFO] feature_engineering: Calculating Approximated Betweenness Centrality (k=50)...
2026-09-26 18:27:13,660 [INFO] feature_engineering: Dynamically calculated 10 centrality features for 1982 rows in 0.04 seconds.
2026-09-26 18:27:13,763 [INFO] community_leiden: Detecting communities using Leiden algorithm...
2026-09-26 18:27:13,770 [INFO] community_leiden: Detected 5 communities using Leiden
2026-09-26 18:27:13,910 [INFO] community_detection: Enhanced 1982 flows with community features
2026-09-26 18:27:14,814 [INFO] federated_learning: Generating embeddings for 115 nodes, 1982 edges
2026-09-26 18:27:14,930 [INFO] federated_learning: Generated 1657 flow embeddings
2026-09-26 18:27:14,930 [INFO] federated_learning:     -> [32.0%] Step 72/225 | Running Client 2/5 for behavioral detector...
2026-09-26 18:27:14,945 [INFO] federated_learning: Loaded 1982 records for client 2
2026-09-26 18:27:14,991 [INFO] feature_engineering: Engineered 220 new features for behavioral detection
2026-09-26 18:27:14,991 [INFO] feature_engineering: Calculating centrality features dynamically (Ignoring any dataset pre-computations)...
2026-09-26 18:27:14,995 [INFO] feature_engineering: Calculating Degree Centrality for 106 nodes...
2026-09-26 18:27:14,995 [INFO] feature_engineering: Calculating PageRank...
2026-09-26 18:27:15,002 [INFO] feature_engineering: Calculating K-Core...
2026-09-26 18:27:15,003 [INFO] feature_engineering: Calculating Eigenvector Centrality...
2026-09-26 18:27:15,010 [INFO] feature_engineering: Calculating Approximated Betweenness Centrality (k=50)...
2026-09-26 18:27:15,033 [INFO] feature_engineering: Dynamically calculated 10 centrality features for 1982 rows in 0.04 seconds.
2026-09-26 18:27:15,132 [INFO] community_leiden: Detecting communities using Leiden algorithm...
2026-09-26 18:27:15,138 [INFO] community_leiden: Detected 3 communities using Leiden
2026-09-26 18:27:15,252 [INFO] community_detection: Enhanced 1982 flows with community features
2026-09-26 18:27:16,088 [INFO] federated_learning: Generating embeddings for 106 nodes, 1982 edges
2026-09-26 18:27:16,189 [INFO] federated_learning: Generated 1656 flow embeddings
2026-09-26 18:27:16,190 [INFO] federated_learning:     -> [32.4%] Step 73/225 | Running Client 3/5 for behavioral detector...
2026-09-26 18:27:16,196 [INFO] federated_learning: Loaded 1982 records for client 3
2026-09-26 18:27:16,238 [INFO] feature_engineering: Engineered 230 new features for behavioral detection
2026-09-26 18:27:16,239 [INFO] feature_engineering: Calculating centrality features dynamically (Ignoring any dataset pre-computations)...
2026-09-26 18:27:16,242 [INFO] feature_engineering: Calculating Degree Centrality for 94 nodes...
2026-09-26 18:27:16,242 [INFO] feature_engineering: Calculating PageRank...
2026-09-26 18:27:16,247 [INFO] feature_engineering: Calculating K-Core...
2026-09-26 18:27:16,248 [INFO] feature_engineering: Calculating Eigenvector Centrality...
2026-09-26 18:27:16,252 [INFO] feature_engineering: Calculating Approximated Betweenness Centrality (k=50)...
2026-09-26 18:27:16,271 [INFO] feature_engineering: Dynamically calculated 10 centrality features for 1982 rows in 0.03 seconds.
2026-09-26 18:27:16,372 [INFO] community_leiden: Detecting communities using Leiden algorithm...
2026-09-26 18:27:16,379 [INFO] community_leiden: Detected 5 communities using Leiden
2026-09-26 18:27:16,472 [INFO] community_detection: Enhanced 1982 flows with community features
2026-09-26 18:27:17,273 [INFO] federated_learning: Generating embeddings for 94 nodes, 1982 edges
2026-09-26 18:27:17,376 [INFO] federated_learning: Generated 1662 flow embeddings
2026-09-26 18:27:17,376 [INFO] federated_learning:     -> [32.9%] Step 74/225 | Running Client 4/5 for behavioral detector...
2026-09-26 18:27:17,382 [INFO] federated_learning: Loaded 1981 records for client 4
2026-09-26 18:27:17,429 [INFO] feature_engineering: Engineered 240 new features for behavioral detection
2026-09-26 18:27:17,429 [INFO] feature_engineering: Calculating centrality features dynamically (Ignoring any dataset pre-computations)...
2026-09-26 18:27:17,433 [INFO] feature_engineering: Calculating Degree Centrality for 116 nodes...
2026-09-26 18:27:17,433 [INFO] feature_engineering: Calculating PageRank...
2026-09-26 18:27:17,439 [INFO] feature_engineering: Calculating K-Core...
2026-09-26 18:27:17,440 [INFO] feature_engineering: Calculating Eigenvector Centrality...
2026-09-26 18:27:17,446 [INFO] feature_engineering: Calculating Approximated Betweenness Centrality (k=50)...
2026-09-26 18:27:17,468 [INFO] feature_engineering: Dynamically calculated 10 centrality features for 1981 rows in 0.04 seconds.
2026-09-26 18:27:17,569 [INFO] community_leiden: Detecting communities using Leiden algorithm...
2026-09-26 18:27:17,577 [INFO] community_leiden: Detected 4 communities using Leiden
2026-09-26 18:27:17,705 [INFO] community_detection: Enhanced 1981 flows with community features
2026-09-26 18:27:18,547 [INFO] federated_learning: Generating embeddings for 116 nodes, 1981 edges
2026-09-26 18:27:18,648 [INFO] federated_learning: Generated 1643 flow embeddings
2026-09-26 18:27:18,649 [INFO] federated_learning:     -> [33.3%] Step 75/225 | Running Client 5/5 for behavioral detector...
2026-09-26 18:27:18,654 [INFO] federated_learning: Loaded 1981 records for client 5
2026-09-26 18:27:18,694 [INFO] feature_engineering: Engineered 250 new features for behavioral detection
2026-09-26 18:27:18,694 [INFO] feature_engineering: Calculating centrality features dynamically (Ignoring any dataset pre-computations)...
2026-09-26 18:27:18,698 [INFO] feature_engineering: Calculating Degree Centrality for 106 nodes...
2026-09-26 18:27:18,698 [INFO] feature_engineering: Calculating PageRank...
2026-09-26 18:27:18,703 [INFO] feature_engineering: Calculating K-Core...
2026-09-26 18:27:18,704 [INFO] feature_engineering: Calculating Eigenvector Centrality...
2026-09-26 18:27:18,709 [INFO] feature_engineering: Calculating Approximated Betweenness Centrality (k=50)...
2026-09-26 18:27:18,730 [INFO] feature_engineering: Dynamically calculated 10 centrality features for 1981 rows in 0.04 seconds.
2026-09-26 18:27:18,831 [INFO] community_leiden: Detecting communities using Leiden algorithm...
2026-09-26 18:27:18,838 [INFO] community_leiden: Detected 3 communities using Leiden
2026-09-26 18:27:18,949 [INFO] community_detection: Enhanced 1981 flows with community features
2026-09-26 18:27:19,769 [INFO] federated_learning: Generating embeddings for 106 nodes, 1981 edges
2026-09-26 18:27:19,870 [INFO] federated_learning: Generated 1635 flow embeddings
2026-09-26 18:27:44,625 [INFO] utils: Round 5 metrics logged
2026-09-26 18:27:44,626 [INFO] federated_learning: Round 5 completed in 93.98s, loss: 0.2761
2026-09-26 18:27:44,627 [INFO] federated_learning: Starting round 6/15 (Total System Steps: 225)
2026-09-26 18:27:44,627 [INFO] federated_learning:   -> Processing Temporal Detector...
2026-09-26 18:27:44,627 [INFO] federated_learning:     -> [33.8%] Step 76/225 | Running Client 1/5 for temporal detector...
2026-09-26 18:27:44,632 [INFO] federated_learning: Loaded 1982 records for client 1
2026-09-26 18:27:44,645 [INFO] feature_engineering: Engineered 297 new features for temporal detection
2026-09-26 18:27:44,646 [INFO] feature_engineering: Calculating centrality features dynamically (Ignoring any dataset pre-computations)...
2026-09-26 18:27:44,649 [INFO] feature_engineering: Calculating Degree Centrality for 115 nodes...
2026-09-26 18:27:44,650 [INFO] feature_engineering: Calculating PageRank...
2026-09-26 18:27:44,654 [INFO] feature_engineering: Calculating K-Core...
2026-09-26 18:27:44,655 [INFO] feature_engineering: Calculating Eigenvector Centrality...
2026-09-26 18:27:44,663 [INFO] feature_engineering: Calculating Approximated Betweenness Centrality (k=50)...
2026-09-26 18:27:44,687 [INFO] feature_engineering: Dynamically calculated 10 centrality features for 1982 rows in 0.04 seconds.
2026-09-26 18:27:44,787 [INFO] community_leiden: Detecting communities using Leiden algorithm...
2026-09-26 18:27:44,793 [INFO] community_leiden: Detected 5 communities using Leiden
2026-09-26 18:27:44,942 [INFO] community_detection: Enhanced 1982 flows with community features
2026-09-26 18:27:45,805 [INFO] federated_learning: Generating embeddings for 115 nodes, 1982 edges
2026-09-26 18:27:45,912 [INFO] federated_learning: Generated 1657 flow embeddings
2026-09-26 18:27:45,913 [INFO] federated_learning:     -> [34.2%] Step 77/225 | Running Client 2/5 for temporal detector...
2026-09-26 18:27:45,919 [INFO] federated_learning: Loaded 1982 records for client 2
2026-09-26 18:27:45,936 [INFO] feature_engineering: Engineered 308 new features for temporal detection
2026-09-26 18:27:45,936 [INFO] feature_engineering: Calculating centrality features dynamically (Ignoring any dataset pre-computations)...
2026-09-26 18:27:45,940 [INFO] feature_engineering: Calculating Degree Centrality for 106 nodes...
2026-09-26 18:27:45,940 [INFO] feature_engineering: Calculating PageRank...
2026-09-26 18:27:45,945 [INFO] feature_engineering: Calculating K-Core...
2026-09-26 18:27:45,945 [INFO] feature_engineering: Calculating Eigenvector Centrality...
2026-09-26 18:27:45,951 [INFO] feature_engineering: Calculating Approximated Betweenness Centrality (k=50)...
2026-09-26 18:27:45,972 [INFO] feature_engineering: Dynamically calculated 10 centrality features for 1982 rows in 0.04 seconds.
2026-09-26 18:27:46,074 [INFO] community_leiden: Detecting communities using Leiden algorithm...
2026-09-26 18:27:46,080 [INFO] community_leiden: Detected 3 communities using Leiden
2026-09-26 18:27:46,191 [INFO] community_detection: Enhanced 1982 flows with community features
2026-09-26 18:27:46,997 [INFO] federated_learning: Generating embeddings for 106 nodes, 1982 edges
2026-09-26 18:27:47,107 [INFO] federated_learning: Generated 1656 flow embeddings
2026-09-26 18:27:47,108 [INFO] federated_learning:     -> [34.7%] Step 78/225 | Running Client 3/5 for temporal detector...
2026-09-26 18:27:47,113 [INFO] federated_learning: Loaded 1982 records for client 3
2026-09-26 18:27:47,135 [INFO] feature_engineering: Engineered 319 new features for temporal detection
2026-09-26 18:27:47,135 [INFO] feature_engineering: Calculating centrality features dynamically (Ignoring any dataset pre-computations)...
2026-09-26 18:27:47,139 [INFO] feature_engineering: Calculating Degree Centrality for 94 nodes...
2026-09-26 18:27:47,139 [INFO] feature_engineering: Calculating PageRank...
2026-09-26 18:27:47,144 [INFO] feature_engineering: Calculating K-Core...
2026-09-26 18:27:47,144 [INFO] feature_engineering: Calculating Eigenvector Centrality...
2026-09-26 18:27:47,149 [INFO] feature_engineering: Calculating Approximated Betweenness Centrality (k=50)...
2026-09-26 18:27:47,169 [INFO] feature_engineering: Dynamically calculated 10 centrality features for 1982 rows in 0.03 seconds.
2026-09-26 18:27:47,273 [INFO] community_leiden: Detecting communities using Leiden algorithm...
2026-09-26 18:27:47,280 [INFO] community_leiden: Detected 5 communities using Leiden
2026-09-26 18:27:47,371 [INFO] community_detection: Enhanced 1982 flows with community features
2026-09-26 18:27:48,158 [INFO] federated_learning: Generating embeddings for 94 nodes, 1982 edges
2026-09-26 18:27:48,263 [INFO] federated_learning: Generated 1662 flow embeddings
2026-09-26 18:27:48,263 [INFO] federated_learning:     -> [35.1%] Step 79/225 | Running Client 4/5 for temporal detector...
2026-09-26 18:27:48,269 [INFO] federated_learning: Loaded 1981 records for client 4
2026-09-26 18:27:48,287 [INFO] feature_engineering: Engineered 330 new features for temporal detection
2026-09-26 18:27:48,287 [INFO] feature_engineering: Calculating centrality features dynamically (Ignoring any dataset pre-computations)...
2026-09-26 18:27:48,290 [INFO] feature_engineering: Calculating Degree Centrality for 116 nodes...
2026-09-26 18:27:48,291 [INFO] feature_engineering: Calculating PageRank...
2026-09-26 18:27:48,296 [INFO] feature_engineering: Calculating K-Core...
2026-09-26 18:27:48,297 [INFO] feature_engineering: Calculating Eigenvector Centrality...
2026-09-26 18:27:48,302 [INFO] feature_engineering: Calculating Approximated Betweenness Centrality (k=50)...
2026-09-26 18:27:48,324 [INFO] feature_engineering: Dynamically calculated 10 centrality features for 1981 rows in 0.04 seconds.
2026-09-26 18:27:48,426 [INFO] community_leiden: Detecting communities using Leiden algorithm...
2026-09-26 18:27:48,434 [INFO] community_leiden: Detected 4 communities using Leiden
2026-09-26 18:27:48,563 [INFO] community_detection: Enhanced 1981 flows with community features
2026-09-26 18:27:49,393 [INFO] federated_learning: Generating embeddings for 116 nodes, 1981 edges
2026-09-26 18:27:49,499 [INFO] federated_learning: Generated 1643 flow embeddings
2026-09-26 18:27:49,500 [INFO] federated_learning:     -> [35.6%] Step 80/225 | Running Client 5/5 for temporal detector...
2026-09-26 18:27:49,505 [INFO] federated_learning: Loaded 1981 records for client 5
2026-09-26 18:27:49,525 [INFO] feature_engineering: Engineered 341 new features for temporal detection
2026-09-26 18:27:49,526 [INFO] feature_engineering: Calculating centrality features dynamically (Ignoring any dataset pre-computations)...
2026-09-26 18:27:49,529 [INFO] feature_engineering: Calculating Degree Centrality for 106 nodes...
2026-09-26 18:27:49,529 [INFO] feature_engineering: Calculating PageRank...
2026-09-26 18:27:49,534 [INFO] feature_engineering: Calculating K-Core...
2026-09-26 18:27:49,535 [INFO] feature_engineering: Calculating Eigenvector Centrality...
2026-09-26 18:27:49,540 [INFO] feature_engineering: Calculating Approximated Betweenness Centrality (k=50)...
2026-09-26 18:27:49,560 [INFO] feature_engineering: Dynamically calculated 10 centrality features for 1981 rows in 0.03 seconds.
2026-09-26 18:27:49,660 [INFO] community_leiden: Detecting communities using Leiden algorithm...
2026-09-26 18:27:49,667 [INFO] community_leiden: Detected 3 communities using Leiden
2026-09-26 18:27:49,778 [INFO] community_detection: Enhanced 1981 flows with community features
2026-09-26 18:27:50,616 [INFO] federated_learning: Generating embeddings for 106 nodes, 1981 edges
2026-09-26 18:27:50,717 [INFO] federated_learning: Generated 1635 flow embeddings
2026-09-26 18:28:15,271 [INFO] federated_learning:   -> Processing Content Detector...
2026-09-26 18:28:15,271 [INFO] federated_learning:     -> [36.0%] Step 81/225 | Running Client 1/5 for content detector...
2026-09-26 18:28:15,276 [INFO] federated_learning: Loaded 1982 records for client 1
2026-09-26 18:28:15,288 [INFO] feature_engineering: Engineered 234 new features for content detection
2026-09-26 18:28:15,288 [INFO] feature_engineering: Calculating centrality features dynamically (Ignoring any dataset pre-computations)...
2026-09-26 18:28:15,292 [INFO] feature_engineering: Calculating Degree Centrality for 115 nodes...
2026-09-26 18:28:15,292 [INFO] feature_engineering: Calculating PageRank...
2026-09-26 18:28:15,297 [INFO] feature_engineering: Calculating K-Core...
2026-09-26 18:28:15,297 [INFO] feature_engineering: Calculating Eigenvector Centrality...
2026-09-26 18:28:15,306 [INFO] feature_engineering: Calculating Approximated Betweenness Centrality (k=50)...
2026-09-26 18:28:15,326 [INFO] feature_engineering: Dynamically calculated 10 centrality features for 1982 rows in 0.04 seconds.
2026-09-26 18:28:15,426 [INFO] community_leiden: Detecting communities using Leiden algorithm...
2026-09-26 18:28:15,433 [INFO] community_leiden: Detected 5 communities using Leiden
2026-09-26 18:28:15,567 [INFO] community_detection: Enhanced 1982 flows with community features
2026-09-26 18:28:16,676 [INFO] federated_learning: Generating embeddings for 115 nodes, 1982 edges
2026-09-26 18:28:16,802 [INFO] federated_learning: Generated 1657 flow embeddings
2026-09-26 18:28:16,803 [INFO] federated_learning:     -> [36.4%] Step 82/225 | Running Client 2/5 for content detector...
2026-09-26 18:28:16,810 [INFO] federated_learning: Loaded 1982 records for client 2
2026-09-26 18:28:16,822 [INFO] feature_engineering: Engineered 243 new features for content detection
2026-09-26 18:28:16,822 [INFO] feature_engineering: Calculating centrality features dynamically (Ignoring any dataset pre-computations)...
2026-09-26 18:28:16,826 [INFO] feature_engineering: Calculating Degree Centrality for 106 nodes...
2026-09-26 18:28:16,826 [INFO] feature_engineering: Calculating PageRank...
2026-09-26 18:28:16,832 [INFO] feature_engineering: Calculating K-Core...
2026-09-26 18:28:16,833 [INFO] feature_engineering: Calculating Eigenvector Centrality...
2026-09-26 18:28:16,839 [INFO] feature_engineering: Calculating Approximated Betweenness Centrality (k=50)...
2026-09-26 18:28:16,861 [INFO] feature_engineering: Dynamically calculated 10 centrality features for 1982 rows in 0.04 seconds.
2026-09-26 18:28:16,963 [INFO] community_leiden: Detecting communities using Leiden algorithm...
2026-09-26 18:28:16,970 [INFO] community_leiden: Detected 3 communities using Leiden
2026-09-26 18:28:17,084 [INFO] community_detection: Enhanced 1982 flows with community features
2026-09-26 18:28:18,149 [INFO] federated_learning: Generating embeddings for 106 nodes, 1982 edges
2026-09-26 18:28:18,276 [INFO] federated_learning: Generated 1656 flow embeddings
2026-09-26 18:28:18,277 [INFO] federated_learning:     -> [36.9%] Step 83/225 | Running Client 3/5 for content detector...
2026-09-26 18:28:18,282 [INFO] federated_learning: Loaded 1982 records for client 3
2026-09-26 18:28:18,294 [INFO] feature_engineering: Engineered 252 new features for content detection
2026-09-26 18:28:18,294 [INFO] feature_engineering: Calculating centrality features dynamically (Ignoring any dataset pre-computations)...
2026-09-26 18:28:18,297 [INFO] feature_engineering: Calculating Degree Centrality for 94 nodes...
2026-09-26 18:28:18,297 [INFO] feature_engineering: Calculating PageRank...
2026-09-26 18:28:18,302 [INFO] feature_engineering: Calculating K-Core...
2026-09-26 18:28:18,303 [INFO] feature_engineering: Calculating Eigenvector Centrality...
2026-09-26 18:28:18,308 [INFO] feature_engineering: Calculating Approximated Betweenness Centrality (k=50)...
2026-09-26 18:28:18,327 [INFO] feature_engineering: Dynamically calculated 10 centrality features for 1982 rows in 0.03 seconds.
2026-09-26 18:28:18,429 [INFO] community_leiden: Detecting communities using Leiden algorithm...
2026-09-26 18:28:18,435 [INFO] community_leiden: Detected 5 communities using Leiden
2026-09-26 18:28:18,527 [INFO] community_detection: Enhanced 1982 flows with community features
2026-09-26 18:28:19,552 [INFO] federated_learning: Generating embeddings for 94 nodes, 1982 edges
2026-09-26 18:28:19,677 [INFO] federated_learning: Generated 1662 flow embeddings
2026-09-26 18:28:19,678 [INFO] federated_learning:     -> [37.3%] Step 84/225 | Running Client 4/5 for content detector...
2026-09-26 18:28:19,684 [INFO] federated_learning: Loaded 1981 records for client 4
2026-09-26 18:28:19,695 [INFO] feature_engineering: Engineered 261 new features for content detection
2026-09-26 18:28:19,695 [INFO] feature_engineering: Calculating centrality features dynamically (Ignoring any dataset pre-computations)...
2026-09-26 18:28:19,700 [INFO] feature_engineering: Calculating Degree Centrality for 116 nodes...
2026-09-26 18:28:19,701 [INFO] feature_engineering: Calculating PageRank...
2026-09-26 18:28:19,706 [INFO] feature_engineering: Calculating K-Core...
2026-09-26 18:28:19,707 [INFO] feature_engineering: Calculating Eigenvector Centrality...
2026-09-26 18:28:19,713 [INFO] feature_engineering: Calculating Approximated Betweenness Centrality (k=50)...
2026-09-26 18:28:19,736 [INFO] feature_engineering: Dynamically calculated 10 centrality features for 1981 rows in 0.04 seconds.
2026-09-26 18:28:19,837 [INFO] community_leiden: Detecting communities using Leiden algorithm...
2026-09-26 18:28:19,844 [INFO] community_leiden: Detected 4 communities using Leiden
2026-09-26 18:28:19,975 [INFO] community_detection: Enhanced 1981 flows with community features
2026-09-26 18:28:21,070 [INFO] federated_learning: Generating embeddings for 116 nodes, 1981 edges
2026-09-26 18:28:21,199 [INFO] federated_learning: Generated 1643 flow embeddings
2026-09-26 18:28:21,200 [INFO] federated_learning:     -> [37.8%] Step 85/225 | Running Client 5/5 for content detector...
2026-09-26 18:28:21,205 [INFO] federated_learning: Loaded 1981 records for client 5
2026-09-26 18:28:21,217 [INFO] feature_engineering: Engineered 270 new features for content detection
2026-09-26 18:28:21,217 [INFO] feature_engineering: Calculating centrality features dynamically (Ignoring any dataset pre-computations)...
2026-09-26 18:28:21,220 [INFO] feature_engineering: Calculating Degree Centrality for 106 nodes...
2026-09-26 18:28:21,221 [INFO] feature_engineering: Calculating PageRank...
2026-09-26 18:28:21,225 [INFO] feature_engineering: Calculating K-Core...
2026-09-26 18:28:21,226 [INFO] feature_engineering: Calculating Eigenvector Centrality...
2026-09-26 18:28:21,232 [INFO] feature_engineering: Calculating Approximated Betweenness Centrality (k=50)...
2026-09-26 18:28:21,252 [INFO] feature_engineering: Dynamically calculated 10 centrality features for 1981 rows in 0.03 seconds.
2026-09-26 18:28:21,352 [INFO] community_leiden: Detecting communities using Leiden algorithm...
2026-09-26 18:28:21,358 [INFO] community_leiden: Detected 3 communities using Leiden
2026-09-26 18:28:21,469 [INFO] community_detection: Enhanced 1981 flows with community features
2026-09-26 18:28:22,537 [INFO] federated_learning: Generating embeddings for 106 nodes, 1981 edges
2026-09-26 18:28:22,661 [INFO] federated_learning: Generated 1635 flow embeddings
2026-09-26 18:28:47,226 [INFO] federated_learning:   -> Processing Behavioral Detector...
2026-09-26 18:28:47,226 [INFO] federated_learning:     -> [38.2%] Step 86/225 | Running Client 1/5 for behavioral detector...
2026-09-26 18:28:47,232 [INFO] federated_learning: Loaded 1982 records for client 1
2026-09-26 18:28:47,264 [INFO] feature_engineering: Engineered 260 new features for behavioral detection
2026-09-26 18:28:47,265 [INFO] feature_engineering: Calculating centrality features dynamically (Ignoring any dataset pre-computations)...
2026-09-26 18:28:47,268 [INFO] feature_engineering: Calculating Degree Centrality for 115 nodes...
2026-09-26 18:28:47,268 [INFO] feature_engineering: Calculating PageRank...
2026-09-26 18:28:47,273 [INFO] feature_engineering: Calculating K-Core...
2026-09-26 18:28:47,274 [INFO] feature_engineering: Calculating Eigenvector Centrality...
2026-09-26 18:28:47,283 [INFO] feature_engineering: Calculating Approximated Betweenness Centrality (k=50)...
2026-09-26 18:28:47,304 [INFO] feature_engineering: Dynamically calculated 10 centrality features for 1982 rows in 0.04 seconds.
2026-09-26 18:28:47,403 [INFO] community_leiden: Detecting communities using Leiden algorithm...
2026-09-26 18:28:47,410 [INFO] community_leiden: Detected 5 communities using Leiden
2026-09-26 18:28:47,544 [INFO] community_detection: Enhanced 1982 flows with community features
2026-09-26 18:28:48,393 [INFO] federated_learning: Generating embeddings for 115 nodes, 1982 edges
2026-09-26 18:28:48,499 [INFO] federated_learning: Generated 1657 flow embeddings
2026-09-26 18:28:48,499 [INFO] federated_learning:     -> [38.7%] Step 87/225 | Running Client 2/5 for behavioral detector...
2026-09-26 18:28:48,505 [INFO] federated_learning: Loaded 1982 records for client 2
2026-09-26 18:28:48,547 [INFO] feature_engineering: Engineered 270 new features for behavioral detection
2026-09-26 18:28:48,548 [INFO] feature_engineering: Calculating centrality features dynamically (Ignoring any dataset pre-computations)...
2026-09-26 18:28:48,551 [INFO] feature_engineering: Calculating Degree Centrality for 106 nodes...
2026-09-26 18:28:48,552 [INFO] feature_engineering: Calculating PageRank...
2026-09-26 18:28:48,557 [INFO] feature_engineering: Calculating K-Core...
2026-09-26 18:28:48,558 [INFO] feature_engineering: Calculating Eigenvector Centrality...
2026-09-26 18:28:48,564 [INFO] feature_engineering: Calculating Approximated Betweenness Centrality (k=50)...
2026-09-26 18:28:48,585 [INFO] feature_engineering: Dynamically calculated 10 centrality features for 1982 rows in 0.04 seconds.
2026-09-26 18:28:48,685 [INFO] community_leiden: Detecting communities using Leiden algorithm...
2026-09-26 18:28:48,692 [INFO] community_leiden: Detected 3 communities using Leiden
2026-09-26 18:28:48,801 [INFO] community_detection: Enhanced 1982 flows with community features
2026-09-26 18:28:49,625 [INFO] federated_learning: Generating embeddings for 106 nodes, 1982 edges
2026-09-26 18:28:49,730 [INFO] federated_learning: Generated 1656 flow embeddings
2026-09-26 18:28:49,731 [INFO] federated_learning:     -> [39.1%] Step 88/225 | Running Client 3/5 for behavioral detector...
2026-09-26 18:28:49,737 [INFO] federated_learning: Loaded 1982 records for client 3
2026-09-26 18:28:49,773 [INFO] feature_engineering: Engineered 280 new features for behavioral detection
2026-09-26 18:28:49,774 [INFO] feature_engineering: Calculating centrality features dynamically (Ignoring any dataset pre-computations)...
2026-09-26 18:28:49,777 [INFO] feature_engineering: Calculating Degree Centrality for 94 nodes...
2026-09-26 18:28:49,778 [INFO] feature_engineering: Calculating PageRank...
2026-09-26 18:28:49,783 [INFO] feature_engineering: Calculating K-Core...
2026-09-26 18:28:49,783 [INFO] feature_engineering: Calculating Eigenvector Centrality...
2026-09-26 18:28:49,788 [INFO] feature_engineering: Calculating Approximated Betweenness Centrality (k=50)...
2026-09-26 18:28:49,807 [INFO] feature_engineering: Dynamically calculated 10 centrality features for 1982 rows in 0.03 seconds.
2026-09-26 18:28:49,911 [INFO] community_leiden: Detecting communities using Leiden algorithm...
2026-09-26 18:28:49,918 [INFO] community_leiden: Detected 5 communities using Leiden
2026-09-26 18:28:50,009 [INFO] community_detection: Enhanced 1982 flows with community features
2026-09-26 18:28:50,808 [INFO] federated_learning: Generating embeddings for 94 nodes, 1982 edges
2026-09-26 18:28:50,912 [INFO] federated_learning: Generated 1662 flow embeddings
2026-09-26 18:28:50,912 [INFO] federated_learning:     -> [39.6%] Step 89/225 | Running Client 4/5 for behavioral detector...
2026-09-26 18:28:50,918 [INFO] federated_learning: Loaded 1981 records for client 4
2026-09-26 18:28:50,965 [INFO] feature_engineering: Engineered 290 new features for behavioral detection
2026-09-26 18:28:50,965 [INFO] feature_engineering: Calculating centrality features dynamically (Ignoring any dataset pre-computations)...
2026-09-26 18:28:50,969 [INFO] feature_engineering: Calculating Degree Centrality for 116 nodes...
2026-09-26 18:28:50,969 [INFO] feature_engineering: Calculating PageRank...
2026-09-26 18:28:50,975 [INFO] feature_engineering: Calculating K-Core...
2026-09-26 18:28:50,976 [INFO] feature_engineering: Calculating Eigenvector Centrality...
2026-09-26 18:28:50,983 [INFO] feature_engineering: Calculating Approximated Betweenness Centrality (k=50)...
2026-09-26 18:28:51,004 [INFO] feature_engineering: Dynamically calculated 10 centrality features for 1981 rows in 0.04 seconds.
2026-09-26 18:28:51,103 [INFO] community_leiden: Detecting communities using Leiden algorithm...
2026-09-26 18:28:51,111 [INFO] community_leiden: Detected 4 communities using Leiden
2026-09-26 18:28:51,242 [INFO] community_detection: Enhanced 1981 flows with community features
2026-09-26 18:28:52,092 [INFO] federated_learning: Generating embeddings for 116 nodes, 1981 edges
2026-09-26 18:28:52,194 [INFO] federated_learning: Generated 1643 flow embeddings
2026-09-26 18:28:52,194 [INFO] federated_learning:     -> [40.0%] Step 90/225 | Running Client 5/5 for behavioral detector...
2026-09-26 18:28:52,200 [INFO] federated_learning: Loaded 1981 records for client 5
2026-09-26 18:28:52,241 [INFO] feature_engineering: Engineered 300 new features for behavioral detection
2026-09-26 18:28:52,241 [INFO] feature_engineering: Calculating centrality features dynamically (Ignoring any dataset pre-computations)...
2026-09-26 18:28:52,245 [INFO] feature_engineering: Calculating Degree Centrality for 106 nodes...
2026-09-26 18:28:52,245 [INFO] feature_engineering: Calculating PageRank...
2026-09-26 18:28:52,250 [INFO] feature_engineering: Calculating K-Core...
2026-09-26 18:28:52,251 [INFO] feature_engineering: Calculating Eigenvector Centrality...
2026-09-26 18:28:52,256 [INFO] feature_engineering: Calculating Approximated Betweenness Centrality (k=50)...
2026-09-26 18:28:52,277 [INFO] feature_engineering: Dynamically calculated 10 centrality features for 1981 rows in 0.04 seconds.
2026-09-26 18:28:52,379 [INFO] community_leiden: Detecting communities using Leiden algorithm...
2026-09-26 18:28:52,385 [INFO] community_leiden: Detected 3 communities using Leiden
2026-09-26 18:28:52,495 [INFO] community_detection: Enhanced 1981 flows with community features
2026-09-26 18:28:53,336 [INFO] federated_learning: Generating embeddings for 106 nodes, 1981 edges
2026-09-26 18:28:53,437 [INFO] federated_learning: Generated 1635 flow embeddings
2026-09-26 18:29:18,100 [INFO] utils: Round 6 metrics logged
2026-09-26 18:29:18,101 [INFO] federated_learning: Round 6 completed in 93.47s, loss: 0.2182
2026-09-26 18:29:18,102 [INFO] federated_learning: Starting round 7/15 (Total System Steps: 225)
2026-09-26 18:29:18,102 [INFO] federated_learning:   -> Processing Temporal Detector...
2026-09-26 18:29:18,102 [INFO] federated_learning:     -> [40.4%] Step 91/225 | Running Client 1/5 for temporal detector...
2026-09-26 18:29:18,107 [INFO] federated_learning: Loaded 1982 records for client 1
2026-09-26 18:29:18,121 [INFO] feature_engineering: Engineered 352 new features for temporal detection
2026-09-26 18:29:18,122 [INFO] feature_engineering: Calculating centrality features dynamically (Ignoring any dataset pre-computations)...
2026-09-26 18:29:18,125 [INFO] feature_engineering: Calculating Degree Centrality for 115 nodes...
2026-09-26 18:29:18,126 [INFO] feature_engineering: Calculating PageRank...
2026-09-26 18:29:18,131 [INFO] feature_engineering: Calculating K-Core...
2026-09-26 18:29:18,132 [INFO] feature_engineering: Calculating Eigenvector Centrality...
2026-09-26 18:29:18,140 [INFO] feature_engineering: Calculating Approximated Betweenness Centrality (k=50)...
2026-09-26 18:29:18,162 [INFO] feature_engineering: Dynamically calculated 10 centrality features for 1982 rows in 0.04 seconds.
2026-09-26 18:29:18,266 [INFO] community_leiden: Detecting communities using Leiden algorithm...
2026-09-26 18:29:18,273 [INFO] community_leiden: Detected 5 communities using Leiden
2026-09-26 18:29:18,410 [INFO] community_detection: Enhanced 1982 flows with community features
2026-09-26 18:29:19,297 [INFO] federated_learning: Generating embeddings for 115 nodes, 1982 edges
2026-09-26 18:29:19,404 [INFO] federated_learning: Generated 1657 flow embeddings
2026-09-26 18:29:19,405 [INFO] federated_learning:     -> [40.9%] Step 92/225 | Running Client 2/5 for temporal detector...
2026-09-26 18:29:19,410 [INFO] federated_learning: Loaded 1982 records for client 2
2026-09-26 18:29:19,427 [INFO] feature_engineering: Engineered 363 new features for temporal detection
2026-09-26 18:29:19,428 [INFO] feature_engineering: Calculating centrality features dynamically (Ignoring any dataset pre-computations)...
2026-09-26 18:29:19,431 [INFO] feature_engineering: Calculating Degree Centrality for 106 nodes...
2026-09-26 18:29:19,432 [INFO] feature_engineering: Calculating PageRank...
2026-09-26 18:29:19,436 [INFO] feature_engineering: Calculating K-Core...
2026-09-26 18:29:19,437 [INFO] feature_engineering: Calculating Eigenvector Centrality...
2026-09-26 18:29:19,443 [INFO] feature_engineering: Calculating Approximated Betweenness Centrality (k=50)...
2026-09-26 18:29:19,463 [INFO] feature_engineering: Dynamically calculated 10 centrality features for 1982 rows in 0.03 seconds.
2026-09-26 18:29:19,564 [INFO] community_leiden: Detecting communities using Leiden algorithm...
2026-09-26 18:29:19,572 [INFO] community_leiden: Detected 3 communities using Leiden
2026-09-26 18:29:19,681 [INFO] community_detection: Enhanced 1982 flows with community features
2026-09-26 18:29:20,497 [INFO] federated_learning: Generating embeddings for 106 nodes, 1982 edges
2026-09-26 18:29:20,602 [INFO] federated_learning: Generated 1656 flow embeddings
2026-09-26 18:29:20,602 [INFO] federated_learning:     -> [41.3%] Step 93/225 | Running Client 3/5 for temporal detector...
2026-09-26 18:29:20,608 [INFO] federated_learning: Loaded 1982 records for client 3
2026-09-26 18:29:20,629 [INFO] feature_engineering: Engineered 374 new features for temporal detection
2026-09-26 18:29:20,629 [INFO] feature_engineering: Calculating centrality features dynamically (Ignoring any dataset pre-computations)...
2026-09-26 18:29:20,632 [INFO] feature_engineering: Calculating Degree Centrality for 94 nodes...
2026-09-26 18:29:20,633 [INFO] feature_engineering: Calculating PageRank...
2026-09-26 18:29:20,637 [INFO] feature_engineering: Calculating K-Core...
2026-09-26 18:29:20,638 [INFO] feature_engineering: Calculating Eigenvector Centrality...
2026-09-26 18:29:20,642 [INFO] feature_engineering: Calculating Approximated Betweenness Centrality (k=50)...
2026-09-26 18:29:20,661 [INFO] feature_engineering: Dynamically calculated 10 centrality features for 1982 rows in 0.03 seconds.
2026-09-26 18:29:20,761 [INFO] community_leiden: Detecting communities using Leiden algorithm...
2026-09-26 18:29:20,768 [INFO] community_leiden: Detected 5 communities using Leiden
2026-09-26 18:29:20,857 [INFO] community_detection: Enhanced 1982 flows with community features
2026-09-26 18:29:21,652 [INFO] federated_learning: Generating embeddings for 94 nodes, 1982 edges
2026-09-26 18:29:21,755 [INFO] federated_learning: Generated 1662 flow embeddings
2026-09-26 18:29:21,756 [INFO] federated_learning:     -> [41.8%] Step 94/225 | Running Client 4/5 for temporal detector...
2026-09-26 18:29:21,762 [INFO] federated_learning: Loaded 1981 records for client 4
2026-09-26 18:29:21,779 [INFO] feature_engineering: Engineered 385 new features for temporal detection
2026-09-26 18:29:21,780 [INFO] feature_engineering: Calculating centrality features dynamically (Ignoring any dataset pre-computations)...
2026-09-26 18:29:21,783 [INFO] feature_engineering: Calculating Degree Centrality for 116 nodes...
2026-09-26 18:29:21,784 [INFO] feature_engineering: Calculating PageRank...
2026-09-26 18:29:21,789 [INFO] feature_engineering: Calculating K-Core...
2026-09-26 18:29:21,790 [INFO] feature_engineering: Calculating Eigenvector Centrality...
2026-09-26 18:29:21,796 [INFO] feature_engineering: Calculating Approximated Betweenness Centrality (k=50)...
2026-09-26 18:29:21,817 [INFO] feature_engineering: Dynamically calculated 10 centrality features for 1981 rows in 0.04 seconds.
2026-09-26 18:29:21,917 [INFO] community_leiden: Detecting communities using Leiden algorithm...
2026-09-26 18:29:21,924 [INFO] community_leiden: Detected 4 communities using Leiden
2026-09-26 18:29:22,056 [INFO] community_detection: Enhanced 1981 flows with community features
2026-09-26 18:29:22,895 [INFO] federated_learning: Generating embeddings for 116 nodes, 1981 edges
2026-09-26 18:29:23,005 [INFO] federated_learning: Generated 1643 flow embeddings
2026-09-26 18:29:23,006 [INFO] federated_learning:     -> [42.2%] Step 95/225 | Running Client 5/5 for temporal detector...
2026-09-26 18:29:23,011 [INFO] federated_learning: Loaded 1981 records for client 5
2026-09-26 18:29:23,031 [INFO] feature_engineering: Engineered 396 new features for temporal detection
2026-09-26 18:29:23,031 [INFO] feature_engineering: Calculating centrality features dynamically (Ignoring any dataset pre-computations)...
2026-09-26 18:29:23,035 [INFO] feature_engineering: Calculating Degree Centrality for 106 nodes...
2026-09-26 18:29:23,035 [INFO] feature_engineering: Calculating PageRank...
2026-09-26 18:29:23,040 [INFO] feature_engineering: Calculating K-Core...
2026-09-26 18:29:23,041 [INFO] feature_engineering: Calculating Eigenvector Centrality...
2026-09-26 18:29:23,047 [INFO] feature_engineering: Calculating Approximated Betweenness Centrality (k=50)...
2026-09-26 18:29:23,067 [INFO] feature_engineering: Dynamically calculated 10 centrality features for 1981 rows in 0.03 seconds.
2026-09-26 18:29:23,168 [INFO] community_leiden: Detecting communities using Leiden algorithm...
2026-09-26 18:29:23,174 [INFO] community_leiden: Detected 3 communities using Leiden
2026-09-26 18:29:23,286 [INFO] community_detection: Enhanced 1981 flows with community features
2026-09-26 18:29:24,103 [INFO] federated_learning: Generating embeddings for 106 nodes, 1981 edges
2026-09-26 18:29:24,203 [INFO] federated_learning: Generated 1635 flow embeddings
2026-09-26 18:29:48,760 [INFO] federated_learning:   -> Processing Content Detector...
2026-09-26 18:29:48,761 [INFO] federated_learning:     -> [42.7%] Step 96/225 | Running Client 1/5 for content detector...
2026-09-26 18:29:48,766 [INFO] federated_learning: Loaded 1982 records for client 1
2026-09-26 18:29:48,778 [INFO] feature_engineering: Engineered 279 new features for content detection
2026-09-26 18:29:48,779 [INFO] feature_engineering: Calculating centrality features dynamically (Ignoring any dataset pre-computations)...
2026-09-26 18:29:48,782 [INFO] feature_engineering: Calculating Degree Centrality for 115 nodes...
2026-09-26 18:29:48,783 [INFO] feature_engineering: Calculating PageRank...
2026-09-26 18:29:48,787 [INFO] feature_engineering: Calculating K-Core...
2026-09-26 18:29:48,788 [INFO] feature_engineering: Calculating Eigenvector Centrality...
2026-09-26 18:29:48,796 [INFO] feature_engineering: Calculating Approximated Betweenness Centrality (k=50)...
2026-09-26 18:29:48,818 [INFO] feature_engineering: Dynamically calculated 10 centrality features for 1982 rows in 0.04 seconds.
2026-09-26 18:29:48,918 [INFO] community_leiden: Detecting communities using Leiden algorithm...
2026-09-26 18:29:48,925 [INFO] community_leiden: Detected 5 communities using Leiden
2026-09-26 18:29:49,064 [INFO] community_detection: Enhanced 1982 flows with community features
2026-09-26 18:29:50,137 [INFO] federated_learning: Generating embeddings for 115 nodes, 1982 edges
2026-09-26 18:29:50,262 [INFO] federated_learning: Generated 1657 flow embeddings
2026-09-26 18:29:50,263 [INFO] federated_learning:     -> [43.1%] Step 97/225 | Running Client 2/5 for content detector...
2026-09-26 18:29:50,268 [INFO] federated_learning: Loaded 1982 records for client 2
2026-09-26 18:29:50,282 [INFO] feature_engineering: Engineered 288 new features for content detection
2026-09-26 18:29:50,282 [INFO] feature_engineering: Calculating centrality features dynamically (Ignoring any dataset pre-computations)...
2026-09-26 18:29:50,286 [INFO] feature_engineering: Calculating Degree Centrality for 106 nodes...
2026-09-26 18:29:50,286 [INFO] feature_engineering: Calculating PageRank...
2026-09-26 18:29:50,292 [INFO] feature_engineering: Calculating K-Core...
2026-09-26 18:29:50,293 [INFO] feature_engineering: Calculating Eigenvector Centrality...
2026-09-26 18:29:50,299 [INFO] feature_engineering: Calculating Approximated Betweenness Centrality (k=50)...
2026-09-26 18:29:50,320 [INFO] feature_engineering: Dynamically calculated 10 centrality features for 1982 rows in 0.04 seconds.
2026-09-26 18:29:50,421 [INFO] community_leiden: Detecting communities using Leiden algorithm...
2026-09-26 18:29:50,428 [INFO] community_leiden: Detected 3 communities using Leiden
2026-09-26 18:29:50,541 [INFO] community_detection: Enhanced 1982 flows with community features
2026-09-26 18:29:51,597 [INFO] federated_learning: Generating embeddings for 106 nodes, 1982 edges
2026-09-26 18:29:51,723 [INFO] federated_learning: Generated 1656 flow embeddings
2026-09-26 18:29:51,724 [INFO] federated_learning:     -> [43.6%] Step 98/225 | Running Client 3/5 for content detector...
2026-09-26 18:29:51,731 [INFO] federated_learning: Loaded 1982 records for client 3
2026-09-26 18:29:51,743 [INFO] feature_engineering: Engineered 297 new features for content detection
2026-09-26 18:29:51,743 [INFO] feature_engineering: Calculating centrality features dynamically (Ignoring any dataset pre-computations)...
2026-09-26 18:29:51,747 [INFO] feature_engineering: Calculating Degree Centrality for 94 nodes...
2026-09-26 18:29:51,747 [INFO] feature_engineering: Calculating PageRank...
2026-09-26 18:29:51,751 [INFO] feature_engineering: Calculating K-Core...
2026-09-26 18:29:51,752 [INFO] feature_engineering: Calculating Eigenvector Centrality...
2026-09-26 18:29:51,757 [INFO] feature_engineering: Calculating Approximated Betweenness Centrality (k=50)...
2026-09-26 18:29:51,775 [INFO] feature_engineering: Dynamically calculated 10 centrality features for 1982 rows in 0.03 seconds.
2026-09-26 18:29:51,875 [INFO] community_leiden: Detecting communities using Leiden algorithm...
2026-09-26 18:29:51,881 [INFO] community_leiden: Detected 5 communities using Leiden
2026-09-26 18:29:51,972 [INFO] community_detection: Enhanced 1982 flows with community features
2026-09-26 18:29:53,017 [INFO] federated_learning: Generating embeddings for 94 nodes, 1982 edges
2026-09-26 18:29:53,142 [INFO] federated_learning: Generated 1662 flow embeddings
2026-09-26 18:29:53,143 [INFO] federated_learning:     -> [44.0%] Step 99/225 | Running Client 4/5 for content detector...
2026-09-26 18:29:53,148 [INFO] federated_learning: Loaded 1981 records for client 4
2026-09-26 18:29:53,160 [INFO] feature_engineering: Engineered 306 new features for content detection
2026-09-26 18:29:53,160 [INFO] feature_engineering: Calculating centrality features dynamically (Ignoring any dataset pre-computations)...
2026-09-26 18:29:53,164 [INFO] feature_engineering: Calculating Degree Centrality for 116 nodes...
2026-09-26 18:29:53,164 [INFO] feature_engineering: Calculating PageRank...
2026-09-26 18:29:53,169 [INFO] feature_engineering: Calculating K-Core...
2026-09-26 18:29:53,170 [INFO] feature_engineering: Calculating Eigenvector Centrality...
2026-09-26 18:29:53,176 [INFO] feature_engineering: Calculating Approximated Betweenness Centrality (k=50)...
2026-09-26 18:29:53,197 [INFO] feature_engineering: Dynamically calculated 10 centrality features for 1981 rows in 0.04 seconds.
2026-09-26 18:29:53,299 [INFO] community_leiden: Detecting communities using Leiden algorithm...
2026-09-26 18:29:53,307 [INFO] community_leiden: Detected 4 communities using Leiden
2026-09-26 18:29:53,436 [INFO] community_detection: Enhanced 1981 flows with community features
2026-09-26 18:29:54,541 [INFO] federated_learning: Generating embeddings for 116 nodes, 1981 edges
2026-09-26 18:29:54,672 [INFO] federated_learning: Generated 1643 flow embeddings
2026-09-26 18:29:54,673 [INFO] federated_learning:     -> [44.4%] Step 100/225 | Running Client 5/5 for content detector...
2026-09-26 18:29:54,679 [INFO] federated_learning: Loaded 1981 records for client 5
2026-09-26 18:29:54,692 [INFO] feature_engineering: Engineered 315 new features for content detection
2026-09-26 18:29:54,692 [INFO] feature_engineering: Calculating centrality features dynamically (Ignoring any dataset pre-computations)...
2026-09-26 18:29:54,695 [INFO] feature_engineering: Calculating Degree Centrality for 106 nodes...
2026-09-26 18:29:54,696 [INFO] feature_engineering: Calculating PageRank...
2026-09-26 18:29:54,701 [INFO] feature_engineering: Calculating K-Core...
2026-09-26 18:29:54,702 [INFO] feature_engineering: Calculating Eigenvector Centrality...
2026-09-26 18:29:54,707 [INFO] feature_engineering: Calculating Approximated Betweenness Centrality (k=50)...
2026-09-26 18:29:54,731 [INFO] feature_engineering: Dynamically calculated 10 centrality features for 1981 rows in 0.04 seconds.
2026-09-26 18:29:54,836 [INFO] community_leiden: Detecting communities using Leiden algorithm...
2026-09-26 18:29:54,842 [INFO] community_leiden: Detected 3 communities using Leiden
2026-09-26 18:29:54,982 [INFO] community_detection: Enhanced 1981 flows with community features
2026-09-26 18:29:56,059 [INFO] federated_learning: Generating embeddings for 106 nodes, 1981 edges
2026-09-26 18:29:56,184 [INFO] federated_learning: Generated 1635 flow embeddings
2026-09-26 18:30:20,847 [INFO] federated_learning:   -> Processing Behavioral Detector...
2026-09-26 18:30:20,847 [INFO] federated_learning:     -> [44.9%] Step 101/225 | Running Client 1/5 for behavioral detector...
2026-09-26 18:30:20,852 [INFO] federated_learning: Loaded 1982 records for client 1
2026-09-26 18:30:20,886 [INFO] feature_engineering: Engineered 310 new features for behavioral detection
2026-09-26 18:30:20,886 [INFO] feature_engineering: Calculating centrality features dynamically (Ignoring any dataset pre-computations)...
2026-09-26 18:30:20,889 [INFO] feature_engineering: Calculating Degree Centrality for 115 nodes...
2026-09-26 18:30:20,890 [INFO] feature_engineering: Calculating PageRank...
2026-09-26 18:30:20,895 [INFO] feature_engineering: Calculating K-Core...
2026-09-26 18:30:20,896 [INFO] feature_engineering: Calculating Eigenvector Centrality...
2026-09-26 18:30:20,904 [INFO] feature_engineering: Calculating Approximated Betweenness Centrality (k=50)...
2026-09-26 18:30:20,925 [INFO] feature_engineering: Dynamically calculated 10 centrality features for 1982 rows in 0.04 seconds.
2026-09-26 18:30:21,025 [INFO] community_leiden: Detecting communities using Leiden algorithm...
2026-09-26 18:30:21,031 [INFO] community_leiden: Detected 5 communities using Leiden
2026-09-26 18:30:21,167 [INFO] community_detection: Enhanced 1982 flows with community features
2026-09-26 18:30:22,042 [INFO] federated_learning: Generating embeddings for 115 nodes, 1982 edges
2026-09-26 18:30:22,148 [INFO] federated_learning: Generated 1657 flow embeddings
2026-09-26 18:30:22,148 [INFO] federated_learning:     -> [45.3%] Step 102/225 | Running Client 2/5 for behavioral detector...
2026-09-26 18:30:22,153 [INFO] federated_learning: Loaded 1982 records for client 2
2026-09-26 18:30:22,195 [INFO] feature_engineering: Engineered 320 new features for behavioral detection
2026-09-26 18:30:22,195 [INFO] feature_engineering: Calculating centrality features dynamically (Ignoring any dataset pre-computations)...
2026-09-26 18:30:22,199 [INFO] feature_engineering: Calculating Degree Centrality for 106 nodes...
2026-09-26 18:30:22,199 [INFO] feature_engineering: Calculating PageRank...
2026-09-26 18:30:22,204 [INFO] feature_engineering: Calculating K-Core...
2026-09-26 18:30:22,205 [INFO] feature_engineering: Calculating Eigenvector Centrality...
2026-09-26 18:30:22,211 [INFO] feature_engineering: Calculating Approximated Betweenness Centrality (k=50)...
2026-09-26 18:30:22,231 [INFO] feature_engineering: Dynamically calculated 10 centrality features for 1982 rows in 0.04 seconds.
2026-09-26 18:30:22,333 [INFO] community_leiden: Detecting communities using Leiden algorithm...
2026-09-26 18:30:22,340 [INFO] community_leiden: Detected 3 communities using Leiden
2026-09-26 18:30:22,452 [INFO] community_detection: Enhanced 1982 flows with community features
2026-09-26 18:30:23,305 [INFO] federated_learning: Generating embeddings for 106 nodes, 1982 edges
2026-09-26 18:30:23,411 [INFO] federated_learning: Generated 1656 flow embeddings
2026-09-26 18:30:23,411 [INFO] federated_learning:     -> [45.8%] Step 103/225 | Running Client 3/5 for behavioral detector...
2026-09-26 18:30:23,417 [INFO] federated_learning: Loaded 1982 records for client 3
2026-09-26 18:30:23,455 [INFO] feature_engineering: Engineered 330 new features for behavioral detection
2026-09-26 18:30:23,455 [INFO] feature_engineering: Calculating centrality features dynamically (Ignoring any dataset pre-computations)...
2026-09-26 18:30:23,458 [INFO] feature_engineering: Calculating Degree Centrality for 94 nodes...
2026-09-26 18:30:23,459 [INFO] feature_engineering: Calculating PageRank...
2026-09-26 18:30:23,464 [INFO] feature_engineering: Calculating K-Core...
2026-09-26 18:30:23,464 [INFO] feature_engineering: Calculating Eigenvector Centrality...
2026-09-26 18:30:23,469 [INFO] feature_engineering: Calculating Approximated Betweenness Centrality (k=50)...
2026-09-26 18:30:23,487 [INFO] feature_engineering: Dynamically calculated 10 centrality features for 1982 rows in 0.03 seconds.
2026-09-26 18:30:23,590 [INFO] community_leiden: Detecting communities using Leiden algorithm...
2026-09-26 18:30:23,596 [INFO] community_leiden: Detected 5 communities using Leiden
2026-09-26 18:30:23,687 [INFO] community_detection: Enhanced 1982 flows with community features
2026-09-26 18:30:24,494 [INFO] federated_learning: Generating embeddings for 94 nodes, 1982 edges
2026-09-26 18:30:24,603 [INFO] federated_learning: Generated 1662 flow embeddings
2026-09-26 18:30:24,604 [INFO] federated_learning:     -> [46.2%] Step 104/225 | Running Client 4/5 for behavioral detector...
2026-09-26 18:30:24,609 [INFO] federated_learning: Loaded 1981 records for client 4
2026-09-26 18:30:24,654 [INFO] feature_engineering: Engineered 340 new features for behavioral detection
2026-09-26 18:30:24,654 [INFO] feature_engineering: Calculating centrality features dynamically (Ignoring any dataset pre-computations)...
2026-09-26 18:30:24,658 [INFO] feature_engineering: Calculating Degree Centrality for 116 nodes...
2026-09-26 18:30:24,658 [INFO] feature_engineering: Calculating PageRank...
2026-09-26 18:30:24,664 [INFO] feature_engineering: Calculating K-Core...
2026-09-26 18:30:24,665 [INFO] feature_engineering: Calculating Eigenvector Centrality...
2026-09-26 18:30:24,673 [INFO] feature_engineering: Calculating Approximated Betweenness Centrality (k=50)...
2026-09-26 18:30:24,696 [INFO] feature_engineering: Dynamically calculated 10 centrality features for 1981 rows in 0.04 seconds.
2026-09-26 18:30:24,798 [INFO] community_leiden: Detecting communities using Leiden algorithm...
2026-09-26 18:30:24,806 [INFO] community_leiden: Detected 4 communities using Leiden
2026-09-26 18:30:24,961 [INFO] community_detection: Enhanced 1981 flows with community features
2026-09-26 18:30:25,823 [INFO] federated_learning: Generating embeddings for 116 nodes, 1981 edges
2026-09-26 18:30:25,927 [INFO] federated_learning: Generated 1643 flow embeddings
2026-09-26 18:30:25,928 [INFO] federated_learning:     -> [46.7%] Step 105/225 | Running Client 5/5 for behavioral detector...
2026-09-26 18:30:25,934 [INFO] federated_learning: Loaded 1981 records for client 5
2026-09-26 18:30:25,981 [INFO] feature_engineering: Engineered 350 new features for behavioral detection
2026-09-26 18:30:25,981 [INFO] feature_engineering: Calculating centrality features dynamically (Ignoring any dataset pre-computations)...
2026-09-26 18:30:25,984 [INFO] feature_engineering: Calculating Degree Centrality for 106 nodes...
2026-09-26 18:30:25,985 [INFO] feature_engineering: Calculating PageRank...
2026-09-26 18:30:25,989 [INFO] feature_engineering: Calculating K-Core...
2026-09-26 18:30:25,990 [INFO] feature_engineering: Calculating Eigenvector Centrality...
2026-09-26 18:30:25,996 [INFO] feature_engineering: Calculating Approximated Betweenness Centrality (k=50)...
2026-09-26 18:30:26,016 [INFO] feature_engineering: Dynamically calculated 10 centrality features for 1981 rows in 0.03 seconds.
2026-09-26 18:30:26,118 [INFO] community_leiden: Detecting communities using Leiden algorithm...
2026-09-26 18:30:26,125 [INFO] community_leiden: Detected 3 communities using Leiden
2026-09-26 18:30:26,234 [INFO] community_detection: Enhanced 1981 flows with community features
2026-09-26 18:30:27,071 [INFO] federated_learning: Generating embeddings for 106 nodes, 1981 edges
2026-09-26 18:30:27,178 [INFO] federated_learning: Generated 1635 flow embeddings
2026-09-26 18:30:52,009 [INFO] utils: Round 7 metrics logged
2026-09-26 18:30:52,010 [INFO] federated_learning: Round 7 completed in 93.91s, loss: 0.2106
2026-09-26 18:30:52,010 [INFO] federated_learning: Starting round 8/15 (Total System Steps: 225)
2026-09-26 18:30:52,010 [INFO] federated_learning:   -> Processing Temporal Detector...
2026-09-26 18:30:52,010 [INFO] federated_learning:     -> [47.1%] Step 106/225 | Running Client 1/5 for temporal detector...
2026-09-26 18:30:52,016 [INFO] federated_learning: Loaded 1982 records for client 1
2026-09-26 18:30:52,029 [INFO] feature_engineering: Engineered 407 new features for temporal detection
2026-09-26 18:30:52,030 [INFO] feature_engineering: Calculating centrality features dynamically (Ignoring any dataset pre-computations)...
2026-09-26 18:30:52,033 [INFO] feature_engineering: Calculating Degree Centrality for 115 nodes...
2026-09-26 18:30:52,034 [INFO] feature_engineering: Calculating PageRank...
2026-09-26 18:30:52,040 [INFO] feature_engineering: Calculating K-Core...
2026-09-26 18:30:52,041 [INFO] feature_engineering: Calculating Eigenvector Centrality...
2026-09-26 18:30:52,049 [INFO] feature_engineering: Calculating Approximated Betweenness Centrality (k=50)...
2026-09-26 18:30:52,070 [INFO] feature_engineering: Dynamically calculated 10 centrality features for 1982 rows in 0.04 seconds.
2026-09-26 18:30:52,169 [INFO] community_leiden: Detecting communities using Leiden algorithm...
2026-09-26 18:30:52,176 [INFO] community_leiden: Detected 5 communities using Leiden
2026-09-26 18:30:52,309 [INFO] community_detection: Enhanced 1982 flows with community features
2026-09-26 18:30:53,163 [INFO] federated_learning: Generating embeddings for 115 nodes, 1982 edges
2026-09-26 18:30:53,275 [INFO] federated_learning: Generated 1657 flow embeddings
2026-09-26 18:30:53,275 [INFO] federated_learning:     -> [47.6%] Step 107/225 | Running Client 2/5 for temporal detector...
2026-09-26 18:30:53,281 [INFO] federated_learning: Loaded 1982 records for client 2
2026-09-26 18:30:53,301 [INFO] feature_engineering: Engineered 418 new features for temporal detection
2026-09-26 18:30:53,302 [INFO] feature_engineering: Calculating centrality features dynamically (Ignoring any dataset pre-computations)...
2026-09-26 18:30:53,305 [INFO] feature_engineering: Calculating Degree Centrality for 106 nodes...
2026-09-26 18:30:53,305 [INFO] feature_engineering: Calculating PageRank...
2026-09-26 18:30:53,310 [INFO] feature_engineering: Calculating K-Core...
2026-09-26 18:30:53,311 [INFO] feature_engineering: Calculating Eigenvector Centrality...
2026-09-26 18:30:53,317 [INFO] feature_engineering: Calculating Approximated Betweenness Centrality (k=50)...
2026-09-26 18:30:53,337 [INFO] feature_engineering: Dynamically calculated 10 centrality features for 1982 rows in 0.04 seconds.
2026-09-26 18:30:53,438 [INFO] community_leiden: Detecting communities using Leiden algorithm...
2026-09-26 18:30:53,444 [INFO] community_leiden: Detected 3 communities using Leiden
2026-09-26 18:30:53,558 [INFO] community_detection: Enhanced 1982 flows with community features
2026-09-26 18:30:54,397 [INFO] federated_learning: Generating embeddings for 106 nodes, 1982 edges
2026-09-26 18:30:54,503 [INFO] federated_learning: Generated 1656 flow embeddings
2026-09-26 18:30:54,504 [INFO] federated_learning:     -> [48.0%] Step 108/225 | Running Client 3/5 for temporal detector...
2026-09-26 18:30:54,509 [INFO] federated_learning: Loaded 1982 records for client 3
2026-09-26 18:30:54,530 [INFO] feature_engineering: Engineered 429 new features for temporal detection
2026-09-26 18:30:54,531 [INFO] feature_engineering: Calculating centrality features dynamically (Ignoring any dataset pre-computations)...
2026-09-26 18:30:54,534 [INFO] feature_engineering: Calculating Degree Centrality for 94 nodes...
2026-09-26 18:30:54,534 [INFO] feature_engineering: Calculating PageRank...
2026-09-26 18:30:54,539 [INFO] feature_engineering: Calculating K-Core...
2026-09-26 18:30:54,540 [INFO] feature_engineering: Calculating Eigenvector Centrality...
2026-09-26 18:30:54,544 [INFO] feature_engineering: Calculating Approximated Betweenness Centrality (k=50)...
2026-09-26 18:30:54,563 [INFO] feature_engineering: Dynamically calculated 10 centrality features for 1982 rows in 0.03 seconds.
2026-09-26 18:30:54,664 [INFO] community_leiden: Detecting communities using Leiden algorithm...
2026-09-26 18:30:54,671 [INFO] community_leiden: Detected 5 communities using Leiden
2026-09-26 18:30:54,767 [INFO] community_detection: Enhanced 1982 flows with community features
2026-09-26 18:30:55,585 [INFO] federated_learning: Generating embeddings for 94 nodes, 1982 edges
2026-09-26 18:30:55,691 [INFO] federated_learning: Generated 1662 flow embeddings
2026-09-26 18:30:55,691 [INFO] federated_learning:     -> [48.4%] Step 109/225 | Running Client 4/5 for temporal detector...
2026-09-26 18:30:55,697 [INFO] federated_learning: Loaded 1981 records for client 4
2026-09-26 18:30:55,717 [INFO] feature_engineering: Engineered 440 new features for temporal detection
2026-09-26 18:30:55,717 [INFO] feature_engineering: Calculating centrality features dynamically (Ignoring any dataset pre-computations)...
2026-09-26 18:30:55,720 [INFO] feature_engineering: Calculating Degree Centrality for 116 nodes...
2026-09-26 18:30:55,721 [INFO] feature_engineering: Calculating PageRank...
2026-09-26 18:30:55,726 [INFO] feature_engineering: Calculating K-Core...
2026-09-26 18:30:55,726 [INFO] feature_engineering: Calculating Eigenvector Centrality...
2026-09-26 18:30:55,733 [INFO] feature_engineering: Calculating Approximated Betweenness Centrality (k=50)...
2026-09-26 18:30:55,758 [INFO] feature_engineering: Dynamically calculated 10 centrality features for 1981 rows in 0.04 seconds.
2026-09-26 18:30:55,864 [INFO] community_leiden: Detecting communities using Leiden algorithm...
2026-09-26 18:30:55,871 [INFO] community_leiden: Detected 4 communities using Leiden
2026-09-26 18:30:56,001 [INFO] community_detection: Enhanced 1981 flows with community features
2026-09-26 18:30:56,834 [INFO] federated_learning: Generating embeddings for 116 nodes, 1981 edges
2026-09-26 18:30:56,938 [INFO] federated_learning: Generated 1643 flow embeddings
2026-09-26 18:30:56,939 [INFO] federated_learning:     -> [48.9%] Step 110/225 | Running Client 5/5 for temporal detector...
2026-09-26 18:30:56,944 [INFO] federated_learning: Loaded 1981 records for client 5
2026-09-26 18:30:56,964 [INFO] feature_engineering: Engineered 451 new features for temporal detection
2026-09-26 18:30:56,965 [INFO] feature_engineering: Calculating centrality features dynamically (Ignoring any dataset pre-computations)...
2026-09-26 18:30:56,969 [INFO] feature_engineering: Calculating Degree Centrality for 106 nodes...
2026-09-26 18:30:56,969 [INFO] feature_engineering: Calculating PageRank...
2026-09-26 18:30:56,974 [INFO] feature_engineering: Calculating K-Core...
2026-09-26 18:30:56,975 [INFO] feature_engineering: Calculating Eigenvector Centrality...
2026-09-26 18:30:56,981 [INFO] feature_engineering: Calculating Approximated Betweenness Centrality (k=50)...
2026-09-26 18:30:57,001 [INFO] feature_engineering: Dynamically calculated 10 centrality features for 1981 rows in 0.04 seconds.
2026-09-26 18:30:57,101 [INFO] community_leiden: Detecting communities using Leiden algorithm...
2026-09-26 18:30:57,107 [INFO] community_leiden: Detected 3 communities using Leiden
2026-09-26 18:30:57,219 [INFO] community_detection: Enhanced 1981 flows with community features
2026-09-26 18:30:58,057 [INFO] federated_learning: Generating embeddings for 106 nodes, 1981 edges
2026-09-26 18:30:58,158 [INFO] federated_learning: Generated 1635 flow embeddings
2026-09-26 18:31:22,787 [INFO] federated_learning:   -> Processing Content Detector...
2026-09-26 18:31:22,788 [INFO] federated_learning:     -> [49.3%] Step 111/225 | Running Client 1/5 for content detector...
2026-09-26 18:31:22,794 [INFO] federated_learning: Loaded 1982 records for client 1
2026-09-26 18:31:22,806 [INFO] feature_engineering: Engineered 324 new features for content detection
2026-09-26 18:31:22,806 [INFO] feature_engineering: Calculating centrality features dynamically (Ignoring any dataset pre-computations)...
2026-09-26 18:31:22,809 [INFO] feature_engineering: Calculating Degree Centrality for 115 nodes...
2026-09-26 18:31:22,810 [INFO] feature_engineering: Calculating PageRank...
2026-09-26 18:31:22,814 [INFO] feature_engineering: Calculating K-Core...
2026-09-26 18:31:22,815 [INFO] feature_engineering: Calculating Eigenvector Centrality...
2026-09-26 18:31:22,824 [INFO] feature_engineering: Calculating Approximated Betweenness Centrality (k=50)...
2026-09-26 18:31:22,844 [INFO] feature_engineering: Dynamically calculated 10 centrality features for 1982 rows in 0.04 seconds.
2026-09-26 18:31:22,943 [INFO] community_leiden: Detecting communities using Leiden algorithm...
2026-09-26 18:31:22,950 [INFO] community_leiden: Detected 5 communities using Leiden
2026-09-26 18:31:23,081 [INFO] community_detection: Enhanced 1982 flows with community features
2026-09-26 18:31:24,172 [INFO] federated_learning: Generating embeddings for 115 nodes, 1982 edges
2026-09-26 18:31:24,301 [INFO] federated_learning: Generated 1657 flow embeddings
2026-09-26 18:31:24,302 [INFO] federated_learning:     -> [49.8%] Step 112/225 | Running Client 2/5 for content detector...
2026-09-26 18:31:24,307 [INFO] federated_learning: Loaded 1982 records for client 2
2026-09-26 18:31:24,324 [INFO] feature_engineering: Engineered 333 new features for content detection
2026-09-26 18:31:24,324 [INFO] feature_engineering: Calculating centrality features dynamically (Ignoring any dataset pre-computations)...
2026-09-26 18:31:24,328 [INFO] feature_engineering: Calculating Degree Centrality for 106 nodes...
2026-09-26 18:31:24,329 [INFO] feature_engineering: Calculating PageRank...
2026-09-26 18:31:24,334 [INFO] feature_engineering: Calculating K-Core...
2026-09-26 18:31:24,335 [INFO] feature_engineering: Calculating Eigenvector Centrality...
2026-09-26 18:31:24,341 [INFO] feature_engineering: Calculating Approximated Betweenness Centrality (k=50)...
2026-09-26 18:31:24,364 [INFO] feature_engineering: Dynamically calculated 10 centrality features for 1982 rows in 0.04 seconds.
2026-09-26 18:31:24,465 [INFO] community_leiden: Detecting communities using Leiden algorithm...
2026-09-26 18:31:24,472 [INFO] community_leiden: Detected 3 communities using Leiden
2026-09-26 18:31:24,584 [INFO] community_detection: Enhanced 1982 flows with community features
2026-09-26 18:31:25,697 [INFO] federated_learning: Generating embeddings for 106 nodes, 1982 edges
2026-09-26 18:31:25,824 [INFO] federated_learning: Generated 1656 flow embeddings
2026-09-26 18:31:25,824 [INFO] federated_learning:     -> [50.2%] Step 113/225 | Running Client 3/5 for content detector...
2026-09-26 18:31:25,830 [INFO] federated_learning: Loaded 1982 records for client 3
2026-09-26 18:31:25,841 [INFO] feature_engineering: Engineered 342 new features for content detection
2026-09-26 18:31:25,842 [INFO] feature_engineering: Calculating centrality features dynamically (Ignoring any dataset pre-computations)...
2026-09-26 18:31:25,845 [INFO] feature_engineering: Calculating Degree Centrality for 94 nodes...
2026-09-26 18:31:25,845 [INFO] feature_engineering: Calculating PageRank...
2026-09-26 18:31:25,850 [INFO] feature_engineering: Calculating K-Core...
2026-09-26 18:31:25,851 [INFO] feature_engineering: Calculating Eigenvector Centrality...
2026-09-26 18:31:25,855 [INFO] feature_engineering: Calculating Approximated Betweenness Centrality (k=50)...
2026-09-26 18:31:25,875 [INFO] feature_engineering: Dynamically calculated 10 centrality features for 1982 rows in 0.03 seconds.
2026-09-26 18:31:25,974 [INFO] community_leiden: Detecting communities using Leiden algorithm...
2026-09-26 18:31:25,980 [INFO] community_leiden: Detected 5 communities using Leiden
2026-09-26 18:31:26,071 [INFO] community_detection: Enhanced 1982 flows with community features
2026-09-26 18:31:27,117 [INFO] federated_learning: Generating embeddings for 94 nodes, 1982 edges
2026-09-26 18:31:27,240 [INFO] federated_learning: Generated 1662 flow embeddings
2026-09-26 18:31:27,240 [INFO] federated_learning:     -> [50.7%] Step 114/225 | Running Client 4/5 for content detector...
2026-09-26 18:31:27,248 [INFO] federated_learning: Loaded 1981 records for client 4
2026-09-26 18:31:27,259 [INFO] feature_engineering: Engineered 351 new features for content detection
2026-09-26 18:31:27,259 [INFO] feature_engineering: Calculating centrality features dynamically (Ignoring any dataset pre-computations)...
2026-09-26 18:31:27,263 [INFO] feature_engineering: Calculating Degree Centrality for 116 nodes...
2026-09-26 18:31:27,263 [INFO] feature_engineering: Calculating PageRank...
2026-09-26 18:31:27,268 [INFO] feature_engineering: Calculating K-Core...
2026-09-26 18:31:27,270 [INFO] feature_engineering: Calculating Eigenvector Centrality...
2026-09-26 18:31:27,276 [INFO] feature_engineering: Calculating Approximated Betweenness Centrality (k=50)...
2026-09-26 18:31:27,299 [INFO] feature_engineering: Dynamically calculated 10 centrality features for 1981 rows in 0.04 seconds.
2026-09-26 18:31:27,403 [INFO] community_leiden: Detecting communities using Leiden algorithm...
2026-09-26 18:31:27,410 [INFO] community_leiden: Detected 4 communities using Leiden
2026-09-26 18:31:27,541 [INFO] community_detection: Enhanced 1981 flows with community features
2026-09-26 18:31:28,617 [INFO] federated_learning: Generating embeddings for 116 nodes, 1981 edges
2026-09-26 18:31:28,743 [INFO] federated_learning: Generated 1643 flow embeddings
2026-09-26 18:31:28,743 [INFO] federated_learning:     -> [51.1%] Step 115/225 | Running Client 5/5 for content detector...
2026-09-26 18:31:28,750 [INFO] federated_learning: Loaded 1981 records for client 5
2026-09-26 18:31:28,761 [INFO] feature_engineering: Engineered 360 new features for content detection
2026-09-26 18:31:28,762 [INFO] feature_engineering: Calculating centrality features dynamically (Ignoring any dataset pre-computations)...
2026-09-26 18:31:28,765 [INFO] feature_engineering: Calculating Degree Centrality for 106 nodes...
2026-09-26 18:31:28,765 [INFO] feature_engineering: Calculating PageRank...
2026-09-26 18:31:28,770 [INFO] feature_engineering: Calculating K-Core...
2026-09-26 18:31:28,771 [INFO] feature_engineering: Calculating Eigenvector Centrality...
2026-09-26 18:31:28,777 [INFO] feature_engineering: Calculating Approximated Betweenness Centrality (k=50)...
2026-09-26 18:31:28,801 [INFO] feature_engineering: Dynamically calculated 10 centrality features for 1981 rows in 0.04 seconds.
2026-09-26 18:31:28,903 [INFO] community_leiden: Detecting communities using Leiden algorithm...
2026-09-26 18:31:28,910 [INFO] community_leiden: Detected 3 communities using Leiden
2026-09-26 18:31:29,022 [INFO] community_detection: Enhanced 1981 flows with community features
2026-09-26 18:31:30,091 [INFO] federated_learning: Generating embeddings for 106 nodes, 1981 edges
2026-09-26 18:31:30,218 [INFO] federated_learning: Generated 1635 flow embeddings
2026-09-26 18:31:54,844 [INFO] federated_learning:   -> Processing Behavioral Detector...
2026-09-26 18:31:54,844 [INFO] federated_learning:     -> [51.6%] Step 116/225 | Running Client 1/5 for behavioral detector...
2026-09-26 18:31:54,849 [INFO] federated_learning: Loaded 1982 records for client 1
2026-09-26 18:31:54,885 [INFO] feature_engineering: Engineered 360 new features for behavioral detection
2026-09-26 18:31:54,885 [INFO] feature_engineering: Calculating centrality features dynamically (Ignoring any dataset pre-computations)...
2026-09-26 18:31:54,889 [INFO] feature_engineering: Calculating Degree Centrality for 115 nodes...
2026-09-26 18:31:54,889 [INFO] feature_engineering: Calculating PageRank...
2026-09-26 18:31:54,894 [INFO] feature_engineering: Calculating K-Core...
2026-09-26 18:31:54,895 [INFO] feature_engineering: Calculating Eigenvector Centrality...
2026-09-26 18:31:54,908 [INFO] feature_engineering: Calculating Approximated Betweenness Centrality (k=50)...
2026-09-26 18:31:54,934 [INFO] feature_engineering: Dynamically calculated 10 centrality features for 1982 rows in 0.05 seconds.
2026-09-26 18:31:55,050 [INFO] community_leiden: Detecting communities using Leiden algorithm...
2026-09-26 18:31:55,057 [INFO] community_leiden: Detected 5 communities using Leiden
2026-09-26 18:31:55,200 [INFO] community_detection: Enhanced 1982 flows with community features
2026-09-26 18:31:56,062 [INFO] federated_learning: Generating embeddings for 115 nodes, 1982 edges
2026-09-26 18:31:56,168 [INFO] federated_learning: Generated 1657 flow embeddings
2026-09-26 18:31:56,168 [INFO] federated_learning:     -> [52.0%] Step 117/225 | Running Client 2/5 for behavioral detector...
2026-09-26 18:31:56,174 [INFO] federated_learning: Loaded 1982 records for client 2
2026-09-26 18:31:56,215 [INFO] feature_engineering: Engineered 370 new features for behavioral detection
2026-09-26 18:31:56,215 [INFO] feature_engineering: Calculating centrality features dynamically (Ignoring any dataset pre-computations)...
2026-09-26 18:31:56,219 [INFO] feature_engineering: Calculating Degree Centrality for 106 nodes...
2026-09-26 18:31:56,219 [INFO] feature_engineering: Calculating PageRank...
2026-09-26 18:31:56,225 [INFO] feature_engineering: Calculating K-Core...
2026-09-26 18:31:56,225 [INFO] feature_engineering: Calculating Eigenvector Centrality...
2026-09-26 18:31:56,232 [INFO] feature_engineering: Calculating Approximated Betweenness Centrality (k=50)...
2026-09-26 18:31:56,253 [INFO] feature_engineering: Dynamically calculated 10 centrality features for 1982 rows in 0.04 seconds.
2026-09-26 18:31:56,354 [INFO] community_leiden: Detecting communities using Leiden algorithm...
2026-09-26 18:31:56,361 [INFO] community_leiden: Detected 3 communities using Leiden
2026-09-26 18:31:56,474 [INFO] community_detection: Enhanced 1982 flows with community features
2026-09-26 18:31:57,313 [INFO] federated_learning: Generating embeddings for 106 nodes, 1982 edges
2026-09-26 18:31:57,417 [INFO] federated_learning: Generated 1656 flow embeddings
2026-09-26 18:31:57,417 [INFO] federated_learning:     -> [52.4%] Step 118/225 | Running Client 3/5 for behavioral detector...
2026-09-26 18:31:57,423 [INFO] federated_learning: Loaded 1982 records for client 3
2026-09-26 18:31:57,472 [INFO] feature_engineering: Engineered 380 new features for behavioral detection
2026-09-26 18:31:57,472 [INFO] feature_engineering: Calculating centrality features dynamically (Ignoring any dataset pre-computations)...
2026-09-26 18:31:57,475 [INFO] feature_engineering: Calculating Degree Centrality for 94 nodes...
2026-09-26 18:31:57,476 [INFO] feature_engineering: Calculating PageRank...
2026-09-26 18:31:57,480 [INFO] feature_engineering: Calculating K-Core...
2026-09-26 18:31:57,481 [INFO] feature_engineering: Calculating Eigenvector Centrality...
2026-09-26 18:31:57,486 [INFO] feature_engineering: Calculating Approximated Betweenness Centrality (k=50)...
2026-09-26 18:31:57,504 [INFO] feature_engineering: Dynamically calculated 10 centrality features for 1982 rows in 0.03 seconds.
2026-09-26 18:31:57,606 [INFO] community_leiden: Detecting communities using Leiden algorithm...
2026-09-26 18:31:57,613 [INFO] community_leiden: Detected 5 communities using Leiden
2026-09-26 18:31:57,704 [INFO] community_detection: Enhanced 1982 flows with community features
2026-09-26 18:31:58,514 [INFO] federated_learning: Generating embeddings for 94 nodes, 1982 edges
2026-09-26 18:31:58,617 [INFO] federated_learning: Generated 1662 flow embeddings
2026-09-26 18:31:58,618 [INFO] federated_learning:     -> [52.9%] Step 119/225 | Running Client 4/5 for behavioral detector...
2026-09-26 18:31:58,624 [INFO] federated_learning: Loaded 1981 records for client 4
2026-09-26 18:31:58,664 [INFO] feature_engineering: Engineered 390 new features for behavioral detection
2026-09-26 18:31:58,664 [INFO] feature_engineering: Calculating centrality features dynamically (Ignoring any dataset pre-computations)...
2026-09-26 18:31:58,668 [INFO] feature_engineering: Calculating Degree Centrality for 116 nodes...
2026-09-26 18:31:58,668 [INFO] feature_engineering: Calculating PageRank...
2026-09-26 18:31:58,674 [INFO] feature_engineering: Calculating K-Core...
2026-09-26 18:31:58,675 [INFO] feature_engineering: Calculating Eigenvector Centrality...
2026-09-26 18:31:58,681 [INFO] feature_engineering: Calculating Approximated Betweenness Centrality (k=50)...
2026-09-26 18:31:58,702 [INFO] feature_engineering: Dynamically calculated 10 centrality features for 1981 rows in 0.04 seconds.
2026-09-26 18:31:58,803 [INFO] community_leiden: Detecting communities using Leiden algorithm...
2026-09-26 18:31:58,811 [INFO] community_leiden: Detected 4 communities using Leiden
2026-09-26 18:31:58,944 [INFO] community_detection: Enhanced 1981 flows with community features
2026-09-26 18:31:59,806 [INFO] federated_learning: Generating embeddings for 116 nodes, 1981 edges
2026-09-26 18:31:59,911 [INFO] federated_learning: Generated 1643 flow embeddings
2026-09-26 18:31:59,911 [INFO] federated_learning:     -> [53.3%] Step 120/225 | Running Client 5/5 for behavioral detector...
2026-09-26 18:31:59,917 [INFO] federated_learning: Loaded 1981 records for client 5
2026-09-26 18:31:59,961 [INFO] feature_engineering: Engineered 400 new features for behavioral detection
2026-09-26 18:31:59,961 [INFO] feature_engineering: Calculating centrality features dynamically (Ignoring any dataset pre-computations)...
2026-09-26 18:31:59,964 [INFO] feature_engineering: Calculating Degree Centrality for 106 nodes...
2026-09-26 18:31:59,965 [INFO] feature_engineering: Calculating PageRank...
2026-09-26 18:31:59,969 [INFO] feature_engineering: Calculating K-Core...
2026-09-26 18:31:59,970 [INFO] feature_engineering: Calculating Eigenvector Centrality...
2026-09-26 18:31:59,976 [INFO] feature_engineering: Calculating Approximated Betweenness Centrality (k=50)...
2026-09-26 18:31:59,996 [INFO] feature_engineering: Dynamically calculated 10 centrality features for 1981 rows in 0.03 seconds.
2026-09-26 18:32:00,097 [INFO] community_leiden: Detecting communities using Leiden algorithm...
2026-09-26 18:32:00,104 [INFO] community_leiden: Detected 3 communities using Leiden
2026-09-26 18:32:00,215 [INFO] community_detection: Enhanced 1981 flows with community features
2026-09-26 18:32:01,061 [INFO] federated_learning: Generating embeddings for 106 nodes, 1981 edges
2026-09-26 18:32:01,163 [INFO] federated_learning: Generated 1635 flow embeddings
2026-09-26 18:32:25,788 [INFO] utils: Round 8 metrics logged
2026-09-26 18:32:25,788 [INFO] federated_learning: Round 8 completed in 93.78s, loss: 0.1822
2026-09-26 18:32:25,789 [INFO] federated_learning: Starting round 9/15 (Total System Steps: 225)
2026-09-26 18:32:25,789 [INFO] federated_learning:   -> Processing Temporal Detector...
2026-09-26 18:32:25,789 [INFO] federated_learning:     -> [53.8%] Step 121/225 | Running Client 1/5 for temporal detector...
2026-09-26 18:32:25,794 [INFO] federated_learning: Loaded 1982 records for client 1
2026-09-26 18:32:25,808 [INFO] feature_engineering: Engineered 462 new features for temporal detection
2026-09-26 18:32:25,809 [INFO] feature_engineering: Calculating centrality features dynamically (Ignoring any dataset pre-computations)...
2026-09-26 18:32:25,812 [INFO] feature_engineering: Calculating Degree Centrality for 115 nodes...
2026-09-26 18:32:25,813 [INFO] feature_engineering: Calculating PageRank...
2026-09-26 18:32:25,817 [INFO] feature_engineering: Calculating K-Core...
2026-09-26 18:32:25,818 [INFO] feature_engineering: Calculating Eigenvector Centrality...
2026-09-26 18:32:25,826 [INFO] feature_engineering: Calculating Approximated Betweenness Centrality (k=50)...
2026-09-26 18:32:25,847 [INFO] feature_engineering: Dynamically calculated 10 centrality features for 1982 rows in 0.04 seconds.
2026-09-26 18:32:25,947 [INFO] community_leiden: Detecting communities using Leiden algorithm...
2026-09-26 18:32:25,954 [INFO] community_leiden: Detected 5 communities using Leiden
2026-09-26 18:32:26,098 [INFO] community_detection: Enhanced 1982 flows with community features
2026-09-26 18:32:26,967 [INFO] federated_learning: Generating embeddings for 115 nodes, 1982 edges
2026-09-26 18:32:27,074 [INFO] federated_learning: Generated 1657 flow embeddings
2026-09-26 18:32:27,075 [INFO] federated_learning:     -> [54.2%] Step 122/225 | Running Client 2/5 for temporal detector...
2026-09-26 18:32:27,080 [INFO] federated_learning: Loaded 1982 records for client 2
2026-09-26 18:32:27,100 [INFO] feature_engineering: Engineered 473 new features for temporal detection
2026-09-26 18:32:27,100 [INFO] feature_engineering: Calculating centrality features dynamically (Ignoring any dataset pre-computations)...
2026-09-26 18:32:27,105 [INFO] feature_engineering: Calculating Degree Centrality for 106 nodes...
2026-09-26 18:32:27,105 [INFO] feature_engineering: Calculating PageRank...
2026-09-26 18:32:27,114 [INFO] feature_engineering: Calculating K-Core...
2026-09-26 18:32:27,115 [INFO] feature_engineering: Calculating Eigenvector Centrality...
2026-09-26 18:32:27,121 [INFO] feature_engineering: Calculating Approximated Betweenness Centrality (k=50)...
2026-09-26 18:32:27,142 [INFO] feature_engineering: Dynamically calculated 10 centrality features for 1982 rows in 0.04 seconds.
2026-09-26 18:32:27,244 [INFO] community_leiden: Detecting communities using Leiden algorithm...
2026-09-26 18:32:27,251 [INFO] community_leiden: Detected 3 communities using Leiden
2026-09-26 18:32:27,362 [INFO] community_detection: Enhanced 1982 flows with community features
2026-09-26 18:32:28,190 [INFO] federated_learning: Generating embeddings for 106 nodes, 1982 edges
2026-09-26 18:32:28,295 [INFO] federated_learning: Generated 1656 flow embeddings
2026-09-26 18:32:28,296 [INFO] federated_learning:     -> [54.7%] Step 123/225 | Running Client 3/5 for temporal detector...
2026-09-26 18:32:28,302 [INFO] federated_learning: Loaded 1982 records for client 3
2026-09-26 18:32:28,319 [INFO] feature_engineering: Engineered 484 new features for temporal detection
2026-09-26 18:32:28,320 [INFO] feature_engineering: Calculating centrality features dynamically (Ignoring any dataset pre-computations)...
2026-09-26 18:32:28,323 [INFO] feature_engineering: Calculating Degree Centrality for 94 nodes...
2026-09-26 18:32:28,324 [INFO] feature_engineering: Calculating PageRank...
2026-09-26 18:32:28,328 [INFO] feature_engineering: Calculating K-Core...
2026-09-26 18:32:28,329 [INFO] feature_engineering: Calculating Eigenvector Centrality...
2026-09-26 18:32:28,333 [INFO] feature_engineering: Calculating Approximated Betweenness Centrality (k=50)...
2026-09-26 18:32:28,352 [INFO] feature_engineering: Dynamically calculated 10 centrality features for 1982 rows in 0.03 seconds.
2026-09-26 18:32:28,454 [INFO] community_leiden: Detecting communities using Leiden algorithm...
2026-09-26 18:32:28,460 [INFO] community_leiden: Detected 5 communities using Leiden
2026-09-26 18:32:28,553 [INFO] community_detection: Enhanced 1982 flows with community features
2026-09-26 18:32:29,368 [INFO] federated_learning: Generating embeddings for 94 nodes, 1982 edges
2026-09-26 18:32:29,473 [INFO] federated_learning: Generated 1662 flow embeddings
2026-09-26 18:32:29,473 [INFO] federated_learning:     -> [55.1%] Step 124/225 | Running Client 4/5 for temporal detector...
2026-09-26 18:32:29,479 [INFO] federated_learning: Loaded 1981 records for client 4
2026-09-26 18:32:29,495 [INFO] feature_engineering: Engineered 495 new features for temporal detection
2026-09-26 18:32:29,495 [INFO] feature_engineering: Calculating centrality features dynamically (Ignoring any dataset pre-computations)...
2026-09-26 18:32:29,498 [INFO] feature_engineering: Calculating Degree Centrality for 116 nodes...
2026-09-26 18:32:29,502 [INFO] feature_engineering: Calculating PageRank...
2026-09-26 18:32:29,508 [INFO] feature_engineering: Calculating K-Core...
2026-09-26 18:32:29,509 [INFO] feature_engineering: Calculating Eigenvector Centrality...
2026-09-26 18:32:29,516 [INFO] feature_engineering: Calculating Approximated Betweenness Centrality (k=50)...
2026-09-26 18:32:29,537 [INFO] feature_engineering: Dynamically calculated 10 centrality features for 1981 rows in 0.04 seconds.
2026-09-26 18:32:29,641 [INFO] community_leiden: Detecting communities using Leiden algorithm...
2026-09-26 18:32:29,648 [INFO] community_leiden: Detected 4 communities using Leiden
2026-09-26 18:32:29,779 [INFO] community_detection: Enhanced 1981 flows with community features
2026-09-26 18:32:30,610 [INFO] federated_learning: Generating embeddings for 116 nodes, 1981 edges
2026-09-26 18:32:30,714 [INFO] federated_learning: Generated 1643 flow embeddings
2026-09-26 18:32:30,714 [INFO] federated_learning:     -> [55.6%] Step 125/225 | Running Client 5/5 for temporal detector...
2026-09-26 18:32:30,720 [INFO] federated_learning: Loaded 1981 records for client 5
2026-09-26 18:32:30,736 [INFO] feature_engineering: Engineered 506 new features for temporal detection
2026-09-26 18:32:30,736 [INFO] feature_engineering: Calculating centrality features dynamically (Ignoring any dataset pre-computations)...
2026-09-26 18:32:30,740 [INFO] feature_engineering: Calculating Degree Centrality for 106 nodes...
2026-09-26 18:32:30,740 [INFO] feature_engineering: Calculating PageRank...
2026-09-26 18:32:30,747 [INFO] feature_engineering: Calculating K-Core...
2026-09-26 18:32:30,747 [INFO] feature_engineering: Calculating Eigenvector Centrality...
2026-09-26 18:32:30,753 [INFO] feature_engineering: Calculating Approximated Betweenness Centrality (k=50)...
2026-09-26 18:32:30,773 [INFO] feature_engineering: Dynamically calculated 10 centrality features for 1981 rows in 0.04 seconds.
2026-09-26 18:32:30,873 [INFO] community_leiden: Detecting communities using Leiden algorithm...
2026-09-26 18:32:30,879 [INFO] community_leiden: Detected 3 communities using Leiden
2026-09-26 18:32:30,990 [INFO] community_detection: Enhanced 1981 flows with community features
2026-09-26 18:32:31,824 [INFO] federated_learning: Generating embeddings for 106 nodes, 1981 edges
2026-09-26 18:32:31,927 [INFO] federated_learning: Generated 1635 flow embeddings
2026-09-26 18:32:56,456 [INFO] federated_learning:   -> Processing Content Detector...
2026-09-26 18:32:56,456 [INFO] federated_learning:     -> [56.0%] Step 126/225 | Running Client 1/5 for content detector...
2026-09-26 18:32:56,462 [INFO] federated_learning: Loaded 1982 records for client 1
2026-09-26 18:32:56,474 [INFO] feature_engineering: Engineered 369 new features for content detection
2026-09-26 18:32:56,475 [INFO] feature_engineering: Calculating centrality features dynamically (Ignoring any dataset pre-computations)...
2026-09-26 18:32:56,478 [INFO] feature_engineering: Calculating Degree Centrality for 115 nodes...
2026-09-26 18:32:56,478 [INFO] feature_engineering: Calculating PageRank...
2026-09-26 18:32:56,483 [INFO] feature_engineering: Calculating K-Core...
2026-09-26 18:32:56,484 [INFO] feature_engineering: Calculating Eigenvector Centrality...
2026-09-26 18:32:56,492 [INFO] feature_engineering: Calculating Approximated Betweenness Centrality (k=50)...
2026-09-26 18:32:56,514 [INFO] feature_engineering: Dynamically calculated 10 centrality features for 1982 rows in 0.04 seconds.
2026-09-26 18:32:56,613 [INFO] community_leiden: Detecting communities using Leiden algorithm...
2026-09-26 18:32:56,620 [INFO] community_leiden: Detected 5 communities using Leiden
2026-09-26 18:32:56,761 [INFO] community_detection: Enhanced 1982 flows with community features
2026-09-26 18:32:57,875 [INFO] federated_learning: Generating embeddings for 115 nodes, 1982 edges
2026-09-26 18:32:58,004 [INFO] federated_learning: Generated 1657 flow embeddings
2026-09-26 18:32:58,005 [INFO] federated_learning:     -> [56.4%] Step 127/225 | Running Client 2/5 for content detector...
2026-09-26 18:32:58,010 [INFO] federated_learning: Loaded 1982 records for client 2
2026-09-26 18:32:58,022 [INFO] feature_engineering: Engineered 378 new features for content detection
2026-09-26 18:32:58,022 [INFO] feature_engineering: Calculating centrality features dynamically (Ignoring any dataset pre-computations)...
2026-09-26 18:32:58,025 [INFO] feature_engineering: Calculating Degree Centrality for 106 nodes...
2026-09-26 18:32:58,026 [INFO] feature_engineering: Calculating PageRank...
2026-09-26 18:32:58,031 [INFO] feature_engineering: Calculating K-Core...
2026-09-26 18:32:58,033 [INFO] feature_engineering: Calculating Eigenvector Centrality...
2026-09-26 18:32:58,039 [INFO] feature_engineering: Calculating Approximated Betweenness Centrality (k=50)...
2026-09-26 18:32:58,062 [INFO] feature_engineering: Dynamically calculated 10 centrality features for 1982 rows in 0.04 seconds.
2026-09-26 18:32:58,166 [INFO] community_leiden: Detecting communities using Leiden algorithm...
2026-09-26 18:32:58,173 [INFO] community_leiden: Detected 3 communities using Leiden
2026-09-26 18:32:58,286 [INFO] community_detection: Enhanced 1982 flows with community features
2026-09-26 18:32:59,354 [INFO] federated_learning: Generating embeddings for 106 nodes, 1982 edges
2026-09-26 18:32:59,480 [INFO] federated_learning: Generated 1656 flow embeddings
2026-09-26 18:32:59,480 [INFO] federated_learning:     -> [56.9%] Step 128/225 | Running Client 3/5 for content detector...
2026-09-26 18:32:59,487 [INFO] federated_learning: Loaded 1982 records for client 3
2026-09-26 18:32:59,498 [INFO] feature_engineering: Engineered 387 new features for content detection
2026-09-26 18:32:59,499 [INFO] feature_engineering: Calculating centrality features dynamically (Ignoring any dataset pre-computations)...
2026-09-26 18:32:59,502 [INFO] feature_engineering: Calculating Degree Centrality for 94 nodes...
2026-09-26 18:32:59,502 [INFO] feature_engineering: Calculating PageRank...
2026-09-26 18:32:59,507 [INFO] feature_engineering: Calculating K-Core...
2026-09-26 18:32:59,508 [INFO] feature_engineering: Calculating Eigenvector Centrality...
2026-09-26 18:32:59,513 [INFO] feature_engineering: Calculating Approximated Betweenness Centrality (k=50)...
2026-09-26 18:32:59,531 [INFO] feature_engineering: Dynamically calculated 10 centrality features for 1982 rows in 0.03 seconds.
2026-09-26 18:32:59,634 [INFO] community_leiden: Detecting communities using Leiden algorithm...
2026-09-26 18:32:59,641 [INFO] community_leiden: Detected 5 communities using Leiden
2026-09-26 18:32:59,731 [INFO] community_detection: Enhanced 1982 flows with community features
2026-09-26 18:33:00,787 [INFO] federated_learning: Generating embeddings for 94 nodes, 1982 edges
2026-09-26 18:33:00,917 [INFO] federated_learning: Generated 1662 flow embeddings
2026-09-26 18:33:00,918 [INFO] federated_learning:     -> [57.3%] Step 129/225 | Running Client 4/5 for content detector...
2026-09-26 18:33:00,923 [INFO] federated_learning: Loaded 1981 records for client 4
2026-09-26 18:33:00,936 [INFO] feature_engineering: Engineered 396 new features for content detection
2026-09-26 18:33:00,936 [INFO] feature_engineering: Calculating centrality features dynamically (Ignoring any dataset pre-computations)...
2026-09-26 18:33:00,940 [INFO] feature_engineering: Calculating Degree Centrality for 116 nodes...
2026-09-26 18:33:00,940 [INFO] feature_engineering: Calculating PageRank...
2026-09-26 18:33:00,946 [INFO] feature_engineering: Calculating K-Core...
2026-09-26 18:33:00,947 [INFO] feature_engineering: Calculating Eigenvector Centrality...
2026-09-26 18:33:00,953 [INFO] feature_engineering: Calculating Approximated Betweenness Centrality (k=50)...
2026-09-26 18:33:00,976 [INFO] feature_engineering: Dynamically calculated 10 centrality features for 1981 rows in 0.04 seconds.
2026-09-26 18:33:01,076 [INFO] community_leiden: Detecting communities using Leiden algorithm...
2026-09-26 18:33:01,083 [INFO] community_leiden: Detected 4 communities using Leiden
2026-09-26 18:33:01,215 [INFO] community_detection: Enhanced 1981 flows with community features
2026-09-26 18:33:02,302 [INFO] federated_learning: Generating embeddings for 116 nodes, 1981 edges
2026-09-26 18:33:02,429 [INFO] federated_learning: Generated 1643 flow embeddings
2026-09-26 18:33:02,429 [INFO] federated_learning:     -> [57.8%] Step 130/225 | Running Client 5/5 for content detector...
2026-09-26 18:33:02,434 [INFO] federated_learning: Loaded 1981 records for client 5
2026-09-26 18:33:02,446 [INFO] feature_engineering: Engineered 405 new features for content detection
2026-09-26 18:33:02,446 [INFO] feature_engineering: Calculating centrality features dynamically (Ignoring any dataset pre-computations)...
2026-09-26 18:33:02,449 [INFO] feature_engineering: Calculating Degree Centrality for 106 nodes...
2026-09-26 18:33:02,450 [INFO] feature_engineering: Calculating PageRank...
2026-09-26 18:33:02,455 [INFO] feature_engineering: Calculating K-Core...
2026-09-26 18:33:02,455 [INFO] feature_engineering: Calculating Eigenvector Centrality...
2026-09-26 18:33:02,461 [INFO] feature_engineering: Calculating Approximated Betweenness Centrality (k=50)...
2026-09-26 18:33:02,485 [INFO] feature_engineering: Dynamically calculated 10 centrality features for 1981 rows in 0.04 seconds.
2026-09-26 18:33:02,589 [INFO] community_leiden: Detecting communities using Leiden algorithm...
2026-09-26 18:33:02,596 [INFO] community_leiden: Detected 3 communities using Leiden
2026-09-26 18:33:02,708 [INFO] community_detection: Enhanced 1981 flows with community features
2026-09-26 18:33:03,802 [INFO] federated_learning: Generating embeddings for 106 nodes, 1981 edges
2026-09-26 18:33:03,927 [INFO] federated_learning: Generated 1635 flow embeddings
2026-09-26 18:33:28,379 [INFO] federated_learning:   -> Processing Behavioral Detector...
2026-09-26 18:33:28,380 [INFO] federated_learning:     -> [58.2%] Step 131/225 | Running Client 1/5 for behavioral detector...
2026-09-26 18:33:28,385 [INFO] federated_learning: Loaded 1982 records for client 1
2026-09-26 18:33:28,418 [INFO] feature_engineering: Engineered 410 new features for behavioral detection
2026-09-26 18:33:28,418 [INFO] feature_engineering: Calculating centrality features dynamically (Ignoring any dataset pre-computations)...
2026-09-26 18:33:28,421 [INFO] feature_engineering: Calculating Degree Centrality for 115 nodes...
2026-09-26 18:33:28,422 [INFO] feature_engineering: Calculating PageRank...
2026-09-26 18:33:28,427 [INFO] feature_engineering: Calculating K-Core...
2026-09-26 18:33:28,427 [INFO] feature_engineering: Calculating Eigenvector Centrality...
2026-09-26 18:33:28,435 [INFO] feature_engineering: Calculating Approximated Betweenness Centrality (k=50)...
2026-09-26 18:33:28,456 [INFO] feature_engineering: Dynamically calculated 10 centrality features for 1982 rows in 0.04 seconds.
2026-09-26 18:33:28,557 [INFO] community_leiden: Detecting communities using Leiden algorithm...
2026-09-26 18:33:28,564 [INFO] community_leiden: Detected 5 communities using Leiden
2026-09-26 18:33:28,704 [INFO] community_detection: Enhanced 1982 flows with community features
2026-09-26 18:33:29,551 [INFO] federated_learning: Generating embeddings for 115 nodes, 1982 edges
2026-09-26 18:33:29,656 [INFO] federated_learning: Generated 1657 flow embeddings
2026-09-26 18:33:29,657 [INFO] federated_learning:     -> [58.7%] Step 132/225 | Running Client 2/5 for behavioral detector...
2026-09-26 18:33:29,662 [INFO] federated_learning: Loaded 1982 records for client 2
2026-09-26 18:33:29,704 [INFO] feature_engineering: Engineered 420 new features for behavioral detection
2026-09-26 18:33:29,704 [INFO] feature_engineering: Calculating centrality features dynamically (Ignoring any dataset pre-computations)...
2026-09-26 18:33:29,708 [INFO] feature_engineering: Calculating Degree Centrality for 106 nodes...
2026-09-26 18:33:29,708 [INFO] feature_engineering: Calculating PageRank...
2026-09-26 18:33:29,713 [INFO] feature_engineering: Calculating K-Core...
2026-09-26 18:33:29,713 [INFO] feature_engineering: Calculating Eigenvector Centrality...
2026-09-26 18:33:29,719 [INFO] feature_engineering: Calculating Approximated Betweenness Centrality (k=50)...
2026-09-26 18:33:29,742 [INFO] feature_engineering: Dynamically calculated 10 centrality features for 1982 rows in 0.04 seconds.
2026-09-26 18:33:29,845 [INFO] community_leiden: Detecting communities using Leiden algorithm...
2026-09-26 18:33:29,852 [INFO] community_leiden: Detected 3 communities using Leiden
2026-09-26 18:33:29,962 [INFO] community_detection: Enhanced 1982 flows with community features
2026-09-26 18:33:30,792 [INFO] federated_learning: Generating embeddings for 106 nodes, 1982 edges
2026-09-26 18:33:30,895 [INFO] federated_learning: Generated 1656 flow embeddings
2026-09-26 18:33:30,895 [INFO] federated_learning:     -> [59.1%] Step 133/225 | Running Client 3/5 for behavioral detector...
2026-09-26 18:33:30,901 [INFO] federated_learning: Loaded 1982 records for client 3
2026-09-26 18:33:30,939 [INFO] feature_engineering: Engineered 430 new features for behavioral detection
2026-09-26 18:33:30,940 [INFO] feature_engineering: Calculating centrality features dynamically (Ignoring any dataset pre-computations)...
2026-09-26 18:33:30,943 [INFO] feature_engineering: Calculating Degree Centrality for 94 nodes...
2026-09-26 18:33:30,943 [INFO] feature_engineering: Calculating PageRank...
2026-09-26 18:33:30,948 [INFO] feature_engineering: Calculating K-Core...
2026-09-26 18:33:30,949 [INFO] feature_engineering: Calculating Eigenvector Centrality...
2026-09-26 18:33:30,953 [INFO] feature_engineering: Calculating Approximated Betweenness Centrality (k=50)...
2026-09-26 18:33:30,971 [INFO] feature_engineering: Dynamically calculated 10 centrality features for 1982 rows in 0.03 seconds.
2026-09-26 18:33:31,072 [INFO] community_leiden: Detecting communities using Leiden algorithm...
2026-09-26 18:33:31,078 [INFO] community_leiden: Detected 5 communities using Leiden
2026-09-26 18:33:31,167 [INFO] community_detection: Enhanced 1982 flows with community features
2026-09-26 18:33:31,974 [INFO] federated_learning: Generating embeddings for 94 nodes, 1982 edges
2026-09-26 18:33:32,079 [INFO] federated_learning: Generated 1662 flow embeddings
2026-09-26 18:33:32,080 [INFO] federated_learning:     -> [59.6%] Step 134/225 | Running Client 4/5 for behavioral detector...
2026-09-26 18:33:32,091 [INFO] federated_learning: Loaded 1981 records for client 4
2026-09-26 18:33:32,127 [INFO] feature_engineering: Engineered 440 new features for behavioral detection
2026-09-26 18:33:32,128 [INFO] feature_engineering: Calculating centrality features dynamically (Ignoring any dataset pre-computations)...
2026-09-26 18:33:32,131 [INFO] feature_engineering: Calculating Degree Centrality for 116 nodes...
2026-09-26 18:33:32,131 [INFO] feature_engineering: Calculating PageRank...
2026-09-26 18:33:32,137 [INFO] feature_engineering: Calculating K-Core...
2026-09-26 18:33:32,137 [INFO] feature_engineering: Calculating Eigenvector Centrality...
2026-09-26 18:33:32,144 [INFO] feature_engineering: Calculating Approximated Betweenness Centrality (k=50)...
2026-09-26 18:33:32,164 [INFO] feature_engineering: Dynamically calculated 10 centrality features for 1981 rows in 0.04 seconds.
2026-09-26 18:33:32,268 [INFO] community_leiden: Detecting communities using Leiden algorithm...
2026-09-26 18:33:32,276 [INFO] community_leiden: Detected 4 communities using Leiden
2026-09-26 18:33:32,405 [INFO] community_detection: Enhanced 1981 flows with community features
2026-09-26 18:33:33,268 [INFO] federated_learning: Generating embeddings for 116 nodes, 1981 edges
2026-09-26 18:33:33,370 [INFO] federated_learning: Generated 1643 flow embeddings
2026-09-26 18:33:33,371 [INFO] federated_learning:     -> [60.0%] Step 135/225 | Running Client 5/5 for behavioral detector...
2026-09-26 18:33:33,376 [INFO] federated_learning: Loaded 1981 records for client 5
2026-09-26 18:33:33,415 [INFO] feature_engineering: Engineered 450 new features for behavioral detection
2026-09-26 18:33:33,415 [INFO] feature_engineering: Calculating centrality features dynamically (Ignoring any dataset pre-computations)...
2026-09-26 18:33:33,418 [INFO] feature_engineering: Calculating Degree Centrality for 106 nodes...
2026-09-26 18:33:33,419 [INFO] feature_engineering: Calculating PageRank...
2026-09-26 18:33:33,424 [INFO] feature_engineering: Calculating K-Core...
2026-09-26 18:33:33,425 [INFO] feature_engineering: Calculating Eigenvector Centrality...
2026-09-26 18:33:33,431 [INFO] feature_engineering: Calculating Approximated Betweenness Centrality (k=50)...
2026-09-26 18:33:33,450 [INFO] feature_engineering: Dynamically calculated 10 centrality features for 1981 rows in 0.03 seconds.
2026-09-26 18:33:33,553 [INFO] community_leiden: Detecting communities using Leiden algorithm...
2026-09-26 18:33:33,560 [INFO] community_leiden: Detected 3 communities using Leiden
2026-09-26 18:33:33,671 [INFO] community_detection: Enhanced 1981 flows with community features
2026-09-26 18:33:34,514 [INFO] federated_learning: Generating embeddings for 106 nodes, 1981 edges
2026-09-26 18:33:34,619 [INFO] federated_learning: Generated 1635 flow embeddings
2026-09-26 18:33:59,329 [INFO] utils: Round 9 metrics logged
2026-09-26 18:33:59,329 [INFO] federated_learning: Round 9 completed in 93.54s, loss: 0.1505
2026-09-26 18:33:59,329 [INFO] federated_learning: Starting round 10/15 (Total System Steps: 225)
2026-09-26 18:33:59,330 [INFO] federated_learning:   -> Processing Temporal Detector...
2026-09-26 18:33:59,330 [INFO] federated_learning:     -> [60.4%] Step 136/225 | Running Client 1/5 for temporal detector...
2026-09-26 18:33:59,335 [INFO] federated_learning: Loaded 1982 records for client 1
2026-09-26 18:33:59,349 [INFO] feature_engineering: Engineered 517 new features for temporal detection
2026-09-26 18:33:59,349 [INFO] feature_engineering: Calculating centrality features dynamically (Ignoring any dataset pre-computations)...
2026-09-26 18:33:59,353 [INFO] feature_engineering: Calculating Degree Centrality for 115 nodes...
2026-09-26 18:33:59,353 [INFO] feature_engineering: Calculating PageRank...
2026-09-26 18:33:59,358 [INFO] feature_engineering: Calculating K-Core...
2026-09-26 18:33:59,358 [INFO] feature_engineering: Calculating Eigenvector Centrality...
2026-09-26 18:33:59,367 [INFO] feature_engineering: Calculating Approximated Betweenness Centrality (k=50)...
2026-09-26 18:33:59,388 [INFO] feature_engineering: Dynamically calculated 10 centrality features for 1982 rows in 0.04 seconds.
2026-09-26 18:33:59,488 [INFO] community_leiden: Detecting communities using Leiden algorithm...
2026-09-26 18:33:59,495 [INFO] community_leiden: Detected 5 communities using Leiden
2026-09-26 18:33:59,627 [INFO] community_detection: Enhanced 1982 flows with community features
2026-09-26 18:34:00,473 [INFO] federated_learning: Generating embeddings for 115 nodes, 1982 edges
2026-09-26 18:34:00,580 [INFO] federated_learning: Generated 1657 flow embeddings
2026-09-26 18:34:00,581 [INFO] federated_learning:     -> [60.9%] Step 137/225 | Running Client 2/5 for temporal detector...
2026-09-26 18:34:00,586 [INFO] federated_learning: Loaded 1982 records for client 2
2026-09-26 18:34:00,605 [INFO] feature_engineering: Engineered 528 new features for temporal detection
2026-09-26 18:34:00,605 [INFO] feature_engineering: Calculating centrality features dynamically (Ignoring any dataset pre-computations)...
2026-09-26 18:34:00,608 [INFO] feature_engineering: Calculating Degree Centrality for 106 nodes...
2026-09-26 18:34:00,609 [INFO] feature_engineering: Calculating PageRank...
2026-09-26 18:34:00,614 [INFO] feature_engineering: Calculating K-Core...
2026-09-26 18:34:00,614 [INFO] feature_engineering: Calculating Eigenvector Centrality...
2026-09-26 18:34:00,621 [INFO] feature_engineering: Calculating Approximated Betweenness Centrality (k=50)...
2026-09-26 18:34:00,641 [INFO] feature_engineering: Dynamically calculated 10 centrality features for 1982 rows in 0.04 seconds.
2026-09-26 18:34:00,741 [INFO] community_leiden: Detecting communities using Leiden algorithm...
2026-09-26 18:34:00,748 [INFO] community_leiden: Detected 3 communities using Leiden
2026-09-26 18:34:00,859 [INFO] community_detection: Enhanced 1982 flows with community features
2026-09-26 18:34:01,694 [INFO] federated_learning: Generating embeddings for 106 nodes, 1982 edges
2026-09-26 18:34:01,800 [INFO] federated_learning: Generated 1656 flow embeddings
2026-09-26 18:34:01,801 [INFO] federated_learning:     -> [61.3%] Step 138/225 | Running Client 3/5 for temporal detector...
2026-09-26 18:34:01,806 [INFO] federated_learning: Loaded 1982 records for client 3
2026-09-26 18:34:01,824 [INFO] feature_engineering: Engineered 539 new features for temporal detection
2026-09-26 18:34:01,824 [INFO] feature_engineering: Calculating centrality features dynamically (Ignoring any dataset pre-computations)...
2026-09-26 18:34:01,832 [INFO] feature_engineering: Calculating Degree Centrality for 94 nodes...
2026-09-26 18:34:01,832 [INFO] feature_engineering: Calculating PageRank...
2026-09-26 18:34:01,837 [INFO] feature_engineering: Calculating K-Core...
2026-09-26 18:34:01,838 [INFO] feature_engineering: Calculating Eigenvector Centrality...
2026-09-26 18:34:01,842 [INFO] feature_engineering: Calculating Approximated Betweenness Centrality (k=50)...
2026-09-26 18:34:01,863 [INFO] feature_engineering: Dynamically calculated 10 centrality features for 1982 rows in 0.04 seconds.
2026-09-26 18:34:01,966 [INFO] community_leiden: Detecting communities using Leiden algorithm...
2026-09-26 18:34:01,972 [INFO] community_leiden: Detected 5 communities using Leiden
2026-09-26 18:34:02,063 [INFO] community_detection: Enhanced 1982 flows with community features
2026-09-26 18:34:02,881 [INFO] federated_learning: Generating embeddings for 94 nodes, 1982 edges
2026-09-26 18:34:02,986 [INFO] federated_learning: Generated 1662 flow embeddings
2026-09-26 18:34:02,986 [INFO] federated_learning:     -> [61.8%] Step 139/225 | Running Client 4/5 for temporal detector...
2026-09-26 18:34:02,992 [INFO] federated_learning: Loaded 1981 records for client 4
2026-09-26 18:34:03,007 [INFO] feature_engineering: Engineered 550 new features for temporal detection
2026-09-26 18:34:03,009 [INFO] feature_engineering: Calculating centrality features dynamically (Ignoring any dataset pre-computations)...
2026-09-26 18:34:03,013 [INFO] feature_engineering: Calculating Degree Centrality for 116 nodes...
2026-09-26 18:34:03,013 [INFO] feature_engineering: Calculating PageRank...
2026-09-26 18:34:03,018 [INFO] feature_engineering: Calculating K-Core...
2026-09-26 18:34:03,019 [INFO] feature_engineering: Calculating Eigenvector Centrality...
2026-09-26 18:34:03,025 [INFO] feature_engineering: Calculating Approximated Betweenness Centrality (k=50)...
2026-09-26 18:34:03,046 [INFO] feature_engineering: Dynamically calculated 10 centrality features for 1981 rows in 0.04 seconds.
2026-09-26 18:34:03,147 [INFO] community_leiden: Detecting communities using Leiden algorithm...
2026-09-26 18:34:03,154 [INFO] community_leiden: Detected 4 communities using Leiden
2026-09-26 18:34:03,285 [INFO] community_detection: Enhanced 1981 flows with community features
2026-09-26 18:34:04,139 [INFO] federated_learning: Generating embeddings for 116 nodes, 1981 edges
2026-09-26 18:34:04,245 [INFO] federated_learning: Generated 1643 flow embeddings
2026-09-26 18:34:04,245 [INFO] federated_learning:     -> [62.2%] Step 140/225 | Running Client 5/5 for temporal detector...
2026-09-26 18:34:04,251 [INFO] federated_learning: Loaded 1981 records for client 5
2026-09-26 18:34:04,273 [INFO] feature_engineering: Engineered 561 new features for temporal detection
2026-09-26 18:34:04,273 [INFO] feature_engineering: Calculating centrality features dynamically (Ignoring any dataset pre-computations)...
2026-09-26 18:34:04,277 [INFO] feature_engineering: Calculating Degree Centrality for 106 nodes...
2026-09-26 18:34:04,277 [INFO] feature_engineering: Calculating PageRank...
2026-09-26 18:34:04,282 [INFO] feature_engineering: Calculating K-Core...
2026-09-26 18:34:04,283 [INFO] feature_engineering: Calculating Eigenvector Centrality...
2026-09-26 18:34:04,289 [INFO] feature_engineering: Calculating Approximated Betweenness Centrality (k=50)...
2026-09-26 18:34:04,311 [INFO] feature_engineering: Dynamically calculated 10 centrality features for 1981 rows in 0.04 seconds.
2026-09-26 18:34:04,423 [INFO] community_leiden: Detecting communities using Leiden algorithm...
2026-09-26 18:34:04,430 [INFO] community_leiden: Detected 3 communities using Leiden
2026-09-26 18:34:04,548 [INFO] community_detection: Enhanced 1981 flows with community features
2026-09-26 18:34:05,426 [INFO] federated_learning: Generating embeddings for 106 nodes, 1981 edges
2026-09-26 18:34:05,527 [INFO] federated_learning: Generated 1635 flow embeddings
2026-09-26 18:34:29,973 [INFO] federated_learning:   -> Processing Content Detector...
2026-09-26 18:34:29,974 [INFO] federated_learning:     -> [62.7%] Step 141/225 | Running Client 1/5 for content detector...
2026-09-26 18:34:29,979 [INFO] federated_learning: Loaded 1982 records for client 1
2026-09-26 18:34:29,991 [INFO] feature_engineering: Engineered 414 new features for content detection
2026-09-26 18:34:29,991 [INFO] feature_engineering: Calculating centrality features dynamically (Ignoring any dataset pre-computations)...
2026-09-26 18:34:29,995 [INFO] feature_engineering: Calculating Degree Centrality for 115 nodes...
2026-09-26 18:34:29,995 [INFO] feature_engineering: Calculating PageRank...
2026-09-26 18:34:30,000 [INFO] feature_engineering: Calculating K-Core...
2026-09-26 18:34:30,001 [INFO] feature_engineering: Calculating Eigenvector Centrality...
2026-09-26 18:34:30,009 [INFO] feature_engineering: Calculating Approximated Betweenness Centrality (k=50)...
2026-09-26 18:34:30,031 [INFO] feature_engineering: Dynamically calculated 10 centrality features for 1982 rows in 0.04 seconds.
2026-09-26 18:34:30,132 [INFO] community_leiden: Detecting communities using Leiden algorithm...
2026-09-26 18:34:30,139 [INFO] community_leiden: Detected 5 communities using Leiden
2026-09-26 18:34:30,276 [INFO] community_detection: Enhanced 1982 flows with community features
2026-09-26 18:34:31,389 [INFO] federated_learning: Generating embeddings for 115 nodes, 1982 edges
2026-09-26 18:34:31,520 [INFO] federated_learning: Generated 1657 flow embeddings
2026-09-26 18:34:31,521 [INFO] federated_learning:     -> [63.1%] Step 142/225 | Running Client 2/5 for content detector...
2026-09-26 18:34:31,526 [INFO] federated_learning: Loaded 1982 records for client 2
2026-09-26 18:34:31,540 [INFO] feature_engineering: Engineered 423 new features for content detection
2026-09-26 18:34:31,541 [INFO] feature_engineering: Calculating centrality features dynamically (Ignoring any dataset pre-computations)...
2026-09-26 18:34:31,544 [INFO] feature_engineering: Calculating Degree Centrality for 106 nodes...
2026-09-26 18:34:31,545 [INFO] feature_engineering: Calculating PageRank...
2026-09-26 18:34:31,550 [INFO] feature_engineering: Calculating K-Core...
2026-09-26 18:34:31,551 [INFO] feature_engineering: Calculating Eigenvector Centrality...
2026-09-26 18:34:31,558 [INFO] feature_engineering: Calculating Approximated Betweenness Centrality (k=50)...
2026-09-26 18:34:31,578 [INFO] feature_engineering: Dynamically calculated 10 centrality features for 1982 rows in 0.04 seconds.
2026-09-26 18:34:31,678 [INFO] community_leiden: Detecting communities using Leiden algorithm...
2026-09-26 18:34:31,685 [INFO] community_leiden: Detected 3 communities using Leiden
2026-09-26 18:34:31,795 [INFO] community_detection: Enhanced 1982 flows with community features
2026-09-26 18:34:32,860 [INFO] federated_learning: Generating embeddings for 106 nodes, 1982 edges
2026-09-26 18:34:32,983 [INFO] federated_learning: Generated 1656 flow embeddings
2026-09-26 18:34:32,983 [INFO] federated_learning:     -> [63.6%] Step 143/225 | Running Client 3/5 for content detector...
2026-09-26 18:34:32,989 [INFO] federated_learning: Loaded 1982 records for client 3
2026-09-26 18:34:33,000 [INFO] feature_engineering: Engineered 432 new features for content detection
2026-09-26 18:34:33,000 [INFO] feature_engineering: Calculating centrality features dynamically (Ignoring any dataset pre-computations)...
2026-09-26 18:34:33,004 [INFO] feature_engineering: Calculating Degree Centrality for 94 nodes...
2026-09-26 18:34:33,004 [INFO] feature_engineering: Calculating PageRank...
2026-09-26 18:34:33,009 [INFO] feature_engineering: Calculating K-Core...
2026-09-26 18:34:33,009 [INFO] feature_engineering: Calculating Eigenvector Centrality...
2026-09-26 18:34:33,014 [INFO] feature_engineering: Calculating Approximated Betweenness Centrality (k=50)...
2026-09-26 18:34:33,033 [INFO] feature_engineering: Dynamically calculated 10 centrality features for 1982 rows in 0.03 seconds.
2026-09-26 18:34:33,135 [INFO] community_leiden: Detecting communities using Leiden algorithm...
2026-09-26 18:34:33,141 [INFO] community_leiden: Detected 5 communities using Leiden
2026-09-26 18:34:33,233 [INFO] community_detection: Enhanced 1982 flows with community features
2026-09-26 18:34:34,272 [INFO] federated_learning: Generating embeddings for 94 nodes, 1982 edges
2026-09-26 18:34:34,400 [INFO] federated_learning: Generated 1662 flow embeddings
2026-09-26 18:34:34,401 [INFO] federated_learning:     -> [64.0%] Step 144/225 | Running Client 4/5 for content detector...
2026-09-26 18:34:34,406 [INFO] federated_learning: Loaded 1981 records for client 4
2026-09-26 18:34:34,421 [INFO] feature_engineering: Engineered 441 new features for content detection
2026-09-26 18:34:34,421 [INFO] feature_engineering: Calculating centrality features dynamically (Ignoring any dataset pre-computations)...
2026-09-26 18:34:34,426 [INFO] feature_engineering: Calculating Degree Centrality for 116 nodes...
2026-09-26 18:34:34,427 [INFO] feature_engineering: Calculating PageRank...
2026-09-26 18:34:34,432 [INFO] feature_engineering: Calculating K-Core...
2026-09-26 18:34:34,433 [INFO] feature_engineering: Calculating Eigenvector Centrality...
2026-09-26 18:34:34,439 [INFO] feature_engineering: Calculating Approximated Betweenness Centrality (k=50)...
2026-09-26 18:34:34,462 [INFO] feature_engineering: Dynamically calculated 10 centrality features for 1981 rows in 0.04 seconds.
2026-09-26 18:34:34,562 [INFO] community_leiden: Detecting communities using Leiden algorithm...
2026-09-26 18:34:34,569 [INFO] community_leiden: Detected 4 communities using Leiden
2026-09-26 18:34:34,701 [INFO] community_detection: Enhanced 1981 flows with community features
2026-09-26 18:34:35,836 [INFO] federated_learning: Generating embeddings for 116 nodes, 1981 edges
2026-09-26 18:34:35,975 [INFO] federated_learning: Generated 1643 flow embeddings
2026-09-26 18:34:35,975 [INFO] federated_learning:     -> [64.4%] Step 145/225 | Running Client 5/5 for content detector...
2026-09-26 18:34:35,981 [INFO] federated_learning: Loaded 1981 records for client 5
2026-09-26 18:34:35,995 [INFO] feature_engineering: Engineered 450 new features for content detection
2026-09-26 18:34:35,995 [INFO] feature_engineering: Calculating centrality features dynamically (Ignoring any dataset pre-computations)...
2026-09-26 18:34:35,998 [INFO] feature_engineering: Calculating Degree Centrality for 106 nodes...
2026-09-26 18:34:35,998 [INFO] feature_engineering: Calculating PageRank...
2026-09-26 18:34:36,003 [INFO] feature_engineering: Calculating K-Core...
2026-09-26 18:34:36,004 [INFO] feature_engineering: Calculating Eigenvector Centrality...
2026-09-26 18:34:36,009 [INFO] feature_engineering: Calculating Approximated Betweenness Centrality (k=50)...
2026-09-26 18:34:36,029 [INFO] feature_engineering: Dynamically calculated 10 centrality features for 1981 rows in 0.03 seconds.
2026-09-26 18:34:36,129 [INFO] community_leiden: Detecting communities using Leiden algorithm...
2026-09-26 18:34:36,136 [INFO] community_leiden: Detected 3 communities using Leiden
2026-09-26 18:34:36,248 [INFO] community_detection: Enhanced 1981 flows with community features
2026-09-26 18:34:37,325 [INFO] federated_learning: Generating embeddings for 106 nodes, 1981 edges
2026-09-26 18:34:37,452 [INFO] federated_learning: Generated 1635 flow embeddings
2026-09-26 18:35:02,006 [INFO] federated_learning:   -> Processing Behavioral Detector...
2026-09-26 18:35:02,006 [INFO] federated_learning:     -> [64.9%] Step 146/225 | Running Client 1/5 for behavioral detector...
2026-09-26 18:35:02,012 [INFO] federated_learning: Loaded 1982 records for client 1
2026-09-26 18:35:02,044 [INFO] feature_engineering: Engineered 460 new features for behavioral detection
2026-09-26 18:35:02,044 [INFO] feature_engineering: Calculating centrality features dynamically (Ignoring any dataset pre-computations)...
2026-09-26 18:35:02,047 [INFO] feature_engineering: Calculating Degree Centrality for 115 nodes...
2026-09-26 18:35:02,048 [INFO] feature_engineering: Calculating PageRank...
2026-09-26 18:35:02,053 [INFO] feature_engineering: Calculating K-Core...
2026-09-26 18:35:02,053 [INFO] feature_engineering: Calculating Eigenvector Centrality...
2026-09-26 18:35:02,061 [INFO] feature_engineering: Calculating Approximated Betweenness Centrality (k=50)...
2026-09-26 18:35:02,082 [INFO] feature_engineering: Dynamically calculated 10 centrality features for 1982 rows in 0.04 seconds.
2026-09-26 18:35:02,180 [INFO] community_leiden: Detecting communities using Leiden algorithm...
2026-09-26 18:35:02,188 [INFO] community_leiden: Detected 5 communities using Leiden
2026-09-26 18:35:02,331 [INFO] community_detection: Enhanced 1982 flows with community features
2026-09-26 18:35:03,210 [INFO] federated_learning: Generating embeddings for 115 nodes, 1982 edges
2026-09-26 18:35:03,315 [INFO] federated_learning: Generated 1657 flow embeddings
2026-09-26 18:35:03,316 [INFO] federated_learning:     -> [65.3%] Step 147/225 | Running Client 2/5 for behavioral detector...
2026-09-26 18:35:03,321 [INFO] federated_learning: Loaded 1982 records for client 2
2026-09-26 18:35:03,358 [INFO] feature_engineering: Engineered 470 new features for behavioral detection
2026-09-26 18:35:03,359 [INFO] feature_engineering: Calculating centrality features dynamically (Ignoring any dataset pre-computations)...
2026-09-26 18:35:03,362 [INFO] feature_engineering: Calculating Degree Centrality for 106 nodes...
2026-09-26 18:35:03,362 [INFO] feature_engineering: Calculating PageRank...
2026-09-26 18:35:03,367 [INFO] feature_engineering: Calculating K-Core...
2026-09-26 18:35:03,367 [INFO] feature_engineering: Calculating Eigenvector Centrality...
2026-09-26 18:35:03,373 [INFO] feature_engineering: Calculating Approximated Betweenness Centrality (k=50)...
2026-09-26 18:35:03,395 [INFO] feature_engineering: Dynamically calculated 10 centrality features for 1982 rows in 0.04 seconds.
2026-09-26 18:35:03,500 [INFO] community_leiden: Detecting communities using Leiden algorithm...
2026-09-26 18:35:03,506 [INFO] community_leiden: Detected 3 communities using Leiden
2026-09-26 18:35:03,618 [INFO] community_detection: Enhanced 1982 flows with community features
2026-09-26 18:35:04,438 [INFO] federated_learning: Generating embeddings for 106 nodes, 1982 edges
2026-09-26 18:35:04,545 [INFO] federated_learning: Generated 1656 flow embeddings
2026-09-26 18:35:04,545 [INFO] federated_learning:     -> [65.8%] Step 148/225 | Running Client 3/5 for behavioral detector...
2026-09-26 18:35:04,551 [INFO] federated_learning: Loaded 1982 records for client 3
2026-09-26 18:35:04,591 [INFO] feature_engineering: Engineered 480 new features for behavioral detection
2026-09-26 18:35:04,591 [INFO] feature_engineering: Calculating centrality features dynamically (Ignoring any dataset pre-computations)...
2026-09-26 18:35:04,595 [INFO] feature_engineering: Calculating Degree Centrality for 94 nodes...
2026-09-26 18:35:04,595 [INFO] feature_engineering: Calculating PageRank...
2026-09-26 18:35:04,600 [INFO] feature_engineering: Calculating K-Core...
2026-09-26 18:35:04,601 [INFO] feature_engineering: Calculating Eigenvector Centrality...
2026-09-26 18:35:04,606 [INFO] feature_engineering: Calculating Approximated Betweenness Centrality (k=50)...
2026-09-26 18:35:04,625 [INFO] feature_engineering: Dynamically calculated 10 centrality features for 1982 rows in 0.03 seconds.
2026-09-26 18:35:04,734 [INFO] community_leiden: Detecting communities using Leiden algorithm...
2026-09-26 18:35:04,740 [INFO] community_leiden: Detected 5 communities using Leiden
2026-09-26 18:35:04,842 [INFO] community_detection: Enhanced 1982 flows with community features
2026-09-26 18:35:05,679 [INFO] federated_learning: Generating embeddings for 94 nodes, 1982 edges
2026-09-26 18:35:05,782 [INFO] federated_learning: Generated 1662 flow embeddings
2026-09-26 18:35:05,783 [INFO] federated_learning:     -> [66.2%] Step 149/225 | Running Client 4/5 for behavioral detector...
2026-09-26 18:35:05,789 [INFO] federated_learning: Loaded 1981 records for client 4
2026-09-26 18:35:05,827 [INFO] feature_engineering: Engineered 490 new features for behavioral detection
2026-09-26 18:35:05,827 [INFO] feature_engineering: Calculating centrality features dynamically (Ignoring any dataset pre-computations)...
2026-09-26 18:35:05,831 [INFO] feature_engineering: Calculating Degree Centrality for 116 nodes...
2026-09-26 18:35:05,831 [INFO] feature_engineering: Calculating PageRank...
2026-09-26 18:35:05,836 [INFO] feature_engineering: Calculating K-Core...
2026-09-26 18:35:05,837 [INFO] feature_engineering: Calculating Eigenvector Centrality...
2026-09-26 18:35:05,843 [INFO] feature_engineering: Calculating Approximated Betweenness Centrality (k=50)...
2026-09-26 18:35:05,867 [INFO] feature_engineering: Dynamically calculated 10 centrality features for 1981 rows in 0.04 seconds.
2026-09-26 18:35:05,968 [INFO] community_leiden: Detecting communities using Leiden algorithm...
2026-09-26 18:35:05,975 [INFO] community_leiden: Detected 3 communities using Leiden
2026-09-26 18:35:06,101 [INFO] community_detection: Enhanced 1981 flows with community features
2026-09-26 18:35:06,946 [INFO] federated_learning: Generating embeddings for 116 nodes, 1981 edges
2026-09-26 18:35:07,048 [INFO] federated_learning: Generated 1643 flow embeddings
2026-09-26 18:35:07,048 [INFO] federated_learning:     -> [66.7%] Step 150/225 | Running Client 5/5 for behavioral detector...
2026-09-26 18:35:07,053 [INFO] federated_learning: Loaded 1981 records for client 5
2026-09-26 18:35:07,097 [INFO] feature_engineering: Engineered 500 new features for behavioral detection
2026-09-26 18:35:07,098 [INFO] feature_engineering: Calculating centrality features dynamically (Ignoring any dataset pre-computations)...
2026-09-26 18:35:07,102 [INFO] feature_engineering: Calculating Degree Centrality for 106 nodes...
2026-09-26 18:35:07,102 [INFO] feature_engineering: Calculating PageRank...
2026-09-26 18:35:07,106 [INFO] feature_engineering: Calculating K-Core...
2026-09-26 18:35:07,107 [INFO] feature_engineering: Calculating Eigenvector Centrality...
2026-09-26 18:35:07,113 [INFO] feature_engineering: Calculating Approximated Betweenness Centrality (k=50)...
2026-09-26 18:35:07,133 [INFO] feature_engineering: Dynamically calculated 10 centrality features for 1981 rows in 0.03 seconds.
2026-09-26 18:35:07,233 [INFO] community_leiden: Detecting communities using Leiden algorithm...
2026-09-26 18:35:07,240 [INFO] community_leiden: Detected 3 communities using Leiden
2026-09-26 18:35:07,348 [INFO] community_detection: Enhanced 1981 flows with community features
2026-09-26 18:35:08,185 [INFO] federated_learning: Generating embeddings for 106 nodes, 1981 edges
2026-09-26 18:35:08,290 [INFO] federated_learning: Generated 1635 flow embeddings
2026-09-26 18:35:32,896 [INFO] utils: Round 10 metrics logged
2026-09-26 18:35:32,897 [INFO] federated_learning: Round 10 completed in 93.57s, loss: 0.1595
2026-09-26 18:35:32,897 [INFO] federated_learning: Starting round 11/15 (Total System Steps: 225)
2026-09-26 18:35:32,898 [INFO] federated_learning:   -> Processing Temporal Detector...
2026-09-26 18:35:32,898 [INFO] federated_learning:     -> [67.1%] Step 151/225 | Running Client 1/5 for temporal detector...
2026-09-26 18:35:32,903 [INFO] federated_learning: Loaded 1982 records for client 1
2026-09-26 18:35:32,917 [INFO] feature_engineering: Engineered 572 new features for temporal detection
2026-09-26 18:35:32,918 [INFO] feature_engineering: Calculating centrality features dynamically (Ignoring any dataset pre-computations)...
2026-09-26 18:35:32,921 [INFO] feature_engineering: Calculating Degree Centrality for 115 nodes...
2026-09-26 18:35:32,921 [INFO] feature_engineering: Calculating PageRank...
2026-09-26 18:35:32,926 [INFO] feature_engineering: Calculating K-Core...
2026-09-26 18:35:32,927 [INFO] feature_engineering: Calculating Eigenvector Centrality...
2026-09-26 18:35:32,935 [INFO] feature_engineering: Calculating Approximated Betweenness Centrality (k=50)...
2026-09-26 18:35:32,956 [INFO] feature_engineering: Dynamically calculated 10 centrality features for 1982 rows in 0.04 seconds.
2026-09-26 18:35:33,055 [INFO] community_leiden: Detecting communities using Leiden algorithm...
2026-09-26 18:35:33,062 [INFO] community_leiden: Detected 5 communities using Leiden
2026-09-26 18:35:33,196 [INFO] community_detection: Enhanced 1982 flows with community features
2026-09-26 18:35:34,072 [INFO] federated_learning: Generating embeddings for 115 nodes, 1982 edges
2026-09-26 18:35:34,183 [INFO] federated_learning: Generated 1657 flow embeddings
2026-09-26 18:35:34,185 [INFO] federated_learning:     -> [67.6%] Step 152/225 | Running Client 2/5 for temporal detector...
2026-09-26 18:35:34,193 [INFO] federated_learning: Loaded 1982 records for client 2
2026-09-26 18:35:34,207 [INFO] feature_engineering: Engineered 583 new features for temporal detection
2026-09-26 18:35:34,207 [INFO] feature_engineering: Calculating centrality features dynamically (Ignoring any dataset pre-computations)...
2026-09-26 18:35:34,211 [INFO] feature_engineering: Calculating Degree Centrality for 106 nodes...
2026-09-26 18:35:34,211 [INFO] feature_engineering: Calculating PageRank...
2026-09-26 18:35:34,216 [INFO] feature_engineering: Calculating K-Core...
2026-09-26 18:35:34,217 [INFO] feature_engineering: Calculating Eigenvector Centrality...
2026-09-26 18:35:34,223 [INFO] feature_engineering: Calculating Approximated Betweenness Centrality (k=50)...
2026-09-26 18:35:34,243 [INFO] feature_engineering: Dynamically calculated 10 centrality features for 1982 rows in 0.04 seconds.
2026-09-26 18:35:34,343 [INFO] community_leiden: Detecting communities using Leiden algorithm...
2026-09-26 18:35:34,350 [INFO] community_leiden: Detected 3 communities using Leiden
2026-09-26 18:35:34,460 [INFO] community_detection: Enhanced 1982 flows with community features
2026-09-26 18:35:35,321 [INFO] federated_learning: Generating embeddings for 106 nodes, 1982 edges
2026-09-26 18:35:35,427 [INFO] federated_learning: Generated 1656 flow embeddings
2026-09-26 18:35:35,428 [INFO] federated_learning:     -> [68.0%] Step 153/225 | Running Client 3/5 for temporal detector...
2026-09-26 18:35:35,433 [INFO] federated_learning: Loaded 1982 records for client 3
2026-09-26 18:35:35,450 [INFO] feature_engineering: Engineered 594 new features for temporal detection
2026-09-26 18:35:35,451 [INFO] feature_engineering: Calculating centrality features dynamically (Ignoring any dataset pre-computations)...
2026-09-26 18:35:35,454 [INFO] feature_engineering: Calculating Degree Centrality for 94 nodes...
2026-09-26 18:35:35,454 [INFO] feature_engineering: Calculating PageRank...
2026-09-26 18:35:35,459 [INFO] feature_engineering: Calculating K-Core...
2026-09-26 18:35:35,460 [INFO] feature_engineering: Calculating Eigenvector Centrality...
2026-09-26 18:35:35,464 [INFO] feature_engineering: Calculating Approximated Betweenness Centrality (k=50)...
2026-09-26 18:35:35,483 [INFO] feature_engineering: Dynamically calculated 10 centrality features for 1982 rows in 0.03 seconds.
2026-09-26 18:35:35,585 [INFO] community_leiden: Detecting communities using Leiden algorithm...
2026-09-26 18:35:35,592 [INFO] community_leiden: Detected 5 communities using Leiden
2026-09-26 18:35:35,686 [INFO] community_detection: Enhanced 1982 flows with community features
2026-09-26 18:35:36,486 [INFO] federated_learning: Generating embeddings for 94 nodes, 1982 edges
2026-09-26 18:35:36,592 [INFO] federated_learning: Generated 1662 flow embeddings
2026-09-26 18:35:36,592 [INFO] federated_learning:     -> [68.4%] Step 154/225 | Running Client 4/5 for temporal detector...
2026-09-26 18:35:36,598 [INFO] federated_learning: Loaded 1981 records for client 4
2026-09-26 18:35:36,619 [INFO] feature_engineering: Engineered 605 new features for temporal detection
2026-09-26 18:35:36,620 [INFO] feature_engineering: Calculating centrality features dynamically (Ignoring any dataset pre-computations)...
2026-09-26 18:35:36,624 [INFO] feature_engineering: Calculating Degree Centrality for 116 nodes...
2026-09-26 18:35:36,625 [INFO] feature_engineering: Calculating PageRank...
2026-09-26 18:35:36,629 [INFO] feature_engineering: Calculating K-Core...
2026-09-26 18:35:36,630 [INFO] feature_engineering: Calculating Eigenvector Centrality...
2026-09-26 18:35:36,636 [INFO] feature_engineering: Calculating Approximated Betweenness Centrality (k=50)...
2026-09-26 18:35:36,657 [INFO] feature_engineering: Dynamically calculated 10 centrality features for 1981 rows in 0.04 seconds.
2026-09-26 18:35:36,759 [INFO] community_leiden: Detecting communities using Leiden algorithm...
2026-09-26 18:35:36,767 [INFO] community_leiden: Detected 4 communities using Leiden
2026-09-26 18:35:36,896 [INFO] community_detection: Enhanced 1981 flows with community features
2026-09-26 18:35:37,733 [INFO] federated_learning: Generating embeddings for 116 nodes, 1981 edges
2026-09-26 18:35:37,838 [INFO] federated_learning: Generated 1643 flow embeddings
2026-09-26 18:35:37,838 [INFO] federated_learning:     -> [68.9%] Step 155/225 | Running Client 5/5 for temporal detector...
2026-09-26 18:35:37,844 [INFO] federated_learning: Loaded 1981 records for client 5
2026-09-26 18:35:37,862 [INFO] feature_engineering: Engineered 616 new features for temporal detection
2026-09-26 18:35:37,862 [INFO] feature_engineering: Calculating centrality features dynamically (Ignoring any dataset pre-computations)...
2026-09-26 18:35:37,866 [INFO] feature_engineering: Calculating Degree Centrality for 106 nodes...
2026-09-26 18:35:37,866 [INFO] feature_engineering: Calculating PageRank...
2026-09-26 18:35:37,870 [INFO] feature_engineering: Calculating K-Core...
2026-09-26 18:35:37,871 [INFO] feature_engineering: Calculating Eigenvector Centrality...
2026-09-26 18:35:37,877 [INFO] feature_engineering: Calculating Approximated Betweenness Centrality (k=50)...
2026-09-26 18:35:37,897 [INFO] feature_engineering: Dynamically calculated 10 centrality features for 1981 rows in 0.03 seconds.
2026-09-26 18:35:37,999 [INFO] community_leiden: Detecting communities using Leiden algorithm...
2026-09-26 18:35:38,006 [INFO] community_leiden: Detected 3 communities using Leiden
2026-09-26 18:35:38,117 [INFO] community_detection: Enhanced 1981 flows with community features
2026-09-26 18:35:38,973 [INFO] federated_learning: Generating embeddings for 106 nodes, 1981 edges
2026-09-26 18:35:39,075 [INFO] federated_learning: Generated 1635 flow embeddings
2026-09-26 18:36:03,682 [INFO] federated_learning:   -> Processing Content Detector...
2026-09-26 18:36:03,682 [INFO] federated_learning:     -> [69.3%] Step 156/225 | Running Client 1/5 for content detector...
2026-09-26 18:36:03,688 [INFO] federated_learning: Loaded 1982 records for client 1
2026-09-26 18:36:03,700 [INFO] feature_engineering: Engineered 459 new features for content detection
2026-09-26 18:36:03,700 [INFO] feature_engineering: Calculating centrality features dynamically (Ignoring any dataset pre-computations)...
2026-09-26 18:36:03,704 [INFO] feature_engineering: Calculating Degree Centrality for 115 nodes...
2026-09-26 18:36:03,704 [INFO] feature_engineering: Calculating PageRank...
2026-09-26 18:36:03,709 [INFO] feature_engineering: Calculating K-Core...
2026-09-26 18:36:03,710 [INFO] feature_engineering: Calculating Eigenvector Centrality...
2026-09-26 18:36:03,719 [INFO] feature_engineering: Calculating Approximated Betweenness Centrality (k=50)...
2026-09-26 18:36:03,740 [INFO] feature_engineering: Dynamically calculated 10 centrality features for 1982 rows in 0.04 seconds.
2026-09-26 18:36:03,840 [INFO] community_leiden: Detecting communities using Leiden algorithm...
2026-09-26 18:36:03,847 [INFO] community_leiden: Detected 5 communities using Leiden
2026-09-26 18:36:03,987 [INFO] community_detection: Enhanced 1982 flows with community features
2026-09-26 18:36:05,140 [INFO] federated_learning: Generating embeddings for 115 nodes, 1982 edges
2026-09-26 18:36:05,273 [INFO] federated_learning: Generated 1657 flow embeddings
2026-09-26 18:36:05,274 [INFO] federated_learning:     -> [69.8%] Step 157/225 | Running Client 2/5 for content detector...
2026-09-26 18:36:05,279 [INFO] federated_learning: Loaded 1982 records for client 2
2026-09-26 18:36:05,292 [INFO] feature_engineering: Engineered 468 new features for content detection
2026-09-26 18:36:05,292 [INFO] feature_engineering: Calculating centrality features dynamically (Ignoring any dataset pre-computations)...
2026-09-26 18:36:05,295 [INFO] feature_engineering: Calculating Degree Centrality for 106 nodes...
2026-09-26 18:36:05,296 [INFO] feature_engineering: Calculating PageRank...
2026-09-26 18:36:05,301 [INFO] feature_engineering: Calculating K-Core...
2026-09-26 18:36:05,301 [INFO] feature_engineering: Calculating Eigenvector Centrality...
2026-09-26 18:36:05,307 [INFO] feature_engineering: Calculating Approximated Betweenness Centrality (k=50)...
2026-09-26 18:36:05,328 [INFO] feature_engineering: Dynamically calculated 10 centrality features for 1982 rows in 0.04 seconds.
2026-09-26 18:36:05,428 [INFO] community_leiden: Detecting communities using Leiden algorithm...
2026-09-26 18:36:05,435 [INFO] community_leiden: Detected 3 communities using Leiden
2026-09-26 18:36:05,546 [INFO] community_detection: Enhanced 1982 flows with community features
2026-09-26 18:36:06,595 [INFO] federated_learning: Generating embeddings for 106 nodes, 1982 edges
2026-09-26 18:36:06,727 [INFO] federated_learning: Generated 1656 flow embeddings
2026-09-26 18:36:06,728 [INFO] federated_learning:     -> [70.2%] Step 158/225 | Running Client 3/5 for content detector...
2026-09-26 18:36:06,734 [INFO] federated_learning: Loaded 1982 records for client 3
2026-09-26 18:36:06,748 [INFO] feature_engineering: Engineered 477 new features for content detection
2026-09-26 18:36:06,748 [INFO] feature_engineering: Calculating centrality features dynamically (Ignoring any dataset pre-computations)...
2026-09-26 18:36:06,752 [INFO] feature_engineering: Calculating Degree Centrality for 94 nodes...
2026-09-26 18:36:06,752 [INFO] feature_engineering: Calculating PageRank...
2026-09-26 18:36:06,757 [INFO] feature_engineering: Calculating K-Core...
2026-09-26 18:36:06,758 [INFO] feature_engineering: Calculating Eigenvector Centrality...
2026-09-26 18:36:06,762 [INFO] feature_engineering: Calculating Approximated Betweenness Centrality (k=50)...
2026-09-26 18:36:06,781 [INFO] feature_engineering: Dynamically calculated 10 centrality features for 1982 rows in 0.03 seconds.
2026-09-26 18:36:06,881 [INFO] community_leiden: Detecting communities using Leiden algorithm...
2026-09-26 18:36:06,887 [INFO] community_leiden: Detected 5 communities using Leiden
2026-09-26 18:36:06,976 [INFO] community_detection: Enhanced 1982 flows with community features
2026-09-26 18:36:08,000 [INFO] federated_learning: Generating embeddings for 94 nodes, 1982 edges
2026-09-26 18:36:08,125 [INFO] federated_learning: Generated 1662 flow embeddings
2026-09-26 18:36:08,125 [INFO] federated_learning:     -> [70.7%] Step 159/225 | Running Client 4/5 for content detector...
2026-09-26 18:36:08,131 [INFO] federated_learning: Loaded 1981 records for client 4
2026-09-26 18:36:08,142 [INFO] feature_engineering: Engineered 486 new features for content detection
2026-09-26 18:36:08,143 [INFO] feature_engineering: Calculating centrality features dynamically (Ignoring any dataset pre-computations)...
2026-09-26 18:36:08,146 [INFO] feature_engineering: Calculating Degree Centrality for 116 nodes...
2026-09-26 18:36:08,146 [INFO] feature_engineering: Calculating PageRank...
2026-09-26 18:36:08,151 [INFO] feature_engineering: Calculating K-Core...
2026-09-26 18:36:08,152 [INFO] feature_engineering: Calculating Eigenvector Centrality...
2026-09-26 18:36:08,158 [INFO] feature_engineering: Calculating Approximated Betweenness Centrality (k=50)...
2026-09-26 18:36:08,179 [INFO] feature_engineering: Dynamically calculated 10 centrality features for 1981 rows in 0.04 seconds.
2026-09-26 18:36:08,281 [INFO] community_leiden: Detecting communities using Leiden algorithm...
2026-09-26 18:36:08,288 [INFO] community_leiden: Detected 4 communities using Leiden
2026-09-26 18:36:08,417 [INFO] community_detection: Enhanced 1981 flows with community features
2026-09-26 18:36:09,502 [INFO] federated_learning: Generating embeddings for 116 nodes, 1981 edges
2026-09-26 18:36:09,627 [INFO] federated_learning: Generated 1643 flow embeddings
2026-09-26 18:36:09,628 [INFO] federated_learning:     -> [71.1%] Step 160/225 | Running Client 5/5 for content detector...
2026-09-26 18:36:09,633 [INFO] federated_learning: Loaded 1981 records for client 5
2026-09-26 18:36:09,645 [INFO] feature_engineering: Engineered 495 new features for content detection
2026-09-26 18:36:09,645 [INFO] feature_engineering: Calculating centrality features dynamically (Ignoring any dataset pre-computations)...
2026-09-26 18:36:09,650 [INFO] feature_engineering: Calculating Degree Centrality for 106 nodes...
2026-09-26 18:36:09,650 [INFO] feature_engineering: Calculating PageRank...
2026-09-26 18:36:09,656 [INFO] feature_engineering: Calculating K-Core...
2026-09-26 18:36:09,657 [INFO] feature_engineering: Calculating Eigenvector Centrality...
2026-09-26 18:36:09,663 [INFO] feature_engineering: Calculating Approximated Betweenness Centrality (k=50)...
2026-09-26 18:36:09,686 [INFO] feature_engineering: Dynamically calculated 10 centrality features for 1981 rows in 0.04 seconds.
2026-09-26 18:36:09,792 [INFO] community_leiden: Detecting communities using Leiden algorithm...
2026-09-26 18:36:09,798 [INFO] community_leiden: Detected 3 communities using Leiden
2026-09-26 18:36:09,912 [INFO] community_detection: Enhanced 1981 flows with community features
2026-09-26 18:36:10,990 [INFO] federated_learning: Generating embeddings for 106 nodes, 1981 edges
2026-09-26 18:36:11,117 [INFO] federated_learning: Generated 1635 flow embeddings
2026-09-26 18:36:35,790 [INFO] federated_learning:   -> Processing Behavioral Detector...
2026-09-26 18:36:35,790 [INFO] federated_learning:     -> [71.6%] Step 161/225 | Running Client 1/5 for behavioral detector...
2026-09-26 18:36:35,796 [INFO] federated_learning: Loaded 1982 records for client 1
2026-09-26 18:36:35,829 [INFO] feature_engineering: Engineered 510 new features for behavioral detection
2026-09-26 18:36:35,829 [INFO] feature_engineering: Calculating centrality features dynamically (Ignoring any dataset pre-computations)...
2026-09-26 18:36:35,832 [INFO] feature_engineering: Calculating Degree Centrality for 115 nodes...
2026-09-26 18:36:35,833 [INFO] feature_engineering: Calculating PageRank...
2026-09-26 18:36:35,838 [INFO] feature_engineering: Calculating K-Core...
2026-09-26 18:36:35,838 [INFO] feature_engineering: Calculating Eigenvector Centrality...
2026-09-26 18:36:35,847 [INFO] feature_engineering: Calculating Approximated Betweenness Centrality (k=50)...
2026-09-26 18:36:35,868 [INFO] feature_engineering: Dynamically calculated 10 centrality features for 1982 rows in 0.04 seconds.
2026-09-26 18:36:35,971 [INFO] community_leiden: Detecting communities using Leiden algorithm...
2026-09-26 18:36:35,981 [INFO] community_leiden: Detected 5 communities using Leiden
2026-09-26 18:36:36,123 [INFO] community_detection: Enhanced 1982 flows with community features
2026-09-26 18:36:37,004 [INFO] federated_learning: Generating embeddings for 115 nodes, 1982 edges
2026-09-26 18:36:37,106 [INFO] federated_learning: Generated 1657 flow embeddings
2026-09-26 18:36:37,107 [INFO] federated_learning:     -> [72.0%] Step 162/225 | Running Client 2/5 for behavioral detector...
2026-09-26 18:36:37,112 [INFO] federated_learning: Loaded 1982 records for client 2
2026-09-26 18:36:37,149 [INFO] feature_engineering: Engineered 520 new features for behavioral detection
2026-09-26 18:36:37,150 [INFO] feature_engineering: Calculating centrality features dynamically (Ignoring any dataset pre-computations)...
2026-09-26 18:36:37,153 [INFO] feature_engineering: Calculating Degree Centrality for 106 nodes...
2026-09-26 18:36:37,153 [INFO] feature_engineering: Calculating PageRank...
2026-09-26 18:36:37,158 [INFO] feature_engineering: Calculating K-Core...
2026-09-26 18:36:37,159 [INFO] feature_engineering: Calculating Eigenvector Centrality...
2026-09-26 18:36:37,164 [INFO] feature_engineering: Calculating Approximated Betweenness Centrality (k=50)...
2026-09-26 18:36:37,184 [INFO] feature_engineering: Dynamically calculated 10 centrality features for 1982 rows in 0.03 seconds.
2026-09-26 18:36:37,286 [INFO] community_leiden: Detecting communities using Leiden algorithm...
2026-09-26 18:36:37,292 [INFO] community_leiden: Detected 3 communities using Leiden
2026-09-26 18:36:37,401 [INFO] community_detection: Enhanced 1982 flows with community features
2026-09-26 18:36:38,232 [INFO] federated_learning: Generating embeddings for 106 nodes, 1982 edges
2026-09-26 18:36:38,336 [INFO] federated_learning: Generated 1656 flow embeddings
2026-09-26 18:36:38,337 [INFO] federated_learning:     -> [72.4%] Step 163/225 | Running Client 3/5 for behavioral detector...
2026-09-26 18:36:38,342 [INFO] federated_learning: Loaded 1982 records for client 3
2026-09-26 18:36:38,386 [INFO] feature_engineering: Engineered 530 new features for behavioral detection
2026-09-26 18:36:38,386 [INFO] feature_engineering: Calculating centrality features dynamically (Ignoring any dataset pre-computations)...
2026-09-26 18:36:38,390 [INFO] feature_engineering: Calculating Degree Centrality for 94 nodes...
2026-09-26 18:36:38,390 [INFO] feature_engineering: Calculating PageRank...
2026-09-26 18:36:38,394 [INFO] feature_engineering: Calculating K-Core...
2026-09-26 18:36:38,395 [INFO] feature_engineering: Calculating Eigenvector Centrality...
2026-09-26 18:36:38,399 [INFO] feature_engineering: Calculating Approximated Betweenness Centrality (k=50)...
2026-09-26 18:36:38,420 [INFO] feature_engineering: Dynamically calculated 10 centrality features for 1982 rows in 0.03 seconds.
2026-09-26 18:36:38,526 [INFO] community_leiden: Detecting communities using Leiden algorithm...
2026-09-26 18:36:38,533 [INFO] community_leiden: Detected 5 communities using Leiden
2026-09-26 18:36:38,630 [INFO] community_detection: Enhanced 1982 flows with community features
2026-09-26 18:36:39,425 [INFO] federated_learning: Generating embeddings for 94 nodes, 1982 edges
2026-09-26 18:36:39,530 [INFO] federated_learning: Generated 1662 flow embeddings
2026-09-26 18:36:39,531 [INFO] federated_learning:     -> [72.9%] Step 164/225 | Running Client 4/5 for behavioral detector...
2026-09-26 18:36:39,537 [INFO] federated_learning: Loaded 1981 records for client 4
2026-09-26 18:36:39,573 [INFO] feature_engineering: Engineered 540 new features for behavioral detection
2026-09-26 18:36:39,574 [INFO] feature_engineering: Calculating centrality features dynamically (Ignoring any dataset pre-computations)...
2026-09-26 18:36:39,577 [INFO] feature_engineering: Calculating Degree Centrality for 116 nodes...
2026-09-26 18:36:39,578 [INFO] feature_engineering: Calculating PageRank...
2026-09-26 18:36:39,583 [INFO] feature_engineering: Calculating K-Core...
2026-09-26 18:36:39,584 [INFO] feature_engineering: Calculating Eigenvector Centrality...
2026-09-26 18:36:39,590 [INFO] feature_engineering: Calculating Approximated Betweenness Centrality (k=50)...
2026-09-26 18:36:39,611 [INFO] feature_engineering: Dynamically calculated 10 centrality features for 1981 rows in 0.04 seconds.
2026-09-26 18:36:39,712 [INFO] community_leiden: Detecting communities using Leiden algorithm...
2026-09-26 18:36:39,719 [INFO] community_leiden: Detected 4 communities using Leiden
2026-09-26 18:36:39,853 [INFO] community_detection: Enhanced 1981 flows with community features
2026-09-26 18:36:40,692 [INFO] federated_learning: Generating embeddings for 116 nodes, 1981 edges
2026-09-26 18:36:40,799 [INFO] federated_learning: Generated 1643 flow embeddings
2026-09-26 18:36:40,799 [INFO] federated_learning:     -> [73.3%] Step 165/225 | Running Client 5/5 for behavioral detector...
2026-09-26 18:36:40,806 [INFO] federated_learning: Loaded 1981 records for client 5
2026-09-26 18:36:40,852 [INFO] feature_engineering: Engineered 550 new features for behavioral detection
2026-09-26 18:36:40,852 [INFO] feature_engineering: Calculating centrality features dynamically (Ignoring any dataset pre-computations)...
2026-09-26 18:36:40,856 [INFO] feature_engineering: Calculating Degree Centrality for 106 nodes...
2026-09-26 18:36:40,856 [INFO] feature_engineering: Calculating PageRank...
2026-09-26 18:36:40,861 [INFO] feature_engineering: Calculating K-Core...
2026-09-26 18:36:40,862 [INFO] feature_engineering: Calculating Eigenvector Centrality...
2026-09-26 18:36:40,868 [INFO] feature_engineering: Calculating Approximated Betweenness Centrality (k=50)...
2026-09-26 18:36:40,891 [INFO] feature_engineering: Dynamically calculated 10 centrality features for 1981 rows in 0.04 seconds.
2026-09-26 18:36:40,993 [INFO] community_leiden: Detecting communities using Leiden algorithm...
2026-09-26 18:36:41,000 [INFO] community_leiden: Detected 3 communities using Leiden
2026-09-26 18:36:41,112 [INFO] community_detection: Enhanced 1981 flows with community features
2026-09-26 18:36:41,967 [INFO] federated_learning: Generating embeddings for 106 nodes, 1981 edges
2026-09-26 18:36:42,070 [INFO] federated_learning: Generated 1635 flow embeddings
2026-09-26 18:37:06,975 [INFO] utils: Round 11 metrics logged
2026-09-26 18:37:06,976 [INFO] federated_learning: Round 11 completed in 94.08s, loss: 0.1767
2026-09-26 18:37:06,976 [INFO] federated_learning: Starting round 12/15 (Total System Steps: 225)
2026-09-26 18:37:06,976 [INFO] federated_learning:   -> Processing Temporal Detector...
2026-09-26 18:37:06,977 [INFO] federated_learning:     -> [73.8%] Step 166/225 | Running Client 1/5 for temporal detector...
2026-09-26 18:37:06,982 [INFO] federated_learning: Loaded 1982 records for client 1
2026-09-26 18:37:06,996 [INFO] feature_engineering: Engineered 627 new features for temporal detection
2026-09-26 18:37:06,997 [INFO] feature_engineering: Calculating centrality features dynamically (Ignoring any dataset pre-computations)...
2026-09-26 18:37:07,000 [INFO] feature_engineering: Calculating Degree Centrality for 115 nodes...
2026-09-26 18:37:07,000 [INFO] feature_engineering: Calculating PageRank...
2026-09-26 18:37:07,005 [INFO] feature_engineering: Calculating K-Core...
2026-09-26 18:37:07,006 [INFO] feature_engineering: Calculating Eigenvector Centrality...
2026-09-26 18:37:07,014 [INFO] feature_engineering: Calculating Approximated Betweenness Centrality (k=50)...
2026-09-26 18:37:07,035 [INFO] feature_engineering: Dynamically calculated 10 centrality features for 1982 rows in 0.04 seconds.
2026-09-26 18:37:07,134 [INFO] community_leiden: Detecting communities using Leiden algorithm...
2026-09-26 18:37:07,141 [INFO] community_leiden: Detected 5 communities using Leiden
2026-09-26 18:37:07,275 [INFO] community_detection: Enhanced 1982 flows with community features
2026-09-26 18:37:08,146 [INFO] federated_learning: Generating embeddings for 115 nodes, 1982 edges
2026-09-26 18:37:08,251 [INFO] federated_learning: Generated 1657 flow embeddings
2026-09-26 18:37:08,251 [INFO] federated_learning:     -> [74.2%] Step 167/225 | Running Client 2/5 for temporal detector...
2026-09-26 18:37:08,257 [INFO] federated_learning: Loaded 1982 records for client 2
2026-09-26 18:37:08,277 [INFO] feature_engineering: Engineered 638 new features for temporal detection
2026-09-26 18:37:08,278 [INFO] feature_engineering: Calculating centrality features dynamically (Ignoring any dataset pre-computations)...
2026-09-26 18:37:08,281 [INFO] feature_engineering: Calculating Degree Centrality for 106 nodes...
2026-09-26 18:37:08,281 [INFO] feature_engineering: Calculating PageRank...
2026-09-26 18:37:08,286 [INFO] feature_engineering: Calculating K-Core...
2026-09-26 18:37:08,287 [INFO] feature_engineering: Calculating Eigenvector Centrality...
2026-09-26 18:37:08,293 [INFO] feature_engineering: Calculating Approximated Betweenness Centrality (k=50)...
2026-09-26 18:37:08,314 [INFO] feature_engineering: Dynamically calculated 10 centrality features for 1982 rows in 0.04 seconds.
2026-09-26 18:37:08,416 [INFO] community_leiden: Detecting communities using Leiden algorithm...
2026-09-26 18:37:08,423 [INFO] community_leiden: Detected 3 communities using Leiden
2026-09-26 18:37:08,536 [INFO] community_detection: Enhanced 1982 flows with community features
2026-09-26 18:37:09,358 [INFO] federated_learning: Generating embeddings for 106 nodes, 1982 edges
2026-09-26 18:37:09,463 [INFO] federated_learning: Generated 1656 flow embeddings
2026-09-26 18:37:09,464 [INFO] federated_learning:     -> [74.7%] Step 168/225 | Running Client 3/5 for temporal detector...
2026-09-26 18:37:09,470 [INFO] federated_learning: Loaded 1982 records for client 3
2026-09-26 18:37:09,489 [INFO] feature_engineering: Engineered 649 new features for temporal detection
2026-09-26 18:37:09,489 [INFO] feature_engineering: Calculating centrality features dynamically (Ignoring any dataset pre-computations)...
2026-09-26 18:37:09,493 [INFO] feature_engineering: Calculating Degree Centrality for 94 nodes...
2026-09-26 18:37:09,493 [INFO] feature_engineering: Calculating PageRank...
2026-09-26 18:37:09,498 [INFO] feature_engineering: Calculating K-Core...
2026-09-26 18:37:09,499 [INFO] feature_engineering: Calculating Eigenvector Centrality...
2026-09-26 18:37:09,504 [INFO] feature_engineering: Calculating Approximated Betweenness Centrality (k=50)...
2026-09-26 18:37:09,525 [INFO] feature_engineering: Dynamically calculated 10 centrality features for 1982 rows in 0.04 seconds.
2026-09-26 18:37:09,629 [INFO] community_leiden: Detecting communities using Leiden algorithm...
2026-09-26 18:37:09,635 [INFO] community_leiden: Detected 5 communities using Leiden
2026-09-26 18:37:09,726 [INFO] community_detection: Enhanced 1982 flows with community features
2026-09-26 18:37:10,523 [INFO] federated_learning: Generating embeddings for 94 nodes, 1982 edges
2026-09-26 18:37:10,629 [INFO] federated_learning: Generated 1662 flow embeddings
2026-09-26 18:37:10,629 [INFO] federated_learning:     -> [75.1%] Step 169/225 | Running Client 4/5 for temporal detector...
2026-09-26 18:37:10,635 [INFO] federated_learning: Loaded 1981 records for client 4
2026-09-26 18:37:10,659 [INFO] feature_engineering: Engineered 660 new features for temporal detection
2026-09-26 18:37:10,659 [INFO] feature_engineering: Calculating centrality features dynamically (Ignoring any dataset pre-computations)...
2026-09-26 18:37:10,663 [INFO] feature_engineering: Calculating Degree Centrality for 116 nodes...
2026-09-26 18:37:10,663 [INFO] feature_engineering: Calculating PageRank...
2026-09-26 18:37:10,668 [INFO] feature_engineering: Calculating K-Core...
2026-09-26 18:37:10,669 [INFO] feature_engineering: Calculating Eigenvector Centrality...
2026-09-26 18:37:10,675 [INFO] feature_engineering: Calculating Approximated Betweenness Centrality (k=50)...
2026-09-26 18:37:10,697 [INFO] feature_engineering: Dynamically calculated 10 centrality features for 1981 rows in 0.04 seconds.
2026-09-26 18:37:10,799 [INFO] community_leiden: Detecting communities using Leiden algorithm...
2026-09-26 18:37:10,806 [INFO] community_leiden: Detected 4 communities using Leiden
2026-09-26 18:37:10,938 [INFO] community_detection: Enhanced 1981 flows with community features
2026-09-26 18:37:11,785 [INFO] federated_learning: Generating embeddings for 116 nodes, 1981 edges
2026-09-26 18:37:11,891 [INFO] federated_learning: Generated 1643 flow embeddings
2026-09-26 18:37:11,891 [INFO] federated_learning:     -> [75.6%] Step 170/225 | Running Client 5/5 for temporal detector...
2026-09-26 18:37:11,897 [INFO] federated_learning: Loaded 1981 records for client 5
2026-09-26 18:37:11,914 [INFO] feature_engineering: Engineered 671 new features for temporal detection
2026-09-26 18:37:11,917 [INFO] feature_engineering: Calculating centrality features dynamically (Ignoring any dataset pre-computations)...
2026-09-26 18:37:11,921 [INFO] feature_engineering: Calculating Degree Centrality for 106 nodes...
2026-09-26 18:37:11,921 [INFO] feature_engineering: Calculating PageRank...
2026-09-26 18:37:11,926 [INFO] feature_engineering: Calculating K-Core...
2026-09-26 18:37:11,927 [INFO] feature_engineering: Calculating Eigenvector Centrality...
2026-09-26 18:37:11,934 [INFO] feature_engineering: Calculating Approximated Betweenness Centrality (k=50)...
2026-09-26 18:37:11,956 [INFO] feature_engineering: Dynamically calculated 10 centrality features for 1981 rows in 0.04 seconds.
2026-09-26 18:37:12,059 [INFO] community_leiden: Detecting communities using Leiden algorithm...
2026-09-26 18:37:12,065 [INFO] community_leiden: Detected 3 communities using Leiden
2026-09-26 18:37:12,176 [INFO] community_detection: Enhanced 1981 flows with community features
2026-09-26 18:37:13,005 [INFO] federated_learning: Generating embeddings for 106 nodes, 1981 edges
2026-09-26 18:37:13,106 [INFO] federated_learning: Generated 1635 flow embeddings
2026-09-26 18:37:37,724 [INFO] federated_learning:   -> Processing Content Detector...
2026-09-26 18:37:37,724 [INFO] federated_learning:     -> [76.0%] Step 171/225 | Running Client 1/5 for content detector...
2026-09-26 18:37:37,730 [INFO] federated_learning: Loaded 1982 records for client 1
2026-09-26 18:37:37,741 [INFO] feature_engineering: Engineered 504 new features for content detection
2026-09-26 18:37:37,742 [INFO] feature_engineering: Calculating centrality features dynamically (Ignoring any dataset pre-computations)...
2026-09-26 18:37:37,745 [INFO] feature_engineering: Calculating Degree Centrality for 115 nodes...
2026-09-26 18:37:37,746 [INFO] feature_engineering: Calculating PageRank...
2026-09-26 18:37:37,750 [INFO] feature_engineering: Calculating K-Core...
2026-09-26 18:37:37,751 [INFO] feature_engineering: Calculating Eigenvector Centrality...
2026-09-26 18:37:37,759 [INFO] feature_engineering: Calculating Approximated Betweenness Centrality (k=50)...
2026-09-26 18:37:37,780 [INFO] feature_engineering: Dynamically calculated 10 centrality features for 1982 rows in 0.04 seconds.
2026-09-26 18:37:37,879 [INFO] community_leiden: Detecting communities using Leiden algorithm...
2026-09-26 18:37:37,886 [INFO] community_leiden: Detected 5 communities using Leiden
2026-09-26 18:37:38,021 [INFO] community_detection: Enhanced 1982 flows with community features
2026-09-26 18:37:39,128 [INFO] federated_learning: Generating embeddings for 115 nodes, 1982 edges
2026-09-26 18:37:39,255 [INFO] federated_learning: Generated 1657 flow embeddings
2026-09-26 18:37:39,256 [INFO] federated_learning:     -> [76.4%] Step 172/225 | Running Client 2/5 for content detector...
2026-09-26 18:37:39,262 [INFO] federated_learning: Loaded 1982 records for client 2
2026-09-26 18:37:39,275 [INFO] feature_engineering: Engineered 513 new features for content detection
2026-09-26 18:37:39,276 [INFO] feature_engineering: Calculating centrality features dynamically (Ignoring any dataset pre-computations)...
2026-09-26 18:37:39,279 [INFO] feature_engineering: Calculating Degree Centrality for 106 nodes...
2026-09-26 18:37:39,280 [INFO] feature_engineering: Calculating PageRank...
2026-09-26 18:37:39,286 [INFO] feature_engineering: Calculating K-Core...
2026-09-26 18:37:39,286 [INFO] feature_engineering: Calculating Eigenvector Centrality...
2026-09-26 18:37:39,293 [INFO] feature_engineering: Calculating Approximated Betweenness Centrality (k=50)...
2026-09-26 18:37:39,313 [INFO] feature_engineering: Dynamically calculated 10 centrality features for 1982 rows in 0.04 seconds.
2026-09-26 18:37:39,414 [INFO] community_leiden: Detecting communities using Leiden algorithm...
2026-09-26 18:37:39,421 [INFO] community_leiden: Detected 3 communities using Leiden
2026-09-26 18:37:39,533 [INFO] community_detection: Enhanced 1982 flows with community features
2026-09-26 18:37:40,609 [INFO] federated_learning: Generating embeddings for 106 nodes, 1982 edges
2026-09-26 18:37:40,735 [INFO] federated_learning: Generated 1656 flow embeddings
2026-09-26 18:37:40,735 [INFO] federated_learning:     -> [76.9%] Step 173/225 | Running Client 3/5 for content detector...
2026-09-26 18:37:40,740 [INFO] federated_learning: Loaded 1982 records for client 3
2026-09-26 18:37:40,752 [INFO] feature_engineering: Engineered 522 new features for content detection
2026-09-26 18:37:40,753 [INFO] feature_engineering: Calculating centrality features dynamically (Ignoring any dataset pre-computations)...
2026-09-26 18:37:40,756 [INFO] feature_engineering: Calculating Degree Centrality for 94 nodes...
2026-09-26 18:37:40,756 [INFO] feature_engineering: Calculating PageRank...
2026-09-26 18:37:40,761 [INFO] feature_engineering: Calculating K-Core...
2026-09-26 18:37:40,761 [INFO] feature_engineering: Calculating Eigenvector Centrality...
2026-09-26 18:37:40,766 [INFO] feature_engineering: Calculating Approximated Betweenness Centrality (k=50)...
2026-09-26 18:37:40,785 [INFO] feature_engineering: Dynamically calculated 10 centrality features for 1982 rows in 0.03 seconds.
2026-09-26 18:37:40,886 [INFO] community_leiden: Detecting communities using Leiden algorithm...
2026-09-26 18:37:40,892 [INFO] community_leiden: Detected 5 communities using Leiden
2026-09-26 18:37:40,983 [INFO] community_detection: Enhanced 1982 flows with community features
2026-09-26 18:37:42,033 [INFO] federated_learning: Generating embeddings for 94 nodes, 1982 edges
2026-09-26 18:37:42,160 [INFO] federated_learning: Generated 1662 flow embeddings
2026-09-26 18:37:42,161 [INFO] federated_learning:     -> [77.3%] Step 174/225 | Running Client 4/5 for content detector...
2026-09-26 18:37:42,167 [INFO] federated_learning: Loaded 1981 records for client 4
2026-09-26 18:37:42,178 [INFO] feature_engineering: Engineered 531 new features for content detection
2026-09-26 18:37:42,179 [INFO] feature_engineering: Calculating centrality features dynamically (Ignoring any dataset pre-computations)...
2026-09-26 18:37:42,184 [INFO] feature_engineering: Calculating Degree Centrality for 116 nodes...
2026-09-26 18:37:42,184 [INFO] feature_engineering: Calculating PageRank...
2026-09-26 18:37:42,190 [INFO] feature_engineering: Calculating K-Core...
2026-09-26 18:37:42,190 [INFO] feature_engineering: Calculating Eigenvector Centrality...
2026-09-26 18:37:42,197 [INFO] feature_engineering: Calculating Approximated Betweenness Centrality (k=50)...
2026-09-26 18:37:42,219 [INFO] feature_engineering: Dynamically calculated 10 centrality features for 1981 rows in 0.04 seconds.
2026-09-26 18:37:42,320 [INFO] community_leiden: Detecting communities using Leiden algorithm...
2026-09-26 18:37:42,327 [INFO] community_leiden: Detected 4 communities using Leiden
2026-09-26 18:37:42,456 [INFO] community_detection: Enhanced 1981 flows with community features
2026-09-26 18:37:43,542 [INFO] federated_learning: Generating embeddings for 116 nodes, 1981 edges
2026-09-26 18:37:43,676 [INFO] federated_learning: Generated 1643 flow embeddings
2026-09-26 18:37:43,676 [INFO] federated_learning:     -> [77.8%] Step 175/225 | Running Client 5/5 for content detector...
2026-09-26 18:37:43,682 [INFO] federated_learning: Loaded 1981 records for client 5
2026-09-26 18:37:43,696 [INFO] feature_engineering: Engineered 540 new features for content detection
2026-09-26 18:37:43,696 [INFO] feature_engineering: Calculating centrality features dynamically (Ignoring any dataset pre-computations)...
2026-09-26 18:37:43,699 [INFO] feature_engineering: Calculating Degree Centrality for 106 nodes...
2026-09-26 18:37:43,700 [INFO] feature_engineering: Calculating PageRank...
2026-09-26 18:37:43,704 [INFO] feature_engineering: Calculating K-Core...
2026-09-26 18:37:43,705 [INFO] feature_engineering: Calculating Eigenvector Centrality...
2026-09-26 18:37:43,711 [INFO] feature_engineering: Calculating Approximated Betweenness Centrality (k=50)...
2026-09-26 18:37:43,731 [INFO] feature_engineering: Dynamically calculated 10 centrality features for 1981 rows in 0.03 seconds.
2026-09-26 18:37:43,836 [INFO] community_leiden: Detecting communities using Leiden algorithm...
2026-09-26 18:37:43,842 [INFO] community_leiden: Detected 3 communities using Leiden
2026-09-26 18:37:43,960 [INFO] community_detection: Enhanced 1981 flows with community features
2026-09-26 18:37:45,066 [INFO] federated_learning: Generating embeddings for 106 nodes, 1981 edges
2026-09-26 18:37:45,198 [INFO] federated_learning: Generated 1635 flow embeddings
2026-09-26 18:38:09,941 [INFO] federated_learning:   -> Processing Behavioral Detector...
2026-09-26 18:38:09,942 [INFO] federated_learning:     -> [78.2%] Step 176/225 | Running Client 1/5 for behavioral detector...
2026-09-26 18:38:09,947 [INFO] federated_learning: Loaded 1982 records for client 1
2026-09-26 18:38:09,979 [INFO] feature_engineering: Engineered 560 new features for behavioral detection
2026-09-26 18:38:09,979 [INFO] feature_engineering: Calculating centrality features dynamically (Ignoring any dataset pre-computations)...
2026-09-26 18:38:09,982 [INFO] feature_engineering: Calculating Degree Centrality for 115 nodes...
2026-09-26 18:38:09,983 [INFO] feature_engineering: Calculating PageRank...
2026-09-26 18:38:09,988 [INFO] feature_engineering: Calculating K-Core...
2026-09-26 18:38:09,988 [INFO] feature_engineering: Calculating Eigenvector Centrality...
2026-09-26 18:38:09,996 [INFO] feature_engineering: Calculating Approximated Betweenness Centrality (k=50)...
2026-09-26 18:38:10,019 [INFO] feature_engineering: Dynamically calculated 10 centrality features for 1982 rows in 0.04 seconds.
2026-09-26 18:38:10,119 [INFO] community_leiden: Detecting communities using Leiden algorithm...
2026-09-26 18:38:10,126 [INFO] community_leiden: Detected 5 communities using Leiden
2026-09-26 18:38:10,259 [INFO] community_detection: Enhanced 1982 flows with community features
2026-09-26 18:38:11,125 [INFO] federated_learning: Generating embeddings for 115 nodes, 1982 edges
2026-09-26 18:38:11,230 [INFO] federated_learning: Generated 1657 flow embeddings
2026-09-26 18:38:11,230 [INFO] federated_learning:     -> [78.7%] Step 177/225 | Running Client 2/5 for behavioral detector...
2026-09-26 18:38:11,236 [INFO] federated_learning: Loaded 1982 records for client 2
2026-09-26 18:38:11,276 [INFO] feature_engineering: Engineered 570 new features for behavioral detection
2026-09-26 18:38:11,276 [INFO] feature_engineering: Calculating centrality features dynamically (Ignoring any dataset pre-computations)...
2026-09-26 18:38:11,279 [INFO] feature_engineering: Calculating Degree Centrality for 106 nodes...
2026-09-26 18:38:11,280 [INFO] feature_engineering: Calculating PageRank...
2026-09-26 18:38:11,285 [INFO] feature_engineering: Calculating K-Core...
2026-09-26 18:38:11,285 [INFO] feature_engineering: Calculating Eigenvector Centrality...
2026-09-26 18:38:11,291 [INFO] feature_engineering: Calculating Approximated Betweenness Centrality (k=50)...
2026-09-26 18:38:11,315 [INFO] feature_engineering: Dynamically calculated 10 centrality features for 1982 rows in 0.04 seconds.
2026-09-26 18:38:11,418 [INFO] community_leiden: Detecting communities using Leiden algorithm...
2026-09-26 18:38:11,425 [INFO] community_leiden: Detected 3 communities using Leiden
2026-09-26 18:38:11,538 [INFO] community_detection: Enhanced 1982 flows with community features
2026-09-26 18:38:12,371 [INFO] federated_learning: Generating embeddings for 106 nodes, 1982 edges
2026-09-26 18:38:12,474 [INFO] federated_learning: Generated 1656 flow embeddings
2026-09-26 18:38:12,475 [INFO] federated_learning:     -> [79.1%] Step 178/225 | Running Client 3/5 for behavioral detector...
2026-09-26 18:38:12,481 [INFO] federated_learning: Loaded 1982 records for client 3
2026-09-26 18:38:12,516 [INFO] feature_engineering: Engineered 580 new features for behavioral detection
2026-09-26 18:38:12,516 [INFO] feature_engineering: Calculating centrality features dynamically (Ignoring any dataset pre-computations)...
2026-09-26 18:38:12,520 [INFO] feature_engineering: Calculating Degree Centrality for 94 nodes...
2026-09-26 18:38:12,520 [INFO] feature_engineering: Calculating PageRank...
2026-09-26 18:38:12,524 [INFO] feature_engineering: Calculating K-Core...
2026-09-26 18:38:12,525 [INFO] feature_engineering: Calculating Eigenvector Centrality...
2026-09-26 18:38:12,529 [INFO] feature_engineering: Calculating Approximated Betweenness Centrality (k=50)...
2026-09-26 18:38:12,548 [INFO] feature_engineering: Dynamically calculated 10 centrality features for 1982 rows in 0.03 seconds.
2026-09-26 18:38:12,647 [INFO] community_leiden: Detecting communities using Leiden algorithm...
2026-09-26 18:38:12,653 [INFO] community_leiden: Detected 5 communities using Leiden
2026-09-26 18:38:12,742 [INFO] community_detection: Enhanced 1982 flows with community features
2026-09-26 18:38:13,547 [INFO] federated_learning: Generating embeddings for 94 nodes, 1982 edges
2026-09-26 18:38:13,650 [INFO] federated_learning: Generated 1662 flow embeddings
2026-09-26 18:38:13,651 [INFO] federated_learning:     -> [79.6%] Step 179/225 | Running Client 4/5 for behavioral detector...
2026-09-26 18:38:13,657 [INFO] federated_learning: Loaded 1981 records for client 4
2026-09-26 18:38:13,696 [INFO] feature_engineering: Engineered 590 new features for behavioral detection
2026-09-26 18:38:13,697 [INFO] feature_engineering: Calculating centrality features dynamically (Ignoring any dataset pre-computations)...
2026-09-26 18:38:13,700 [INFO] feature_engineering: Calculating Degree Centrality for 116 nodes...
2026-09-26 18:38:13,700 [INFO] feature_engineering: Calculating PageRank...
2026-09-26 18:38:13,705 [INFO] feature_engineering: Calculating K-Core...
2026-09-26 18:38:13,706 [INFO] feature_engineering: Calculating Eigenvector Centrality...
2026-09-26 18:38:13,712 [INFO] feature_engineering: Calculating Approximated Betweenness Centrality (k=50)...
2026-09-26 18:38:13,736 [INFO] feature_engineering: Dynamically calculated 10 centrality features for 1981 rows in 0.04 seconds.
2026-09-26 18:38:13,840 [INFO] community_leiden: Detecting communities using Leiden algorithm...
2026-09-26 18:38:13,847 [INFO] community_leiden: Detected 4 communities using Leiden
2026-09-26 18:38:13,976 [INFO] community_detection: Enhanced 1981 flows with community features
2026-09-26 18:38:14,837 [INFO] federated_learning: Generating embeddings for 116 nodes, 1981 edges
2026-09-26 18:38:14,962 [INFO] federated_learning: Generated 1643 flow embeddings
2026-09-26 18:38:14,963 [INFO] federated_learning:     -> [80.0%] Step 180/225 | Running Client 5/5 for behavioral detector...
2026-09-26 18:38:14,969 [INFO] federated_learning: Loaded 1981 records for client 5
2026-09-26 18:38:15,009 [INFO] feature_engineering: Engineered 600 new features for behavioral detection
2026-09-26 18:38:15,009 [INFO] feature_engineering: Calculating centrality features dynamically (Ignoring any dataset pre-computations)...
2026-09-26 18:38:15,012 [INFO] feature_engineering: Calculating Degree Centrality for 106 nodes...
2026-09-26 18:38:15,013 [INFO] feature_engineering: Calculating PageRank...
2026-09-26 18:38:15,017 [INFO] feature_engineering: Calculating K-Core...
2026-09-26 18:38:15,018 [INFO] feature_engineering: Calculating Eigenvector Centrality...
2026-09-26 18:38:15,024 [INFO] feature_engineering: Calculating Approximated Betweenness Centrality (k=50)...
2026-09-26 18:38:15,045 [INFO] feature_engineering: Dynamically calculated 10 centrality features for 1981 rows in 0.04 seconds.
2026-09-26 18:38:15,145 [INFO] community_leiden: Detecting communities using Leiden algorithm...
2026-09-26 18:38:15,152 [INFO] community_leiden: Detected 3 communities using Leiden
2026-09-26 18:38:15,266 [INFO] community_detection: Enhanced 1981 flows with community features
2026-09-26 18:38:16,111 [INFO] federated_learning: Generating embeddings for 106 nodes, 1981 edges
2026-09-26 18:38:16,215 [INFO] federated_learning: Generated 1635 flow embeddings
2026-09-26 18:38:40,859 [INFO] utils: Round 12 metrics logged
2026-09-26 18:38:40,860 [INFO] federated_learning: Round 12 completed in 93.88s, loss: 0.1572
2026-09-26 18:38:40,860 [INFO] federated_learning: Starting round 13/15 (Total System Steps: 225)
2026-09-26 18:38:40,860 [INFO] federated_learning:   -> Processing Temporal Detector...
2026-09-26 18:38:40,861 [INFO] federated_learning:     -> [80.4%] Step 181/225 | Running Client 1/5 for temporal detector...
2026-09-26 18:38:40,866 [INFO] federated_learning: Loaded 1982 records for client 1
2026-09-26 18:38:40,879 [INFO] feature_engineering: Engineered 682 new features for temporal detection
2026-09-26 18:38:40,880 [INFO] feature_engineering: Calculating centrality features dynamically (Ignoring any dataset pre-computations)...
2026-09-26 18:38:40,883 [INFO] feature_engineering: Calculating Degree Centrality for 115 nodes...
2026-09-26 18:38:40,884 [INFO] feature_engineering: Calculating PageRank...
2026-09-26 18:38:40,889 [INFO] feature_engineering: Calculating K-Core...
2026-09-26 18:38:40,890 [INFO] feature_engineering: Calculating Eigenvector Centrality...
2026-09-26 18:38:40,898 [INFO] feature_engineering: Calculating Approximated Betweenness Centrality (k=50)...
2026-09-26 18:38:40,918 [INFO] feature_engineering: Dynamically calculated 10 centrality features for 1982 rows in 0.04 seconds.
2026-09-26 18:38:41,017 [INFO] community_leiden: Detecting communities using Leiden algorithm...
2026-09-26 18:38:41,024 [INFO] community_leiden: Detected 5 communities using Leiden
2026-09-26 18:38:41,162 [INFO] community_detection: Enhanced 1982 flows with community features
2026-09-26 18:38:42,044 [INFO] federated_learning: Generating embeddings for 115 nodes, 1982 edges
2026-09-26 18:38:42,146 [INFO] federated_learning: Generated 1657 flow embeddings
2026-09-26 18:38:42,147 [INFO] federated_learning:     -> [80.9%] Step 182/225 | Running Client 2/5 for temporal detector...
2026-09-26 18:38:42,153 [INFO] federated_learning: Loaded 1982 records for client 2
2026-09-26 18:38:42,173 [INFO] feature_engineering: Engineered 693 new features for temporal detection
2026-09-26 18:38:42,173 [INFO] feature_engineering: Calculating centrality features dynamically (Ignoring any dataset pre-computations)...
2026-09-26 18:38:42,176 [INFO] feature_engineering: Calculating Degree Centrality for 106 nodes...
2026-09-26 18:38:42,177 [INFO] feature_engineering: Calculating PageRank...
2026-09-26 18:38:42,182 [INFO] feature_engineering: Calculating K-Core...
2026-09-26 18:38:42,182 [INFO] feature_engineering: Calculating Eigenvector Centrality...
2026-09-26 18:38:42,188 [INFO] feature_engineering: Calculating Approximated Betweenness Centrality (k=50)...
2026-09-26 18:38:42,212 [INFO] feature_engineering: Dynamically calculated 10 centrality features for 1982 rows in 0.04 seconds.
2026-09-26 18:38:42,316 [INFO] community_leiden: Detecting communities using Leiden algorithm...
2026-09-26 18:38:42,323 [INFO] community_leiden: Detected 3 communities using Leiden
2026-09-26 18:38:42,434 [INFO] community_detection: Enhanced 1982 flows with community features
2026-09-26 18:38:43,248 [INFO] federated_learning: Generating embeddings for 106 nodes, 1982 edges
2026-09-26 18:38:43,354 [INFO] federated_learning: Generated 1656 flow embeddings
2026-09-26 18:38:43,354 [INFO] federated_learning:     -> [81.3%] Step 183/225 | Running Client 3/5 for temporal detector...
2026-09-26 18:38:43,360 [INFO] federated_learning: Loaded 1982 records for client 3
2026-09-26 18:38:43,375 [INFO] feature_engineering: Engineered 704 new features for temporal detection
2026-09-26 18:38:43,375 [INFO] feature_engineering: Calculating centrality features dynamically (Ignoring any dataset pre-computations)...
2026-09-26 18:38:43,382 [INFO] feature_engineering: Calculating Degree Centrality for 94 nodes...
2026-09-26 18:38:43,382 [INFO] feature_engineering: Calculating PageRank...
2026-09-26 18:38:43,388 [INFO] feature_engineering: Calculating K-Core...
2026-09-26 18:38:43,389 [INFO] feature_engineering: Calculating Eigenvector Centrality...
2026-09-26 18:38:43,393 [INFO] feature_engineering: Calculating Approximated Betweenness Centrality (k=50)...
2026-09-26 18:38:43,413 [INFO] feature_engineering: Dynamically calculated 10 centrality features for 1982 rows in 0.04 seconds.
2026-09-26 18:38:43,512 [INFO] community_leiden: Detecting communities using Leiden algorithm...
2026-09-26 18:38:43,519 [INFO] community_leiden: Detected 5 communities using Leiden
2026-09-26 18:38:43,609 [INFO] community_detection: Enhanced 1982 flows with community features
2026-09-26 18:38:44,398 [INFO] federated_learning: Generating embeddings for 94 nodes, 1982 edges
2026-09-26 18:38:44,504 [INFO] federated_learning: Generated 1662 flow embeddings
2026-09-26 18:38:44,504 [INFO] federated_learning:     -> [81.8%] Step 184/225 | Running Client 4/5 for temporal detector...
2026-09-26 18:38:44,510 [INFO] federated_learning: Loaded 1981 records for client 4
2026-09-26 18:38:44,530 [INFO] feature_engineering: Engineered 715 new features for temporal detection
2026-09-26 18:38:44,530 [INFO] feature_engineering: Calculating centrality features dynamically (Ignoring any dataset pre-computations)...
2026-09-26 18:38:44,533 [INFO] feature_engineering: Calculating Degree Centrality for 116 nodes...
2026-09-26 18:38:44,534 [INFO] feature_engineering: Calculating PageRank...
2026-09-26 18:38:44,538 [INFO] feature_engineering: Calculating K-Core...
2026-09-26 18:38:44,539 [INFO] feature_engineering: Calculating Eigenvector Centrality...
2026-09-26 18:38:44,546 [INFO] feature_engineering: Calculating Approximated Betweenness Centrality (k=50)...
2026-09-26 18:38:44,569 [INFO] feature_engineering: Dynamically calculated 10 centrality features for 1981 rows in 0.04 seconds.
2026-09-26 18:38:44,674 [INFO] community_leiden: Detecting communities using Leiden algorithm...
2026-09-26 18:38:44,682 [INFO] community_leiden: Detected 4 communities using Leiden
2026-09-26 18:38:44,813 [INFO] community_detection: Enhanced 1981 flows with community features
2026-09-26 18:38:45,679 [INFO] federated_learning: Generating embeddings for 116 nodes, 1981 edges
2026-09-26 18:38:45,789 [INFO] federated_learning: Generated 1643 flow embeddings
2026-09-26 18:38:45,790 [INFO] federated_learning:     -> [82.2%] Step 185/225 | Running Client 5/5 for temporal detector...
2026-09-26 18:38:45,795 [INFO] federated_learning: Loaded 1981 records for client 5
2026-09-26 18:38:45,815 [INFO] feature_engineering: Engineered 726 new features for temporal detection
2026-09-26 18:38:45,815 [INFO] feature_engineering: Calculating centrality features dynamically (Ignoring any dataset pre-computations)...
2026-09-26 18:38:45,818 [INFO] feature_engineering: Calculating Degree Centrality for 106 nodes...
2026-09-26 18:38:45,819 [INFO] feature_engineering: Calculating PageRank...
2026-09-26 18:38:45,823 [INFO] feature_engineering: Calculating K-Core...
2026-09-26 18:38:45,824 [INFO] feature_engineering: Calculating Eigenvector Centrality...
2026-09-26 18:38:45,830 [INFO] feature_engineering: Calculating Approximated Betweenness Centrality (k=50)...
2026-09-26 18:38:45,849 [INFO] feature_engineering: Dynamically calculated 10 centrality features for 1981 rows in 0.03 seconds.
2026-09-26 18:38:45,949 [INFO] community_leiden: Detecting communities using Leiden algorithm...
2026-09-26 18:38:45,956 [INFO] community_leiden: Detected 3 communities using Leiden
2026-09-26 18:38:46,068 [INFO] community_detection: Enhanced 1981 flows with community features
2026-09-26 18:38:46,866 [INFO] federated_learning: Generating embeddings for 106 nodes, 1981 edges
2026-09-26 18:38:46,967 [INFO] federated_learning: Generated 1635 flow embeddings
2026-09-26 18:39:11,440 [INFO] federated_learning:   -> Processing Content Detector...
2026-09-26 18:39:11,440 [INFO] federated_learning:     -> [82.7%] Step 186/225 | Running Client 1/5 for content detector...
2026-09-26 18:39:11,448 [INFO] federated_learning: Loaded 1982 records for client 1
2026-09-26 18:39:11,461 [INFO] feature_engineering: Engineered 549 new features for content detection
2026-09-26 18:39:11,461 [INFO] feature_engineering: Calculating centrality features dynamically (Ignoring any dataset pre-computations)...
2026-09-26 18:39:11,465 [INFO] feature_engineering: Calculating Degree Centrality for 115 nodes...
2026-09-26 18:39:11,465 [INFO] feature_engineering: Calculating PageRank...
2026-09-26 18:39:11,470 [INFO] feature_engineering: Calculating K-Core...
2026-09-26 18:39:11,471 [INFO] feature_engineering: Calculating Eigenvector Centrality...
2026-09-26 18:39:11,480 [INFO] feature_engineering: Calculating Approximated Betweenness Centrality (k=50)...
2026-09-26 18:39:11,502 [INFO] feature_engineering: Dynamically calculated 10 centrality features for 1982 rows in 0.04 seconds.
2026-09-26 18:39:11,602 [INFO] community_leiden: Detecting communities using Leiden algorithm...
2026-09-26 18:39:11,609 [INFO] community_leiden: Detected 5 communities using Leiden
2026-09-26 18:39:11,742 [INFO] community_detection: Enhanced 1982 flows with community features
2026-09-26 18:39:12,841 [INFO] federated_learning: Generating embeddings for 115 nodes, 1982 edges
2026-09-26 18:39:12,970 [INFO] federated_learning: Generated 1657 flow embeddings
2026-09-26 18:39:12,971 [INFO] federated_learning:     -> [83.1%] Step 187/225 | Running Client 2/5 for content detector...
2026-09-26 18:39:12,976 [INFO] federated_learning: Loaded 1982 records for client 2
2026-09-26 18:39:12,990 [INFO] feature_engineering: Engineered 558 new features for content detection
2026-09-26 18:39:12,991 [INFO] feature_engineering: Calculating centrality features dynamically (Ignoring any dataset pre-computations)...
2026-09-26 18:39:12,994 [INFO] feature_engineering: Calculating Degree Centrality for 106 nodes...
2026-09-26 18:39:12,994 [INFO] feature_engineering: Calculating PageRank...
2026-09-26 18:39:13,000 [INFO] feature_engineering: Calculating K-Core...
2026-09-26 18:39:13,001 [INFO] feature_engineering: Calculating Eigenvector Centrality...
2026-09-26 18:39:13,008 [INFO] feature_engineering: Calculating Approximated Betweenness Centrality (k=50)...
2026-09-26 18:39:13,029 [INFO] feature_engineering: Dynamically calculated 10 centrality features for 1982 rows in 0.04 seconds.
2026-09-26 18:39:13,129 [INFO] community_leiden: Detecting communities using Leiden algorithm...
2026-09-26 18:39:13,135 [INFO] community_leiden: Detected 3 communities using Leiden
2026-09-26 18:39:13,249 [INFO] community_detection: Enhanced 1982 flows with community features
2026-09-26 18:39:14,307 [INFO] federated_learning: Generating embeddings for 106 nodes, 1982 edges
2026-09-26 18:39:14,437 [INFO] federated_learning: Generated 1656 flow embeddings
2026-09-26 18:39:14,438 [INFO] federated_learning:     -> [83.6%] Step 188/225 | Running Client 3/5 for content detector...
2026-09-26 18:39:14,443 [INFO] federated_learning: Loaded 1982 records for client 3
2026-09-26 18:39:14,455 [INFO] feature_engineering: Engineered 567 new features for content detection
2026-09-26 18:39:14,456 [INFO] feature_engineering: Calculating centrality features dynamically (Ignoring any dataset pre-computations)...
2026-09-26 18:39:14,459 [INFO] feature_engineering: Calculating Degree Centrality for 94 nodes...
2026-09-26 18:39:14,459 [INFO] feature_engineering: Calculating PageRank...
2026-09-26 18:39:14,464 [INFO] feature_engineering: Calculating K-Core...
2026-09-26 18:39:14,464 [INFO] feature_engineering: Calculating Eigenvector Centrality...
2026-09-26 18:39:14,469 [INFO] feature_engineering: Calculating Approximated Betweenness Centrality (k=50)...
2026-09-26 18:39:14,488 [INFO] feature_engineering: Dynamically calculated 10 centrality features for 1982 rows in 0.03 seconds.
2026-09-26 18:39:14,588 [INFO] community_leiden: Detecting communities using Leiden algorithm...
2026-09-26 18:39:14,595 [INFO] community_leiden: Detected 5 communities using Leiden
2026-09-26 18:39:14,692 [INFO] community_detection: Enhanced 1982 flows with community features
2026-09-26 18:39:15,751 [INFO] federated_learning: Generating embeddings for 94 nodes, 1982 edges
2026-09-26 18:39:15,879 [INFO] federated_learning: Generated 1662 flow embeddings
2026-09-26 18:39:15,879 [INFO] federated_learning:     -> [84.0%] Step 189/225 | Running Client 4/5 for content detector...
2026-09-26 18:39:15,886 [INFO] federated_learning: Loaded 1981 records for client 4
2026-09-26 18:39:15,900 [INFO] feature_engineering: Engineered 576 new features for content detection
2026-09-26 18:39:15,901 [INFO] feature_engineering: Calculating centrality features dynamically (Ignoring any dataset pre-computations)...
2026-09-26 18:39:15,905 [INFO] feature_engineering: Calculating Degree Centrality for 116 nodes...
2026-09-26 18:39:15,905 [INFO] feature_engineering: Calculating PageRank...
2026-09-26 18:39:15,910 [INFO] feature_engineering: Calculating K-Core...
2026-09-26 18:39:15,911 [INFO] feature_engineering: Calculating Eigenvector Centrality...
2026-09-26 18:39:15,917 [INFO] feature_engineering: Calculating Approximated Betweenness Centrality (k=50)...
2026-09-26 18:39:15,938 [INFO] feature_engineering: Dynamically calculated 10 centrality features for 1981 rows in 0.04 seconds.
2026-09-26 18:39:16,037 [INFO] community_leiden: Detecting communities using Leiden algorithm...
2026-09-26 18:39:16,044 [INFO] community_leiden: Detected 4 communities using Leiden
2026-09-26 18:39:16,173 [INFO] community_detection: Enhanced 1981 flows with community features
2026-09-26 18:39:17,246 [INFO] federated_learning: Generating embeddings for 116 nodes, 1981 edges
2026-09-26 18:39:17,373 [INFO] federated_learning: Generated 1643 flow embeddings
2026-09-26 18:39:17,375 [INFO] federated_learning:     -> [84.4%] Step 190/225 | Running Client 5/5 for content detector...
2026-09-26 18:39:17,381 [INFO] federated_learning: Loaded 1981 records for client 5
2026-09-26 18:39:17,395 [INFO] feature_engineering: Engineered 585 new features for content detection
2026-09-26 18:39:17,395 [INFO] feature_engineering: Calculating centrality features dynamically (Ignoring any dataset pre-computations)...
2026-09-26 18:39:17,398 [INFO] feature_engineering: Calculating Degree Centrality for 106 nodes...
2026-09-26 18:39:17,399 [INFO] feature_engineering: Calculating PageRank...
2026-09-26 18:39:17,403 [INFO] feature_engineering: Calculating K-Core...
2026-09-26 18:39:17,404 [INFO] feature_engineering: Calculating Eigenvector Centrality...
2026-09-26 18:39:17,410 [INFO] feature_engineering: Calculating Approximated Betweenness Centrality (k=50)...
2026-09-26 18:39:17,430 [INFO] feature_engineering: Dynamically calculated 10 centrality features for 1981 rows in 0.03 seconds.
2026-09-26 18:39:17,532 [INFO] community_leiden: Detecting communities using Leiden algorithm...
2026-09-26 18:39:17,538 [INFO] community_leiden: Detected 3 communities using Leiden
2026-09-26 18:39:17,649 [INFO] community_detection: Enhanced 1981 flows with community features
2026-09-26 18:39:18,710 [INFO] federated_learning: Generating embeddings for 106 nodes, 1981 edges
2026-09-26 18:39:18,838 [INFO] federated_learning: Generated 1635 flow embeddings
2026-09-26 18:39:43,687 [INFO] federated_learning:   -> Processing Behavioral Detector...
2026-09-26 18:39:43,688 [INFO] federated_learning:     -> [84.9%] Step 191/225 | Running Client 1/5 for behavioral detector...
2026-09-26 18:39:43,699 [INFO] federated_learning: Loaded 1982 records for client 1
2026-09-26 18:39:43,730 [INFO] feature_engineering: Engineered 610 new features for behavioral detection
2026-09-26 18:39:43,731 [INFO] feature_engineering: Calculating centrality features dynamically (Ignoring any dataset pre-computations)...
2026-09-26 18:39:43,734 [INFO] feature_engineering: Calculating Degree Centrality for 115 nodes...
2026-09-26 18:39:43,735 [INFO] feature_engineering: Calculating PageRank...
2026-09-26 18:39:43,739 [INFO] feature_engineering: Calculating K-Core...
2026-09-26 18:39:43,740 [INFO] feature_engineering: Calculating Eigenvector Centrality...
2026-09-26 18:39:43,748 [INFO] feature_engineering: Calculating Approximated Betweenness Centrality (k=50)...
2026-09-26 18:39:43,769 [INFO] feature_engineering: Dynamically calculated 10 centrality features for 1982 rows in 0.04 seconds.
2026-09-26 18:39:43,868 [INFO] community_leiden: Detecting communities using Leiden algorithm...
2026-09-26 18:39:43,876 [INFO] community_leiden: Detected 5 communities using Leiden
2026-09-26 18:39:44,008 [INFO] community_detection: Enhanced 1982 flows with community features
2026-09-26 18:39:44,883 [INFO] federated_learning: Generating embeddings for 115 nodes, 1982 edges
2026-09-26 18:39:45,026 [INFO] federated_learning: Generated 1657 flow embeddings
2026-09-26 18:39:45,027 [INFO] federated_learning:     -> [85.3%] Step 192/225 | Running Client 2/5 for behavioral detector...
2026-09-26 18:39:45,032 [INFO] federated_learning: Loaded 1982 records for client 2
2026-09-26 18:39:45,065 [INFO] feature_engineering: Engineered 620 new features for behavioral detection
2026-09-26 18:39:45,065 [INFO] feature_engineering: Calculating centrality features dynamically (Ignoring any dataset pre-computations)...
2026-09-26 18:39:45,068 [INFO] feature_engineering: Calculating Degree Centrality for 106 nodes...
2026-09-26 18:39:45,069 [INFO] feature_engineering: Calculating PageRank...
2026-09-26 18:39:45,074 [INFO] feature_engineering: Calculating K-Core...
2026-09-26 18:39:45,074 [INFO] feature_engineering: Calculating Eigenvector Centrality...
2026-09-26 18:39:45,080 [INFO] feature_engineering: Calculating Approximated Betweenness Centrality (k=50)...
2026-09-26 18:39:45,101 [INFO] feature_engineering: Dynamically calculated 10 centrality features for 1982 rows in 0.04 seconds.
2026-09-26 18:39:45,201 [INFO] community_leiden: Detecting communities using Leiden algorithm...
2026-09-26 18:39:45,207 [INFO] community_leiden: Detected 3 communities using Leiden
2026-09-26 18:39:45,324 [INFO] community_detection: Enhanced 1982 flows with community features
2026-09-26 18:39:46,162 [INFO] federated_learning: Generating embeddings for 106 nodes, 1982 edges
2026-09-26 18:39:46,268 [INFO] federated_learning: Generated 1656 flow embeddings
2026-09-26 18:39:46,268 [INFO] federated_learning:     -> [85.8%] Step 193/225 | Running Client 3/5 for behavioral detector...
2026-09-26 18:39:46,274 [INFO] federated_learning: Loaded 1982 records for client 3
2026-09-26 18:39:46,310 [INFO] feature_engineering: Engineered 630 new features for behavioral detection
2026-09-26 18:39:46,310 [INFO] feature_engineering: Calculating centrality features dynamically (Ignoring any dataset pre-computations)...
2026-09-26 18:39:46,313 [INFO] feature_engineering: Calculating Degree Centrality for 94 nodes...
2026-09-26 18:39:46,314 [INFO] feature_engineering: Calculating PageRank...
2026-09-26 18:39:46,318 [INFO] feature_engineering: Calculating K-Core...
2026-09-26 18:39:46,319 [INFO] feature_engineering: Calculating Eigenvector Centrality...
2026-09-26 18:39:46,323 [INFO] feature_engineering: Calculating Approximated Betweenness Centrality (k=50)...
2026-09-26 18:39:46,342 [INFO] feature_engineering: Dynamically calculated 10 centrality features for 1982 rows in 0.03 seconds.
2026-09-26 18:39:46,443 [INFO] community_leiden: Detecting communities using Leiden algorithm...
2026-09-26 18:39:46,451 [INFO] community_leiden: Detected 5 communities using Leiden
2026-09-26 18:39:46,543 [INFO] community_detection: Enhanced 1982 flows with community features
2026-09-26 18:39:47,348 [INFO] federated_learning: Generating embeddings for 94 nodes, 1982 edges
2026-09-26 18:39:47,454 [INFO] federated_learning: Generated 1662 flow embeddings
2026-09-26 18:39:47,454 [INFO] federated_learning:     -> [86.2%] Step 194/225 | Running Client 4/5 for behavioral detector...
2026-09-26 18:39:47,460 [INFO] federated_learning: Loaded 1981 records for client 4
2026-09-26 18:39:47,505 [INFO] feature_engineering: Engineered 640 new features for behavioral detection
2026-09-26 18:39:47,505 [INFO] feature_engineering: Calculating centrality features dynamically (Ignoring any dataset pre-computations)...
2026-09-26 18:39:47,508 [INFO] feature_engineering: Calculating Degree Centrality for 116 nodes...
2026-09-26 18:39:47,509 [INFO] feature_engineering: Calculating PageRank...
2026-09-26 18:39:47,513 [INFO] feature_engineering: Calculating K-Core...
2026-09-26 18:39:47,514 [INFO] feature_engineering: Calculating Eigenvector Centrality...
2026-09-26 18:39:47,520 [INFO] feature_engineering: Calculating Approximated Betweenness Centrality (k=50)...
2026-09-26 18:39:47,545 [INFO] feature_engineering: Dynamically calculated 10 centrality features for 1981 rows in 0.04 seconds.
2026-09-26 18:39:47,650 [INFO] community_leiden: Detecting communities using Leiden algorithm...
2026-09-26 18:39:47,657 [INFO] community_leiden: Detected 4 communities using Leiden
2026-09-26 18:39:47,787 [INFO] community_detection: Enhanced 1981 flows with community features
2026-09-26 18:39:48,640 [INFO] federated_learning: Generating embeddings for 116 nodes, 1981 edges
2026-09-26 18:39:48,741 [INFO] federated_learning: Generated 1643 flow embeddings
2026-09-26 18:39:48,742 [INFO] federated_learning:     -> [86.7%] Step 195/225 | Running Client 5/5 for behavioral detector...
2026-09-26 18:39:48,747 [INFO] federated_learning: Loaded 1981 records for client 5
2026-09-26 18:39:48,791 [INFO] feature_engineering: Engineered 650 new features for behavioral detection
2026-09-26 18:39:48,792 [INFO] feature_engineering: Calculating centrality features dynamically (Ignoring any dataset pre-computations)...
2026-09-26 18:39:48,795 [INFO] feature_engineering: Calculating Degree Centrality for 106 nodes...
2026-09-26 18:39:48,795 [INFO] feature_engineering: Calculating PageRank...
2026-09-26 18:39:48,800 [INFO] feature_engineering: Calculating K-Core...
2026-09-26 18:39:48,801 [INFO] feature_engineering: Calculating Eigenvector Centrality...
2026-09-26 18:39:48,806 [INFO] feature_engineering: Calculating Approximated Betweenness Centrality (k=50)...
2026-09-26 18:39:48,826 [INFO] feature_engineering: Dynamically calculated 10 centrality features for 1981 rows in 0.03 seconds.
2026-09-26 18:39:48,925 [INFO] community_leiden: Detecting communities using Leiden algorithm...
2026-09-26 18:39:48,932 [INFO] community_leiden: Detected 3 communities using Leiden
2026-09-26 18:39:49,041 [INFO] community_detection: Enhanced 1981 flows with community features
2026-09-26 18:39:49,872 [INFO] federated_learning: Generating embeddings for 106 nodes, 1981 edges
2026-09-26 18:39:49,974 [INFO] federated_learning: Generated 1635 flow embeddings
2026-09-26 18:40:14,821 [INFO] utils: Round 13 metrics logged
2026-09-26 18:40:14,822 [INFO] federated_learning: Round 13 completed in 93.96s, loss: 0.1357
2026-09-26 18:40:14,822 [INFO] federated_learning: Starting round 14/15 (Total System Steps: 225)
2026-09-26 18:40:14,823 [INFO] federated_learning:   -> Processing Temporal Detector...
2026-09-26 18:40:14,823 [INFO] federated_learning:     -> [87.1%] Step 196/225 | Running Client 1/5 for temporal detector...
2026-09-26 18:40:14,828 [INFO] federated_learning: Loaded 1982 records for client 1
2026-09-26 18:40:14,842 [INFO] feature_engineering: Engineered 737 new features for temporal detection
2026-09-26 18:40:14,843 [INFO] feature_engineering: Calculating centrality features dynamically (Ignoring any dataset pre-computations)...
2026-09-26 18:40:14,847 [INFO] feature_engineering: Calculating Degree Centrality for 115 nodes...
2026-09-26 18:40:14,847 [INFO] feature_engineering: Calculating PageRank...
2026-09-26 18:40:14,852 [INFO] feature_engineering: Calculating K-Core...
2026-09-26 18:40:14,853 [INFO] feature_engineering: Calculating Eigenvector Centrality...
2026-09-26 18:40:14,861 [INFO] feature_engineering: Calculating Approximated Betweenness Centrality (k=50)...
2026-09-26 18:40:14,883 [INFO] feature_engineering: Dynamically calculated 10 centrality features for 1982 rows in 0.04 seconds.
2026-09-26 18:40:15,006 [INFO] community_leiden: Detecting communities using Leiden algorithm...
2026-09-26 18:40:15,013 [INFO] community_leiden: Detected 5 communities using Leiden
2026-09-26 18:40:15,152 [INFO] community_detection: Enhanced 1982 flows with community features
2026-09-26 18:40:16,017 [INFO] federated_learning: Generating embeddings for 115 nodes, 1982 edges
2026-09-26 18:40:16,124 [INFO] federated_learning: Generated 1657 flow embeddings
2026-09-26 18:40:16,124 [INFO] federated_learning:     -> [87.6%] Step 197/225 | Running Client 2/5 for temporal detector...
2026-09-26 18:40:16,130 [INFO] federated_learning: Loaded 1982 records for client 2
2026-09-26 18:40:16,146 [INFO] feature_engineering: Engineered 748 new features for temporal detection
2026-09-26 18:40:16,147 [INFO] feature_engineering: Calculating centrality features dynamically (Ignoring any dataset pre-computations)...
2026-09-26 18:40:16,150 [INFO] feature_engineering: Calculating Degree Centrality for 106 nodes...
2026-09-26 18:40:16,150 [INFO] feature_engineering: Calculating PageRank...
2026-09-26 18:40:16,155 [INFO] feature_engineering: Calculating K-Core...
2026-09-26 18:40:16,155 [INFO] feature_engineering: Calculating Eigenvector Centrality...
2026-09-26 18:40:16,161 [INFO] feature_engineering: Calculating Approximated Betweenness Centrality (k=50)...
2026-09-26 18:40:16,181 [INFO] feature_engineering: Dynamically calculated 10 centrality features for 1982 rows in 0.03 seconds.
2026-09-26 18:40:16,281 [INFO] community_leiden: Detecting communities using Leiden algorithm...
2026-09-26 18:40:16,287 [INFO] community_leiden: Detected 3 communities using Leiden
2026-09-26 18:40:16,396 [INFO] community_detection: Enhanced 1982 flows with community features
2026-09-26 18:40:17,270 [INFO] federated_learning: Generating embeddings for 106 nodes, 1982 edges
2026-09-26 18:40:17,374 [INFO] federated_learning: Generated 1656 flow embeddings
2026-09-26 18:40:17,375 [INFO] federated_learning:     -> [88.0%] Step 198/225 | Running Client 3/5 for temporal detector...
2026-09-26 18:40:17,380 [INFO] federated_learning: Loaded 1982 records for client 3
2026-09-26 18:40:17,397 [INFO] feature_engineering: Engineered 759 new features for temporal detection
2026-09-26 18:40:17,398 [INFO] feature_engineering: Calculating centrality features dynamically (Ignoring any dataset pre-computations)...
2026-09-26 18:40:17,401 [INFO] feature_engineering: Calculating Degree Centrality for 94 nodes...
2026-09-26 18:40:17,402 [INFO] feature_engineering: Calculating PageRank...
2026-09-26 18:40:17,406 [INFO] feature_engineering: Calculating K-Core...
2026-09-26 18:40:17,407 [INFO] feature_engineering: Calculating Eigenvector Centrality...
2026-09-26 18:40:17,411 [INFO] feature_engineering: Calculating Approximated Betweenness Centrality (k=50)...
2026-09-26 18:40:17,430 [INFO] feature_engineering: Dynamically calculated 10 centrality features for 1982 rows in 0.03 seconds.
2026-09-26 18:40:17,532 [INFO] community_leiden: Detecting communities using Leiden algorithm...
2026-09-26 18:40:17,538 [INFO] community_leiden: Detected 5 communities using Leiden
2026-09-26 18:40:17,633 [INFO] community_detection: Enhanced 1982 flows with community features
2026-09-26 18:40:18,452 [INFO] federated_learning: Generating embeddings for 94 nodes, 1982 edges
2026-09-26 18:40:18,559 [INFO] federated_learning: Generated 1662 flow embeddings
2026-09-26 18:40:18,560 [INFO] federated_learning:     -> [88.4%] Step 199/225 | Running Client 4/5 for temporal detector...
2026-09-26 18:40:18,565 [INFO] federated_learning: Loaded 1981 records for client 4
2026-09-26 18:40:18,583 [INFO] feature_engineering: Engineered 770 new features for temporal detection
2026-09-26 18:40:18,583 [INFO] feature_engineering: Calculating centrality features dynamically (Ignoring any dataset pre-computations)...
2026-09-26 18:40:18,587 [INFO] feature_engineering: Calculating Degree Centrality for 116 nodes...
2026-09-26 18:40:18,587 [INFO] feature_engineering: Calculating PageRank...
2026-09-26 18:40:18,592 [INFO] feature_engineering: Calculating K-Core...
2026-09-26 18:40:18,593 [INFO] feature_engineering: Calculating Eigenvector Centrality...
2026-09-26 18:40:18,599 [INFO] feature_engineering: Calculating Approximated Betweenness Centrality (k=50)...
2026-09-26 18:40:18,620 [INFO] feature_engineering: Dynamically calculated 10 centrality features for 1981 rows in 0.04 seconds.
2026-09-26 18:40:18,720 [INFO] community_leiden: Detecting communities using Leiden algorithm...
2026-09-26 18:40:18,727 [INFO] community_leiden: Detected 4 communities using Leiden
2026-09-26 18:40:18,858 [INFO] community_detection: Enhanced 1981 flows with community features
2026-09-26 18:40:19,713 [INFO] federated_learning: Generating embeddings for 116 nodes, 1981 edges
2026-09-26 18:40:19,819 [INFO] federated_learning: Generated 1643 flow embeddings
2026-09-26 18:40:19,819 [INFO] federated_learning:     -> [88.9%] Step 200/225 | Running Client 5/5 for temporal detector...
2026-09-26 18:40:19,825 [INFO] federated_learning: Loaded 1981 records for client 5
2026-09-26 18:40:19,842 [INFO] feature_engineering: Engineered 781 new features for temporal detection
2026-09-26 18:40:19,844 [INFO] feature_engineering: Calculating centrality features dynamically (Ignoring any dataset pre-computations)...
2026-09-26 18:40:19,847 [INFO] feature_engineering: Calculating Degree Centrality for 106 nodes...
2026-09-26 18:40:19,848 [INFO] feature_engineering: Calculating PageRank...
2026-09-26 18:40:19,852 [INFO] feature_engineering: Calculating K-Core...
2026-09-26 18:40:19,853 [INFO] feature_engineering: Calculating Eigenvector Centrality...
2026-09-26 18:40:19,858 [INFO] feature_engineering: Calculating Approximated Betweenness Centrality (k=50)...
2026-09-26 18:40:19,879 [INFO] feature_engineering: Dynamically calculated 10 centrality features for 1981 rows in 0.03 seconds.
2026-09-26 18:40:19,978 [INFO] community_leiden: Detecting communities using Leiden algorithm...
2026-09-26 18:40:19,984 [INFO] community_leiden: Detected 3 communities using Leiden
2026-09-26 18:40:20,096 [INFO] community_detection: Enhanced 1981 flows with community features
2026-09-26 18:40:20,973 [INFO] federated_learning: Generating embeddings for 106 nodes, 1981 edges
2026-09-26 18:40:21,075 [INFO] federated_learning: Generated 1635 flow embeddings
2026-09-26 18:40:45,862 [INFO] federated_learning:   -> Processing Content Detector...
2026-09-26 18:40:45,862 [INFO] federated_learning:     -> [89.3%] Step 201/225 | Running Client 1/5 for content detector...
2026-09-26 18:40:45,868 [INFO] federated_learning: Loaded 1982 records for client 1
2026-09-26 18:40:45,880 [INFO] feature_engineering: Engineered 594 new features for content detection
2026-09-26 18:40:45,881 [INFO] feature_engineering: Calculating centrality features dynamically (Ignoring any dataset pre-computations)...
2026-09-26 18:40:45,884 [INFO] feature_engineering: Calculating Degree Centrality for 115 nodes...
2026-09-26 18:40:45,884 [INFO] feature_engineering: Calculating PageRank...
2026-09-26 18:40:45,889 [INFO] feature_engineering: Calculating K-Core...
2026-09-26 18:40:45,890 [INFO] feature_engineering: Calculating Eigenvector Centrality...
2026-09-26 18:40:45,898 [INFO] feature_engineering: Calculating Approximated Betweenness Centrality (k=50)...
2026-09-26 18:40:45,919 [INFO] feature_engineering: Dynamically calculated 10 centrality features for 1982 rows in 0.04 seconds.
2026-09-26 18:40:46,022 [INFO] community_leiden: Detecting communities using Leiden algorithm...
2026-09-26 18:40:46,030 [INFO] community_leiden: Detected 5 communities using Leiden
2026-09-26 18:40:46,161 [INFO] community_detection: Enhanced 1982 flows with community features
2026-09-26 18:40:47,259 [INFO] federated_learning: Generating embeddings for 115 nodes, 1982 edges
2026-09-26 18:40:47,388 [INFO] federated_learning: Generated 1657 flow embeddings
2026-09-26 18:40:47,389 [INFO] federated_learning:     -> [89.8%] Step 202/225 | Running Client 2/5 for content detector...
2026-09-26 18:40:47,394 [INFO] federated_learning: Loaded 1982 records for client 2
2026-09-26 18:40:47,409 [INFO] feature_engineering: Engineered 603 new features for content detection
2026-09-26 18:40:47,409 [INFO] feature_engineering: Calculating centrality features dynamically (Ignoring any dataset pre-computations)...
2026-09-26 18:40:47,412 [INFO] feature_engineering: Calculating Degree Centrality for 106 nodes...
2026-09-26 18:40:47,413 [INFO] feature_engineering: Calculating PageRank...
2026-09-26 18:40:47,418 [INFO] feature_engineering: Calculating K-Core...
2026-09-26 18:40:47,419 [INFO] feature_engineering: Calculating Eigenvector Centrality...
2026-09-26 18:40:47,425 [INFO] feature_engineering: Calculating Approximated Betweenness Centrality (k=50)...
2026-09-26 18:40:47,446 [INFO] feature_engineering: Dynamically calculated 10 centrality features for 1982 rows in 0.04 seconds.
2026-09-26 18:40:47,547 [INFO] community_leiden: Detecting communities using Leiden algorithm...
2026-09-26 18:40:47,554 [INFO] community_leiden: Detected 3 communities using Leiden
2026-09-26 18:40:47,666 [INFO] community_detection: Enhanced 1982 flows with community features
2026-09-26 18:40:48,730 [INFO] federated_learning: Generating embeddings for 106 nodes, 1982 edges
2026-09-26 18:40:48,854 [INFO] federated_learning: Generated 1656 flow embeddings
2026-09-26 18:40:48,855 [INFO] federated_learning:     -> [90.2%] Step 203/225 | Running Client 3/5 for content detector...
2026-09-26 18:40:48,860 [INFO] federated_learning: Loaded 1982 records for client 3
2026-09-26 18:40:48,872 [INFO] feature_engineering: Engineered 612 new features for content detection
2026-09-26 18:40:48,872 [INFO] feature_engineering: Calculating centrality features dynamically (Ignoring any dataset pre-computations)...
2026-09-26 18:40:48,876 [INFO] feature_engineering: Calculating Degree Centrality for 94 nodes...
2026-09-26 18:40:48,876 [INFO] feature_engineering: Calculating PageRank...
2026-09-26 18:40:48,880 [INFO] feature_engineering: Calculating K-Core...
2026-09-26 18:40:48,881 [INFO] feature_engineering: Calculating Eigenvector Centrality...
2026-09-26 18:40:48,886 [INFO] feature_engineering: Calculating Approximated Betweenness Centrality (k=50)...
2026-09-26 18:40:48,904 [INFO] feature_engineering: Dynamically calculated 10 centrality features for 1982 rows in 0.03 seconds.
2026-09-26 18:40:49,006 [INFO] community_leiden: Detecting communities using Leiden algorithm...
2026-09-26 18:40:49,013 [INFO] community_leiden: Detected 5 communities using Leiden
2026-09-26 18:40:49,103 [INFO] community_detection: Enhanced 1982 flows with community features
2026-09-26 18:40:50,139 [INFO] federated_learning: Generating embeddings for 94 nodes, 1982 edges
2026-09-26 18:40:50,262 [INFO] federated_learning: Generated 1662 flow embeddings
2026-09-26 18:40:50,263 [INFO] federated_learning:     -> [90.7%] Step 204/225 | Running Client 4/5 for content detector...
2026-09-26 18:40:50,271 [INFO] federated_learning: Loaded 1981 records for client 4
2026-09-26 18:40:50,282 [INFO] feature_engineering: Engineered 621 new features for content detection
2026-09-26 18:40:50,283 [INFO] feature_engineering: Calculating centrality features dynamically (Ignoring any dataset pre-computations)...
2026-09-26 18:40:50,286 [INFO] feature_engineering: Calculating Degree Centrality for 116 nodes...
2026-09-26 18:40:50,286 [INFO] feature_engineering: Calculating PageRank...
2026-09-26 18:40:50,292 [INFO] feature_engineering: Calculating K-Core...
2026-09-26 18:40:50,292 [INFO] feature_engineering: Calculating Eigenvector Centrality...
2026-09-26 18:40:50,299 [INFO] feature_engineering: Calculating Approximated Betweenness Centrality (k=50)...
2026-09-26 18:40:50,321 [INFO] feature_engineering: Dynamically calculated 10 centrality features for 1981 rows in 0.04 seconds.
2026-09-26 18:40:50,421 [INFO] community_leiden: Detecting communities using Leiden algorithm...
2026-09-26 18:40:50,429 [INFO] community_leiden: Detected 4 communities using Leiden
2026-09-26 18:40:50,559 [INFO] community_detection: Enhanced 1981 flows with community features
2026-09-26 18:40:51,636 [INFO] federated_learning: Generating embeddings for 116 nodes, 1981 edges
2026-09-26 18:40:51,762 [INFO] federated_learning: Generated 1643 flow embeddings
2026-09-26 18:40:51,762 [INFO] federated_learning:     -> [91.1%] Step 205/225 | Running Client 5/5 for content detector...
2026-09-26 18:40:51,768 [INFO] federated_learning: Loaded 1981 records for client 5
2026-09-26 18:40:51,779 [INFO] feature_engineering: Engineered 630 new features for content detection
2026-09-26 18:40:51,779 [INFO] feature_engineering: Calculating centrality features dynamically (Ignoring any dataset pre-computations)...
2026-09-26 18:40:51,783 [INFO] feature_engineering: Calculating Degree Centrality for 106 nodes...
2026-09-26 18:40:51,783 [INFO] feature_engineering: Calculating PageRank...
2026-09-26 18:40:51,788 [INFO] feature_engineering: Calculating K-Core...
2026-09-26 18:40:51,789 [INFO] feature_engineering: Calculating Eigenvector Centrality...
2026-09-26 18:40:51,795 [INFO] feature_engineering: Calculating Approximated Betweenness Centrality (k=50)...
2026-09-26 18:40:51,814 [INFO] feature_engineering: Dynamically calculated 10 centrality features for 1981 rows in 0.03 seconds.
2026-09-26 18:40:51,913 [INFO] community_leiden: Detecting communities using Leiden algorithm...
2026-09-26 18:40:51,920 [INFO] community_leiden: Detected 3 communities using Leiden
2026-09-26 18:40:52,029 [INFO] community_detection: Enhanced 1981 flows with community features
2026-09-26 18:40:53,085 [INFO] federated_learning: Generating embeddings for 106 nodes, 1981 edges
2026-09-26 18:40:53,210 [INFO] federated_learning: Generated 1635 flow embeddings
2026-09-26 18:41:18,053 [INFO] federated_learning:   -> Processing Behavioral Detector...
2026-09-26 18:41:18,053 [INFO] federated_learning:     -> [91.6%] Step 206/225 | Running Client 1/5 for behavioral detector...
2026-09-26 18:41:18,059 [INFO] federated_learning: Loaded 1982 records for client 1
2026-09-26 18:41:18,092 [INFO] feature_engineering: Engineered 660 new features for behavioral detection
2026-09-26 18:41:18,092 [INFO] feature_engineering: Calculating centrality features dynamically (Ignoring any dataset pre-computations)...
2026-09-26 18:41:18,095 [INFO] feature_engineering: Calculating Degree Centrality for 115 nodes...
2026-09-26 18:41:18,096 [INFO] feature_engineering: Calculating PageRank...
2026-09-26 18:41:18,101 [INFO] feature_engineering: Calculating K-Core...
2026-09-26 18:41:18,101 [INFO] feature_engineering: Calculating Eigenvector Centrality...
2026-09-26 18:41:18,110 [INFO] feature_engineering: Calculating Approximated Betweenness Centrality (k=50)...
2026-09-26 18:41:18,130 [INFO] feature_engineering: Dynamically calculated 10 centrality features for 1982 rows in 0.04 seconds.
2026-09-26 18:41:18,231 [INFO] community_leiden: Detecting communities using Leiden algorithm...
2026-09-26 18:41:18,238 [INFO] community_leiden: Detected 5 communities using Leiden
2026-09-26 18:41:18,370 [INFO] community_detection: Enhanced 1982 flows with community features
2026-09-26 18:41:19,251 [INFO] federated_learning: Generating embeddings for 115 nodes, 1982 edges
2026-09-26 18:41:19,354 [INFO] federated_learning: Generated 1657 flow embeddings
2026-09-26 18:41:19,355 [INFO] federated_learning:     -> [92.0%] Step 207/225 | Running Client 2/5 for behavioral detector...
2026-09-26 18:41:19,360 [INFO] federated_learning: Loaded 1982 records for client 2
2026-09-26 18:41:19,399 [INFO] feature_engineering: Engineered 670 new features for behavioral detection
2026-09-26 18:41:19,399 [INFO] feature_engineering: Calculating centrality features dynamically (Ignoring any dataset pre-computations)...
2026-09-26 18:41:19,404 [INFO] feature_engineering: Calculating Degree Centrality for 106 nodes...
2026-09-26 18:41:19,404 [INFO] feature_engineering: Calculating PageRank...
2026-09-26 18:41:19,410 [INFO] feature_engineering: Calculating K-Core...
2026-09-26 18:41:19,410 [INFO] feature_engineering: Calculating Eigenvector Centrality...
2026-09-26 18:41:19,417 [INFO] feature_engineering: Calculating Approximated Betweenness Centrality (k=50)...
2026-09-26 18:41:19,438 [INFO] feature_engineering: Dynamically calculated 10 centrality features for 1982 rows in 0.04 seconds.
2026-09-26 18:41:19,540 [INFO] community_leiden: Detecting communities using Leiden algorithm...
2026-09-26 18:41:19,547 [INFO] community_leiden: Detected 3 communities using Leiden
2026-09-26 18:41:19,659 [INFO] community_detection: Enhanced 1982 flows with community features
2026-09-26 18:41:20,505 [INFO] federated_learning: Generating embeddings for 106 nodes, 1982 edges
2026-09-26 18:41:20,609 [INFO] federated_learning: Generated 1656 flow embeddings
2026-09-26 18:41:20,610 [INFO] federated_learning:     -> [92.4%] Step 208/225 | Running Client 3/5 for behavioral detector...
2026-09-26 18:41:20,616 [INFO] federated_learning: Loaded 1982 records for client 3
2026-09-26 18:41:20,657 [INFO] feature_engineering: Engineered 680 new features for behavioral detection
2026-09-26 18:41:20,657 [INFO] feature_engineering: Calculating centrality features dynamically (Ignoring any dataset pre-computations)...
2026-09-26 18:41:20,660 [INFO] feature_engineering: Calculating Degree Centrality for 94 nodes...
2026-09-26 18:41:20,661 [INFO] feature_engineering: Calculating PageRank...
2026-09-26 18:41:20,665 [INFO] feature_engineering: Calculating K-Core...
2026-09-26 18:41:20,666 [INFO] feature_engineering: Calculating Eigenvector Centrality...
2026-09-26 18:41:20,670 [INFO] feature_engineering: Calculating Approximated Betweenness Centrality (k=50)...
2026-09-26 18:41:20,689 [INFO] feature_engineering: Dynamically calculated 10 centrality features for 1982 rows in 0.03 seconds.
2026-09-26 18:41:20,792 [INFO] community_leiden: Detecting communities using Leiden algorithm...
2026-09-26 18:41:20,798 [INFO] community_leiden: Detected 5 communities using Leiden
2026-09-26 18:41:20,889 [INFO] community_detection: Enhanced 1982 flows with community features
2026-09-26 18:41:21,698 [INFO] federated_learning: Generating embeddings for 94 nodes, 1982 edges
2026-09-26 18:41:21,806 [INFO] federated_learning: Generated 1662 flow embeddings
2026-09-26 18:41:21,806 [INFO] federated_learning:     -> [92.9%] Step 209/225 | Running Client 4/5 for behavioral detector...
2026-09-26 18:41:21,815 [INFO] federated_learning: Loaded 1981 records for client 4
2026-09-26 18:41:21,847 [INFO] feature_engineering: Engineered 690 new features for behavioral detection
2026-09-26 18:41:21,847 [INFO] feature_engineering: Calculating centrality features dynamically (Ignoring any dataset pre-computations)...
2026-09-26 18:41:21,851 [INFO] feature_engineering: Calculating Degree Centrality for 116 nodes...
2026-09-26 18:41:21,851 [INFO] feature_engineering: Calculating PageRank...
2026-09-26 18:41:21,856 [INFO] feature_engineering: Calculating K-Core...
2026-09-26 18:41:21,857 [INFO] feature_engineering: Calculating Eigenvector Centrality...
2026-09-26 18:41:21,863 [INFO] feature_engineering: Calculating Approximated Betweenness Centrality (k=50)...
2026-09-26 18:41:21,884 [INFO] feature_engineering: Dynamically calculated 10 centrality features for 1981 rows in 0.04 seconds.
2026-09-26 18:41:21,985 [INFO] community_leiden: Detecting communities using Leiden algorithm...
2026-09-26 18:41:21,992 [INFO] community_leiden: Detected 4 communities using Leiden
2026-09-26 18:41:22,121 [INFO] community_detection: Enhanced 1981 flows with community features
2026-09-26 18:41:22,984 [INFO] federated_learning: Generating embeddings for 116 nodes, 1981 edges
2026-09-26 18:41:23,085 [INFO] federated_learning: Generated 1643 flow embeddings
2026-09-26 18:41:23,085 [INFO] federated_learning:     -> [93.3%] Step 210/225 | Running Client 5/5 for behavioral detector...
2026-09-26 18:41:23,091 [INFO] federated_learning: Loaded 1981 records for client 5
2026-09-26 18:41:23,123 [INFO] feature_engineering: Engineered 700 new features for behavioral detection
2026-09-26 18:41:23,124 [INFO] feature_engineering: Calculating centrality features dynamically (Ignoring any dataset pre-computations)...
2026-09-26 18:41:23,127 [INFO] feature_engineering: Calculating Degree Centrality for 106 nodes...
2026-09-26 18:41:23,127 [INFO] feature_engineering: Calculating PageRank...
2026-09-26 18:41:23,132 [INFO] feature_engineering: Calculating K-Core...
2026-09-26 18:41:23,133 [INFO] feature_engineering: Calculating Eigenvector Centrality...
2026-09-26 18:41:23,139 [INFO] feature_engineering: Calculating Approximated Betweenness Centrality (k=50)...
2026-09-26 18:41:23,159 [INFO] feature_engineering: Dynamically calculated 10 centrality features for 1981 rows in 0.03 seconds.
2026-09-26 18:41:23,260 [INFO] community_leiden: Detecting communities using Leiden algorithm...
2026-09-26 18:41:23,267 [INFO] community_leiden: Detected 3 communities using Leiden
2026-09-26 18:41:23,383 [INFO] community_detection: Enhanced 1981 flows with community features
2026-09-26 18:41:24,225 [INFO] federated_learning: Generating embeddings for 106 nodes, 1981 edges
2026-09-26 18:41:24,330 [INFO] federated_learning: Generated 1635 flow embeddings
2026-09-26 18:41:49,132 [INFO] utils: Round 14 metrics logged
2026-09-26 18:41:49,133 [INFO] federated_learning: Round 14 completed in 94.31s, loss: 0.1724
2026-09-26 18:41:49,133 [INFO] federated_learning: Starting round 15/15 (Total System Steps: 225)
2026-09-26 18:41:49,133 [INFO] federated_learning:   -> Processing Temporal Detector...
2026-09-26 18:41:49,133 [INFO] federated_learning:     -> [93.8%] Step 211/225 | Running Client 1/5 for temporal detector...
2026-09-26 18:41:49,139 [INFO] federated_learning: Loaded 1982 records for client 1
2026-09-26 18:41:49,153 [INFO] feature_engineering: Engineered 792 new features for temporal detection
2026-09-26 18:41:49,153 [INFO] feature_engineering: Calculating centrality features dynamically (Ignoring any dataset pre-computations)...
2026-09-26 18:41:49,157 [INFO] feature_engineering: Calculating Degree Centrality for 115 nodes...
2026-09-26 18:41:49,157 [INFO] feature_engineering: Calculating PageRank...
2026-09-26 18:41:49,162 [INFO] feature_engineering: Calculating K-Core...
2026-09-26 18:41:49,163 [INFO] feature_engineering: Calculating Eigenvector Centrality...
2026-09-26 18:41:49,171 [INFO] feature_engineering: Calculating Approximated Betweenness Centrality (k=50)...
2026-09-26 18:41:49,192 [INFO] feature_engineering: Dynamically calculated 10 centrality features for 1982 rows in 0.04 seconds.
2026-09-26 18:41:49,291 [INFO] community_leiden: Detecting communities using Leiden algorithm...
2026-09-26 18:41:49,298 [INFO] community_leiden: Detected 5 communities using Leiden
2026-09-26 18:41:49,436 [INFO] community_detection: Enhanced 1982 flows with community features
2026-09-26 18:41:50,306 [INFO] federated_learning: Generating embeddings for 115 nodes, 1982 edges
2026-09-26 18:41:50,410 [INFO] federated_learning: Generated 1657 flow embeddings
2026-09-26 18:41:50,411 [INFO] federated_learning:     -> [94.2%] Step 212/225 | Running Client 2/5 for temporal detector...
2026-09-26 18:41:50,416 [INFO] federated_learning: Loaded 1982 records for client 2
2026-09-26 18:41:50,436 [INFO] feature_engineering: Engineered 803 new features for temporal detection
2026-09-26 18:41:50,436 [INFO] feature_engineering: Calculating centrality features dynamically (Ignoring any dataset pre-computations)...
2026-09-26 18:41:50,441 [INFO] feature_engineering: Calculating Degree Centrality for 106 nodes...
2026-09-26 18:41:50,441 [INFO] feature_engineering: Calculating PageRank...
2026-09-26 18:41:50,446 [INFO] feature_engineering: Calculating K-Core...
2026-09-26 18:41:50,446 [INFO] feature_engineering: Calculating Eigenvector Centrality...
2026-09-26 18:41:50,452 [INFO] feature_engineering: Calculating Approximated Betweenness Centrality (k=50)...
2026-09-26 18:41:50,473 [INFO] feature_engineering: Dynamically calculated 10 centrality features for 1982 rows in 0.04 seconds.
2026-09-26 18:41:50,576 [INFO] community_leiden: Detecting communities using Leiden algorithm...
2026-09-26 18:41:50,582 [INFO] community_leiden: Detected 3 communities using Leiden
2026-09-26 18:41:50,693 [INFO] community_detection: Enhanced 1982 flows with community features
2026-09-26 18:41:51,517 [INFO] federated_learning: Generating embeddings for 106 nodes, 1982 edges
2026-09-26 18:41:51,623 [INFO] federated_learning: Generated 1656 flow embeddings
2026-09-26 18:41:51,623 [INFO] federated_learning:     -> [94.7%] Step 213/225 | Running Client 3/5 for temporal detector...
2026-09-26 18:41:51,629 [INFO] federated_learning: Loaded 1982 records for client 3
2026-09-26 18:41:51,645 [INFO] feature_engineering: Engineered 814 new features for temporal detection
2026-09-26 18:41:51,645 [INFO] feature_engineering: Calculating centrality features dynamically (Ignoring any dataset pre-computations)...
2026-09-26 18:41:51,648 [INFO] feature_engineering: Calculating Degree Centrality for 94 nodes...
2026-09-26 18:41:51,649 [INFO] feature_engineering: Calculating PageRank...
2026-09-26 18:41:51,654 [INFO] feature_engineering: Calculating K-Core...
2026-09-26 18:41:51,655 [INFO] feature_engineering: Calculating Eigenvector Centrality...
2026-09-26 18:41:51,660 [INFO] feature_engineering: Calculating Approximated Betweenness Centrality (k=50)...
2026-09-26 18:41:51,680 [INFO] feature_engineering: Dynamically calculated 10 centrality features for 1982 rows in 0.03 seconds.
2026-09-26 18:41:51,781 [INFO] community_leiden: Detecting communities using Leiden algorithm...
2026-09-26 18:41:51,787 [INFO] community_leiden: Detected 5 communities using Leiden
2026-09-26 18:41:51,880 [INFO] community_detection: Enhanced 1982 flows with community features
2026-09-26 18:41:52,680 [INFO] federated_learning: Generating embeddings for 94 nodes, 1982 edges
2026-09-26 18:41:52,784 [INFO] federated_learning: Generated 1662 flow embeddings
2026-09-26 18:41:52,785 [INFO] federated_learning:     -> [95.1%] Step 214/225 | Running Client 4/5 for temporal detector...
2026-09-26 18:41:52,790 [INFO] federated_learning: Loaded 1981 records for client 4
2026-09-26 18:41:52,810 [INFO] feature_engineering: Engineered 825 new features for temporal detection
2026-09-26 18:41:52,811 [INFO] feature_engineering: Calculating centrality features dynamically (Ignoring any dataset pre-computations)...
2026-09-26 18:41:52,814 [INFO] feature_engineering: Calculating Degree Centrality for 116 nodes...
2026-09-26 18:41:52,814 [INFO] feature_engineering: Calculating PageRank...
2026-09-26 18:41:52,819 [INFO] feature_engineering: Calculating K-Core...
2026-09-26 18:41:52,820 [INFO] feature_engineering: Calculating Eigenvector Centrality...
2026-09-26 18:41:52,826 [INFO] feature_engineering: Calculating Approximated Betweenness Centrality (k=50)...
2026-09-26 18:41:52,847 [INFO] feature_engineering: Dynamically calculated 10 centrality features for 1981 rows in 0.04 seconds.
2026-09-26 18:41:52,951 [INFO] community_leiden: Detecting communities using Leiden algorithm...
2026-09-26 18:41:52,958 [INFO] community_leiden: Detected 3 communities using Leiden
2026-09-26 18:41:53,086 [INFO] community_detection: Enhanced 1981 flows with community features
2026-09-26 18:41:53,922 [INFO] federated_learning: Generating embeddings for 116 nodes, 1981 edges
2026-09-26 18:41:54,028 [INFO] federated_learning: Generated 1643 flow embeddings
2026-09-26 18:41:54,028 [INFO] federated_learning:     -> [95.6%] Step 215/225 | Running Client 5/5 for temporal detector...
2026-09-26 18:41:54,034 [INFO] federated_learning: Loaded 1981 records for client 5
2026-09-26 18:41:54,050 [INFO] feature_engineering: Engineered 836 new features for temporal detection
2026-09-26 18:41:54,050 [INFO] feature_engineering: Calculating centrality features dynamically (Ignoring any dataset pre-computations)...
2026-09-26 18:41:54,055 [INFO] feature_engineering: Calculating Degree Centrality for 106 nodes...
2026-09-26 18:41:54,055 [INFO] feature_engineering: Calculating PageRank...
2026-09-26 18:41:54,059 [INFO] feature_engineering: Calculating K-Core...
2026-09-26 18:41:54,061 [INFO] feature_engineering: Calculating Eigenvector Centrality...
2026-09-26 18:41:54,067 [INFO] feature_engineering: Calculating Approximated Betweenness Centrality (k=50)...
2026-09-26 18:41:54,088 [INFO] feature_engineering: Dynamically calculated 10 centrality features for 1981 rows in 0.04 seconds.
2026-09-26 18:41:54,189 [INFO] community_leiden: Detecting communities using Leiden algorithm...
2026-09-26 18:41:54,196 [INFO] community_leiden: Detected 3 communities using Leiden
2026-09-26 18:41:54,310 [INFO] community_detection: Enhanced 1981 flows with community features
2026-09-26 18:41:55,171 [INFO] federated_learning: Generating embeddings for 106 nodes, 1981 edges
2026-09-26 18:41:55,273 [INFO] federated_learning: Generated 1635 flow embeddings
2026-09-26 18:42:20,060 [INFO] federated_learning:   -> Processing Content Detector...
2026-09-26 18:42:20,060 [INFO] federated_learning:     -> [96.0%] Step 216/225 | Running Client 1/5 for content detector...
2026-09-26 18:42:20,069 [INFO] federated_learning: Loaded 1982 records for client 1
2026-09-26 18:42:20,081 [INFO] feature_engineering: Engineered 639 new features for content detection
2026-09-26 18:42:20,081 [INFO] feature_engineering: Calculating centrality features dynamically (Ignoring any dataset pre-computations)...
2026-09-26 18:42:20,085 [INFO] feature_engineering: Calculating Degree Centrality for 115 nodes...
2026-09-26 18:42:20,085 [INFO] feature_engineering: Calculating PageRank...
2026-09-26 18:42:20,090 [INFO] feature_engineering: Calculating K-Core...
2026-09-26 18:42:20,090 [INFO] feature_engineering: Calculating Eigenvector Centrality...
2026-09-26 18:42:20,098 [INFO] feature_engineering: Calculating Approximated Betweenness Centrality (k=50)...
2026-09-26 18:42:20,120 [INFO] feature_engineering: Dynamically calculated 10 centrality features for 1982 rows in 0.04 seconds.
2026-09-26 18:42:20,218 [INFO] community_leiden: Detecting communities using Leiden algorithm...
2026-09-26 18:42:20,225 [INFO] community_leiden: Detected 5 communities using Leiden
2026-09-26 18:42:20,364 [INFO] community_detection: Enhanced 1982 flows with community features
2026-09-26 18:42:21,451 [INFO] federated_learning: Generating embeddings for 115 nodes, 1982 edges
2026-09-26 18:42:21,579 [INFO] federated_learning: Generated 1657 flow embeddings
2026-09-26 18:42:21,580 [INFO] federated_learning:     -> [96.4%] Step 217/225 | Running Client 2/5 for content detector...
2026-09-26 18:42:21,585 [INFO] federated_learning: Loaded 1982 records for client 2
2026-09-26 18:42:21,597 [INFO] feature_engineering: Engineered 648 new features for content detection
2026-09-26 18:42:21,597 [INFO] feature_engineering: Calculating centrality features dynamically (Ignoring any dataset pre-computations)...
2026-09-26 18:42:21,600 [INFO] feature_engineering: Calculating Degree Centrality for 106 nodes...
2026-09-26 18:42:21,601 [INFO] feature_engineering: Calculating PageRank...
2026-09-26 18:42:21,605 [INFO] feature_engineering: Calculating K-Core...
2026-09-26 18:42:21,606 [INFO] feature_engineering: Calculating Eigenvector Centrality...
2026-09-26 18:42:21,612 [INFO] feature_engineering: Calculating Approximated Betweenness Centrality (k=50)...
2026-09-26 18:42:21,633 [INFO] feature_engineering: Dynamically calculated 10 centrality features for 1982 rows in 0.04 seconds.
2026-09-26 18:42:21,733 [INFO] community_leiden: Detecting communities using Leiden algorithm...
2026-09-26 18:42:21,739 [INFO] community_leiden: Detected 3 communities using Leiden
2026-09-26 18:42:21,851 [INFO] community_detection: Enhanced 1982 flows with community features
2026-09-26 18:42:22,950 [INFO] federated_learning: Generating embeddings for 106 nodes, 1982 edges
2026-09-26 18:42:23,079 [INFO] federated_learning: Generated 1656 flow embeddings
2026-09-26 18:42:23,079 [INFO] federated_learning:     -> [96.9%] Step 218/225 | Running Client 3/5 for content detector...
2026-09-26 18:42:23,084 [INFO] federated_learning: Loaded 1982 records for client 3
2026-09-26 18:42:23,096 [INFO] feature_engineering: Engineered 657 new features for content detection
2026-09-26 18:42:23,096 [INFO] feature_engineering: Calculating centrality features dynamically (Ignoring any dataset pre-computations)...
2026-09-26 18:42:23,099 [INFO] feature_engineering: Calculating Degree Centrality for 94 nodes...
2026-09-26 18:42:23,100 [INFO] feature_engineering: Calculating PageRank...
2026-09-26 18:42:23,104 [INFO] feature_engineering: Calculating K-Core...
2026-09-26 18:42:23,105 [INFO] feature_engineering: Calculating Eigenvector Centrality...
2026-09-26 18:42:23,110 [INFO] feature_engineering: Calculating Approximated Betweenness Centrality (k=50)...
2026-09-26 18:42:23,128 [INFO] feature_engineering: Dynamically calculated 10 centrality features for 1982 rows in 0.03 seconds.
2026-09-26 18:42:23,232 [INFO] community_leiden: Detecting communities using Leiden algorithm...
2026-09-26 18:42:23,238 [INFO] community_leiden: Detected 5 communities using Leiden
2026-09-26 18:42:23,332 [INFO] community_detection: Enhanced 1982 flows with community features
2026-09-26 18:42:24,379 [INFO] federated_learning: Generating embeddings for 94 nodes, 1982 edges
2026-09-26 18:42:24,506 [INFO] federated_learning: Generated 1662 flow embeddings
2026-09-26 18:42:24,506 [INFO] federated_learning:     -> [97.3%] Step 219/225 | Running Client 4/5 for content detector...
2026-09-26 18:42:24,512 [INFO] federated_learning: Loaded 1981 records for client 4
2026-09-26 18:42:24,525 [INFO] feature_engineering: Engineered 666 new features for content detection
2026-09-26 18:42:24,526 [INFO] feature_engineering: Calculating centrality features dynamically (Ignoring any dataset pre-computations)...
2026-09-26 18:42:24,529 [INFO] feature_engineering: Calculating Degree Centrality for 116 nodes...
2026-09-26 18:42:24,529 [INFO] feature_engineering: Calculating PageRank...
2026-09-26 18:42:24,536 [INFO] feature_engineering: Calculating K-Core...
2026-09-26 18:42:24,537 [INFO] feature_engineering: Calculating Eigenvector Centrality...
2026-09-26 18:42:24,543 [INFO] feature_engineering: Calculating Approximated Betweenness Centrality (k=50)...
2026-09-26 18:42:24,566 [INFO] feature_engineering: Dynamically calculated 10 centrality features for 1981 rows in 0.04 seconds.
2026-09-26 18:42:24,669 [INFO] community_leiden: Detecting communities using Leiden algorithm...
2026-09-26 18:42:24,676 [INFO] community_leiden: Detected 4 communities using Leiden
2026-09-26 18:42:24,807 [INFO] community_detection: Enhanced 1981 flows with community features
2026-09-26 18:42:25,907 [INFO] federated_learning: Generating embeddings for 116 nodes, 1981 edges
2026-09-26 18:42:26,039 [INFO] federated_learning: Generated 1643 flow embeddings
2026-09-26 18:42:26,039 [INFO] federated_learning:     -> [97.8%] Step 220/225 | Running Client 5/5 for content detector...
2026-09-26 18:42:26,045 [INFO] federated_learning: Loaded 1981 records for client 5
2026-09-26 18:42:26,059 [INFO] feature_engineering: Engineered 675 new features for content detection
2026-09-26 18:42:26,059 [INFO] feature_engineering: Calculating centrality features dynamically (Ignoring any dataset pre-computations)...
2026-09-26 18:42:26,062 [INFO] feature_engineering: Calculating Degree Centrality for 106 nodes...
2026-09-26 18:42:26,063 [INFO] feature_engineering: Calculating PageRank...
2026-09-26 18:42:26,067 [INFO] feature_engineering: Calculating K-Core...
2026-09-26 18:42:26,068 [INFO] feature_engineering: Calculating Eigenvector Centrality...
2026-09-26 18:42:26,074 [INFO] feature_engineering: Calculating Approximated Betweenness Centrality (k=50)...
2026-09-26 18:42:26,094 [INFO] feature_engineering: Dynamically calculated 10 centrality features for 1981 rows in 0.03 seconds.
2026-09-26 18:42:26,195 [INFO] community_leiden: Detecting communities using Leiden algorithm...
2026-09-26 18:42:26,202 [INFO] community_leiden: Detected 3 communities using Leiden
2026-09-26 18:42:26,319 [INFO] community_detection: Enhanced 1981 flows with community features
2026-09-26 18:42:27,399 [INFO] federated_learning: Generating embeddings for 106 nodes, 1981 edges
2026-09-26 18:42:27,528 [INFO] federated_learning: Generated 1635 flow embeddings
2026-09-26 18:42:52,246 [INFO] federated_learning:   -> Processing Behavioral Detector...
2026-09-26 18:42:52,246 [INFO] federated_learning:     -> [98.2%] Step 221/225 | Running Client 1/5 for behavioral detector...
2026-09-26 18:42:52,252 [INFO] federated_learning: Loaded 1982 records for client 1
2026-09-26 18:42:52,285 [INFO] feature_engineering: Engineered 710 new features for behavioral detection
2026-09-26 18:42:52,285 [INFO] feature_engineering: Calculating centrality features dynamically (Ignoring any dataset pre-computations)...
2026-09-26 18:42:52,288 [INFO] feature_engineering: Calculating Degree Centrality for 115 nodes...
2026-09-26 18:42:52,289 [INFO] feature_engineering: Calculating PageRank...
2026-09-26 18:42:52,294 [INFO] feature_engineering: Calculating K-Core...
2026-09-26 18:42:52,295 [INFO] feature_engineering: Calculating Eigenvector Centrality...
2026-09-26 18:42:52,303 [INFO] feature_engineering: Calculating Approximated Betweenness Centrality (k=50)...
2026-09-26 18:42:52,323 [INFO] feature_engineering: Dynamically calculated 10 centrality features for 1982 rows in 0.04 seconds.
2026-09-26 18:42:52,424 [INFO] community_leiden: Detecting communities using Leiden algorithm...
2026-09-26 18:42:52,431 [INFO] community_leiden: Detected 5 communities using Leiden
2026-09-26 18:42:52,564 [INFO] community_detection: Enhanced 1982 flows with community features
2026-09-26 18:42:53,403 [INFO] federated_learning: Generating embeddings for 115 nodes, 1982 edges
2026-09-26 18:42:53,508 [INFO] federated_learning: Generated 1657 flow embeddings
2026-09-26 18:42:53,509 [INFO] federated_learning:     -> [98.7%] Step 222/225 | Running Client 2/5 for behavioral detector...
2026-09-26 18:42:53,514 [INFO] federated_learning: Loaded 1982 records for client 2
2026-09-26 18:42:53,553 [INFO] feature_engineering: Engineered 720 new features for behavioral detection
2026-09-26 18:42:53,553 [INFO] feature_engineering: Calculating centrality features dynamically (Ignoring any dataset pre-computations)...
2026-09-26 18:42:53,556 [INFO] feature_engineering: Calculating Degree Centrality for 106 nodes...
2026-09-26 18:42:53,557 [INFO] feature_engineering: Calculating PageRank...
2026-09-26 18:42:53,562 [INFO] feature_engineering: Calculating K-Core...
2026-09-26 18:42:53,562 [INFO] feature_engineering: Calculating Eigenvector Centrality...
2026-09-26 18:42:53,568 [INFO] feature_engineering: Calculating Approximated Betweenness Centrality (k=50)...
2026-09-26 18:42:53,589 [INFO] feature_engineering: Dynamically calculated 10 centrality features for 1982 rows in 0.04 seconds.
2026-09-26 18:42:53,690 [INFO] community_leiden: Detecting communities using Leiden algorithm...
2026-09-26 18:42:53,697 [INFO] community_leiden: Detected 3 communities using Leiden
2026-09-26 18:42:53,813 [INFO] community_detection: Enhanced 1982 flows with community features
2026-09-26 18:42:54,643 [INFO] federated_learning: Generating embeddings for 106 nodes, 1982 edges
2026-09-26 18:42:54,754 [INFO] federated_learning: Generated 1656 flow embeddings
2026-09-26 18:42:54,754 [INFO] federated_learning:     -> [99.1%] Step 223/225 | Running Client 3/5 for behavioral detector...
2026-09-26 18:42:54,760 [INFO] federated_learning: Loaded 1982 records for client 3
2026-09-26 18:42:54,798 [INFO] feature_engineering: Engineered 730 new features for behavioral detection
2026-09-26 18:42:54,798 [INFO] feature_engineering: Calculating centrality features dynamically (Ignoring any dataset pre-computations)...
2026-09-26 18:42:54,802 [INFO] feature_engineering: Calculating Degree Centrality for 94 nodes...
2026-09-26 18:42:54,802 [INFO] feature_engineering: Calculating PageRank...
2026-09-26 18:42:54,807 [INFO] feature_engineering: Calculating K-Core...
2026-09-26 18:42:54,807 [INFO] feature_engineering: Calculating Eigenvector Centrality...
2026-09-26 18:42:54,812 [INFO] feature_engineering: Calculating Approximated Betweenness Centrality (k=50)...
2026-09-26 18:42:54,831 [INFO] feature_engineering: Dynamically calculated 10 centrality features for 1982 rows in 0.03 seconds.
2026-09-26 18:42:54,946 [INFO] community_leiden: Detecting communities using Leiden algorithm...
2026-09-26 18:42:54,955 [INFO] community_leiden: Detected 5 communities using Leiden
2026-09-26 18:42:55,063 [INFO] community_detection: Enhanced 1982 flows with community features
2026-09-26 18:42:55,874 [INFO] federated_learning: Generating embeddings for 94 nodes, 1982 edges
2026-09-26 18:42:55,980 [INFO] federated_learning: Generated 1662 flow embeddings
2026-09-26 18:42:55,980 [INFO] federated_learning:     -> [99.6%] Step 224/225 | Running Client 4/5 for behavioral detector...
2026-09-26 18:42:55,986 [INFO] federated_learning: Loaded 1981 records for client 4
2026-09-26 18:42:56,027 [INFO] feature_engineering: Engineered 740 new features for behavioral detection
2026-09-26 18:42:56,027 [INFO] feature_engineering: Calculating centrality features dynamically (Ignoring any dataset pre-computations)...
2026-09-26 18:42:56,031 [INFO] feature_engineering: Calculating Degree Centrality for 116 nodes...
2026-09-26 18:42:56,031 [INFO] feature_engineering: Calculating PageRank...
2026-09-26 18:42:56,036 [INFO] feature_engineering: Calculating K-Core...
2026-09-26 18:42:56,037 [INFO] feature_engineering: Calculating Eigenvector Centrality...
2026-09-26 18:42:56,043 [INFO] feature_engineering: Calculating Approximated Betweenness Centrality (k=50)...
2026-09-26 18:42:56,067 [INFO] feature_engineering: Dynamically calculated 10 centrality features for 1981 rows in 0.04 seconds.
2026-09-26 18:42:56,172 [INFO] community_leiden: Detecting communities using Leiden algorithm...
2026-09-26 18:42:56,179 [INFO] community_leiden: Detected 4 communities using Leiden
2026-09-26 18:42:56,310 [INFO] community_detection: Enhanced 1981 flows with community features
2026-09-26 18:42:57,157 [INFO] federated_learning: Generating embeddings for 116 nodes, 1981 edges
2026-09-26 18:42:57,263 [INFO] federated_learning: Generated 1643 flow embeddings
2026-09-26 18:42:57,263 [INFO] federated_learning:     -> [100.0%] Step 225/225 | Running Client 5/5 for behavioral detector...
2026-09-26 18:42:57,269 [INFO] federated_learning: Loaded 1981 records for client 5
2026-09-26 18:42:57,311 [INFO] feature_engineering: Engineered 750 new features for behavioral detection
2026-09-26 18:42:57,311 [INFO] feature_engineering: Calculating centrality features dynamically (Ignoring any dataset pre-computations)...
2026-09-26 18:42:57,314 [INFO] feature_engineering: Calculating Degree Centrality for 106 nodes...
2026-09-26 18:42:57,315 [INFO] feature_engineering: Calculating PageRank...
2026-09-26 18:42:57,319 [INFO] feature_engineering: Calculating K-Core...
2026-09-26 18:42:57,320 [INFO] feature_engineering: Calculating Eigenvector Centrality...
2026-09-26 18:42:57,326 [INFO] feature_engineering: Calculating Approximated Betweenness Centrality (k=50)...
2026-09-26 18:42:57,346 [INFO] feature_engineering: Dynamically calculated 10 centrality features for 1981 rows in 0.03 seconds.
2026-09-26 18:42:57,448 [INFO] community_leiden: Detecting communities using Leiden algorithm...
2026-09-26 18:42:57,455 [INFO] community_leiden: Detected 3 communities using Leiden
2026-09-26 18:42:57,566 [INFO] community_detection: Enhanced 1981 flows with community features
2026-09-26 18:42:58,387 [INFO] federated_learning: Generating embeddings for 106 nodes, 1981 edges
2026-09-26 18:42:58,492 [INFO] federated_learning: Generated 1635 flow embeddings
2026-09-26 18:43:23,124 [INFO] utils: Round 15 metrics logged
2026-09-26 18:43:23,125 [INFO] federated_learning: Round 15 completed in 93.99s, loss: 0.1427
2026-09-26 18:43:23,126 [INFO] federated_learning: Federated training completed
2026-09-26 18:43:23,126 [INFO] __main__: Saving trained models to disk...
2026-09-26 18:43:23,133 [INFO] __main__: Saved temporal model to results_nftoniot_fhf/temporal_model.pt
2026-09-26 18:43:23,141 [INFO] __main__: Saved content model to results_nftoniot_fhf/content_model.pt
2026-09-26 18:43:23,147 [INFO] __main__: Saved behavioral model to results_nftoniot_fhf/behavioral_model.pt
2026-09-26 18:43:23,147 [INFO] __main__: Evaluating trained federated system
2026-09-26 18:43:23,165 [INFO] feature_engineering: Engineered 847 new features for temporal detection
2026-09-26 18:43:23,166 [INFO] feature_engineering: Calculating centrality features dynamically (Ignoring any dataset pre-computations)...
2026-09-26 18:43:23,168 [INFO] feature_engineering: Calculating Degree Centrality for 91 nodes...
2026-09-26 18:43:23,169 [INFO] feature_engineering: Calculating PageRank...
2026-09-26 18:43:23,173 [INFO] feature_engineering: Calculating K-Core...
2026-09-26 18:43:23,174 [INFO] feature_engineering: Calculating Eigenvector Centrality...
2026-09-26 18:43:23,178 [INFO] feature_engineering: Calculating Approximated Betweenness Centrality (k=50)...
2026-09-26 18:43:23,196 [INFO] feature_engineering: Dynamically calculated 10 centrality features for 1239 rows in 0.03 seconds.
2026-09-26 18:43:23,261 [INFO] community_leiden: Detecting communities using Leiden algorithm...
2026-09-26 18:43:23,267 [INFO] community_leiden: Detected 5 communities using Leiden
2026-09-26 18:43:23,351 [INFO] community_detection: Enhanced 1239 flows with community features
2026-09-26 18:43:23,716 [INFO] ensemble_evaluator: ============================================================
2026-09-26 18:43:23,716 [INFO] ensemble_evaluator: Starting Random Forest Ensemble Evaluation
2026-09-26 18:43:23,716 [INFO] ensemble_evaluator: ============================================================
2026-09-26 18:43:23,716 [INFO] ensemble_evaluator: [STEP 1/5] Loading and processing val.csv: data_nftoniot_fhf/temporal_detector/val.csv
2026-09-26 18:43:23,734 [INFO] feature_engineering: Engineered 858 new features for temporal detection
2026-09-26 18:43:23,734 [INFO] feature_engineering: Calculating centrality features dynamically (Ignoring any dataset pre-computations)...
2026-09-26 18:43:23,739 [INFO] feature_engineering: Calculating Degree Centrality for 92 nodes...
2026-09-26 18:43:23,739 [INFO] feature_engineering: Calculating PageRank...
2026-09-26 18:43:23,744 [INFO] feature_engineering: Calculating K-Core...
2026-09-26 18:43:23,744 [INFO] feature_engineering: Calculating Eigenvector Centrality...
2026-09-26 18:43:23,749 [INFO] feature_engineering: Calculating Approximated Betweenness Centrality (k=50)...
2026-09-26 18:43:23,767 [INFO] feature_engineering: Dynamically calculated 10 centrality features for 1238 rows in 0.03 seconds.
2026-09-26 18:43:23,840 [INFO] community_leiden: Detecting communities using Leiden algorithm...
2026-09-26 18:43:23,846 [INFO] community_leiden: Detected 5 communities using Leiden
2026-09-26 18:43:23,939 [INFO] community_detection: Enhanced 1238 flows with community features
2026-09-26 18:43:24,175 [INFO] ensemble_evaluator: [STEP 2/5] Running all 3 GATs on validation data to build RF training set
2026-09-26 18:43:24,243 [INFO] ensemble_evaluator: [STEP 3/5] Loading and processing test.csv: data_nftoniot_fhf/temporal_detector/test.csv
2026-09-26 18:43:24,261 [INFO] feature_engineering: Engineered 869 new features for temporal detection
2026-09-26 18:43:24,261 [INFO] feature_engineering: Calculating centrality features dynamically (Ignoring any dataset pre-computations)...
2026-09-26 18:43:24,264 [INFO] feature_engineering: Calculating Degree Centrality for 91 nodes...
2026-09-26 18:43:24,264 [INFO] feature_engineering: Calculating PageRank...
2026-09-26 18:43:24,269 [INFO] feature_engineering: Calculating K-Core...
2026-09-26 18:43:24,269 [INFO] feature_engineering: Calculating Eigenvector Centrality...
2026-09-26 18:43:24,274 [INFO] feature_engineering: Calculating Approximated Betweenness Centrality (k=50)...
2026-09-26 18:43:24,293 [INFO] feature_engineering: Dynamically calculated 10 centrality features for 1239 rows in 0.03 seconds.
2026-09-26 18:43:24,358 [INFO] community_leiden: Detecting communities using Leiden algorithm...
2026-09-26 18:43:24,364 [INFO] community_leiden: Detected 5 communities using Leiden
2026-09-26 18:43:24,447 [INFO] community_detection: Enhanced 1239 flows with community features
2026-09-26 18:43:24,679 [INFO] ensemble_evaluator: [STEP 4/5] Running all 3 GATs on test data to build RF evaluation set
2026-09-26 18:43:24,748 [INFO] ensemble_evaluator: [STEP 5/5] Evaluating individual GATs and training + evaluating the Random Forest
2026-09-26 18:43:24,748 [INFO] ensemble_evaluator: --- Individual GAT Performance (on test set) ---
2026-09-26 18:43:24,753 [INFO] ensemble_evaluator: Temporal GAT — Balanced Acc: 0.5372 | Acc: 0.5133 | Macro F1: 0.4550
2026-09-26 18:43:25,586 [INFO] utils: Confusion matrix saved to results_nftoniot_fhf/temporal_confusion_matrix.png
2026-09-26 18:43:25,588 [INFO] ensemble_evaluator: Temporal confusion matrix saved: PNG + CSV
2026-09-26 18:43:25,592 [INFO] ensemble_evaluator: Content GAT — Balanced Acc: 0.6233 | Acc: 0.5488 | Macro F1: 0.5008
2026-09-26 18:43:26,393 [INFO] utils: Confusion matrix saved to results_nftoniot_fhf/content_confusion_matrix.png
2026-09-26 18:43:26,395 [INFO] ensemble_evaluator: Content confusion matrix saved: PNG + CSV
2026-09-26 18:43:26,399 [INFO] ensemble_evaluator: Behavioral GAT — Balanced Acc: 0.6450 | Acc: 0.5738 | Macro F1: 0.5284
2026-09-26 18:43:27,213 [INFO] utils: Confusion matrix saved to results_nftoniot_fhf/behavioral_confusion_matrix.png
2026-09-26 18:43:27,214 [INFO] ensemble_evaluator: Behavioral confusion matrix saved: PNG + CSV
2026-09-26 18:43:27,214 [INFO] ensemble_evaluator: --- Training Random Forest on 1238 validation meta-features ---
2026-09-26 18:43:27,531 [INFO] ensemble_evaluator: --- Evaluating Random Forest on 1239 test meta-features ---
2026-09-26 18:43:27,553 [INFO] ensemble_evaluator: Ensemble (RF) Result — Balanced Acc: 0.5160 | Acc: 0.6158 | Macro F1: 0.4737
2026-09-26 18:43:28,362 [INFO] utils: Confusion matrix saved to results_nftoniot_fhf/confusion_matrix.png
2026-09-26 18:43:28,363 [INFO] ensemble_evaluator: Ensemble confusion matrix saved: PNG + CSV
2026-09-26 18:43:28,398 [INFO] ensemble_evaluator: Random Forest model saved to results_nftoniot_fhf/rf_model.joblib
2026-09-26 18:43:28,403 [INFO] utils: Round 15 metrics logged
2026-09-26 18:43:28,404 [INFO] utils: Results saved to results_nftoniot_fhf/result.json
2026-09-26 18:43:30,654 [INFO] __main__: Creating visualization plots
2026-09-26 18:43:31,395 [INFO] utils: Training progress plot saved to results_nftoniot_fhf/training_progress.png
2026-09-26 18:43:31,395 [INFO] __main__: Experiment completed successfully!
